{"type":"FeatureCollection","features":[{"type":"Feature","properties":{"iso3":"IDN","name":"Indonesia"},"geometry":{"type":"MultiPolygon","coordinates":[[[[117.704,4.163],[117.704,4.163],[117.738,4.157],[117.704,4.163]]],[[[125.162,-9.061],[125.151,-9.185],[124.958,-9.212],[125.062,-9.486],[124.98,-9.649],[124.499,-10.112],[123.799,-10.375],[123.469,-10.356],[123.765,-10.075],[123.577,-10.034],[123.677,-9.63],[123.991,-9.348],[124.293,-9.493],[124.451,-9.18],[124.92,-8.962],[124.933,-9.074],[125.162,-9.061]]],[[[119.012,0.976],[118.798,0.805],[118.384,0.805],[117.894,1.113],[118.033,0.8],[117.743,0.741],[117.47,0.109],[117.441,-0.525],[117.63,-0.419],[117.483,-0.7],[117.623,-0.782],[117.339,-0.901],[117.282,-0.809],[116.958,-1.24],[116.82,-1.261],[116.743,-1.025],[116.762,-1.365],[116.222,-1.79],[116.425,-1.766],[116.467,-1.907],[116.283,-2.169],[116.605,-2.194],[116.518,-2.554],[116.304,-2.526],[116.393,-2.574],[116.288,-2.987],[116.133,-2.834],[116.106,-2.998],[116.265,-3.137],[115.968,-3.609],[114.664,-4.184],[114.55,-3.348],[114.477,-3.501],[114.264,-3.398],[114.365,-3.212],[114.187,-3.382],[114.118,-3.19],[114.042,-3.356],[113.632,-3.457],[113.612,-3.174],[113.366,-3.253],[113.303,-3.163],[113.351,-3.272],[113.035,-2.923],[112.941,-3.106],[113.021,-3.163],[112.638,-3.417],[112.203,-3.33],[111.905,-3.572],[111.809,-3.533],[111.754,-2.739],[111.57,-3.016],[111.363,-2.923],[110.986,-3.087],[110.754,-3.026],[110.956,-2.879],[110.662,-3.081],[110.549,-2.868],[110.263,-3.003],[110.157,-2.621],[110.281,-2.518],[110.16,-2.436],[110.093,-1.95],[109.904,-1.826],[110.061,-1.346],[109.764,-0.871],[109.677,-0.984],[109.273,-0.854],[109.263,-0.667],[109.51,-0.725],[109.123,-0.5],[109.051,-0.229],[109.225,-0.237],[109.157,0.02],[109.3,0.01],[108.929,0.315],[108.855,0.832],[108.981,0.956],[108.933,1.178],[109.266,1.395],[108.986,1.216],[109.073,1.534],[109.341,1.936],[109.645,2.083],[109.528,1.89],[109.658,1.597],[110.506,0.857],[111.198,1.075],[111.503,0.958],[111.823,1.008],[112.093,1.143],[112.162,1.435],[112.47,1.568],[112.973,1.57],[112.958,1.416],[113.625,1.228],[113.91,1.442],[114.546,1.435],[114.68,1.841],[114.832,1.903],[114.779,2.247],[115.206,2.51],[115.056,2.609],[115.069,2.833],[115.242,3.042],[115.464,3.031],[115.601,3.43],[115.539,3.921],[115.856,4.391],[116.021,4.271],[116.126,4.379],[116.411,4.289],[116.522,4.397],[117.203,4.356],[117.567,4.16],[117.373,4.17],[117.826,3.704],[117.629,3.632],[117.469,3.792],[117.51,3.607],[117.031,3.594],[117.199,3.616],[117.447,3.435],[117.27,3.234],[117.617,3.086],[117.565,2.984],[117.685,2.963],[117.544,2.922],[117.736,2.902],[117.62,2.826],[118.082,2.337],[117.826,2.107],[117.9,2.05],[117.75,2.031],[119.012,0.976]]],[[[140.978,-8.611],[140.977,-9.106],[139.988,-8.192],[140.152,-7.885],[139.974,-8.097],[139.395,-8.201],[139.255,-8.146],[139.217,-7.951],[139.224,-8.074],[138.914,-8.292],[138.843,-8.117],[139.093,-7.56],[138.667,-7.198],[139.157,-7.243],[139.24,-7.151],[139.038,-7.212],[138.572,-6.942],[138.931,-6.843],[139.192,-6.973],[138.7,-6.728],[138.682,-6.645],[138.829,-6.706],[138.466,-6.402],[138.262,-5.915],[138.404,-5.836],[138.158,-5.774],[138.363,-5.679],[138.083,-5.738],[138.071,-5.41],[137.999,-5.479],[137.279,-4.937],[136.822,-4.928],[135.95,-4.506],[135.186,-4.449],[134.648,-4.119],[134.688,-3.947],[134.968,-3.937],[134.676,-3.908],[134.525,-4.026],[134.334,-3.869],[134.315,-4.02],[134.127,-3.745],[133.971,-3.85],[133.838,-3.59],[133.829,-3.722],[133.703,-3.673],[133.641,-3.484],[133.691,-3.216],[133.929,-3.115],[133.861,-2.923],[133.668,-3.122],[133.628,-3.416],[133.514,-3.378],[133.592,-3.545],[133.409,-3.722],[133.453,-3.865],[133.251,-4.067],[132.908,-4.088],[132.731,-3.682],[132.932,-3.554],[132.812,-3.282],[132.671,-3.329],[132.326,-2.947],[131.976,-2.93],[132.044,-2.803],[131.958,-2.788],[132.312,-2.676],[132.728,-2.813],[133.24,-2.417],[133.381,-2.676],[133.446,-2.495],[133.45,-2.642],[133.473,-2.522],[133.634,-2.539],[133.682,-2.717],[133.713,-2.512],[133.817,-2.649],[133.747,-2.438],[134.005,-2.388],[133.867,-2.341],[133.95,-2.204],[133.792,-2.26],[133.94,-2.108],[133.646,-2.236],[132.306,-2.266],[131.942,-1.895],[132.024,-1.676],[131.887,-1.652],[131.982,-1.539],[131.805,-1.608],[131.791,-1.498],[131.437,-1.502],[131.373,-1.395],[131.206,-1.524],[130.948,-1.412],[131.236,-1.117],[131.243,-0.819],[131.876,-0.69],[132.397,-0.353],[132.975,-0.445],[133.392,-0.723],[133.977,-0.723],[134.172,-0.864],[134.036,-0.958],[134.282,-1.35],[134.087,-1.683],[134.193,-2.379],[134.464,-2.862],[134.484,-2.539],[134.638,-2.511],[134.701,-2.959],[134.851,-2.9],[134.899,-3.263],[135.341,-3.39],[135.91,-2.986],[136.381,-2.234],[137.178,-2.106],[137.124,-1.797],[137.839,-1.471],[139.781,-2.355],[140.158,-2.321],[140.745,-2.499],[140.724,-2.634],[140.974,-2.601],[140.977,-6.335],[140.849,-6.703],[140.977,-6.897],[140.978,-8.611]]],[[[113.395,-8.447],[113.406,-8.453],[113.412,-8.467],[113.395,-8.447]]],[[[123.146,-8.426],[123.17,-8.431],[123.18,-8.444],[123.146,-8.426]]],[[[128.231,-8.251],[128.238,-8.264],[128.231,-8.273],[128.231,-8.251]]],[[[129.03,-8.207],[129.036,-8.22],[129.035,-8.236],[129.03,-8.207]]],[[[127.742,-8.159],[127.761,-8.174],[127.772,-8.194],[127.742,-8.159]]],[[[117.695,-8.176],[117.534,-8.385],[117.48,-8.209],[117.695,-8.176]]],[[[127.216,-8.027],[127.226,-8.039],[127.232,-8.054],[127.216,-8.027]]],[[[131.105,-7.629],[131.119,-7.619],[131.126,-7.618],[131.105,-7.629]]],[[[130.969,-7.535],[130.977,-7.536],[130.984,-7.54],[130.969,-7.535]]],[[[131.175,-7.404],[131.178,-7.407],[131.181,-7.411],[131.175,-7.404]]],[[[131.284,-7.33],[131.293,-7.318],[131.298,-7.319],[131.284,-7.33]]],[[[120.96,-7.282],[121.02,-7.28],[121.05,-7.286],[120.96,-7.282]]],[[[120.758,-7.076],[120.773,-7.059],[120.781,-7.056],[120.758,-7.076]]],[[[138.753,-6.778],[138.759,-6.792],[138.783,-6.814],[138.753,-6.778]]],[[[131.597,-6.679],[131.619,-6.683],[131.629,-6.694],[131.597,-6.679]]],[[[134.707,-6.589],[134.72,-6.595],[134.73,-6.605],[134.707,-6.589]]],[[[134.608,-6.421],[134.542,-6.529],[134.347,-6.36],[134.446,-6.285],[134.608,-6.421]]],[[[134.841,-6.288],[134.856,-6.284],[134.872,-6.289],[134.841,-6.288]]],[[[134.423,-6.274],[134.338,-6.332],[134.115,-6.077],[134.226,-6.029],[134.423,-6.274]]],[[[105.217,-6.772],[105.364,-6.665],[105.49,-6.809],[105.644,-6.482],[105.782,-6.512],[105.867,-6.11],[106.053,-5.881],[106.159,-6.01],[106.299,-5.945],[106.793,-6.104],[107.005,-6.072],[107.044,-5.914],[107.354,-5.976],[107.678,-6.238],[107.885,-6.187],[108.094,-6.327],[108.36,-6.246],[108.605,-6.762],[108.945,-6.849],[110.178,-6.856],[110.381,-6.976],[110.572,-6.836],[110.671,-6.5],[111.011,-6.421],[111.144,-6.692],[111.493,-6.623],[112.084,-6.906],[112.583,-6.871],[112.684,-7.175],[112.604,-7.193],[112.823,-7.263],[112.761,-7.531],[113.133,-7.728],[113.323,-7.786],[114.046,-7.612],[114.389,-7.758],[114.377,-8.519],[114.626,-8.716],[113.98,-8.62],[113.241,-8.281],[112.673,-8.447],[111.792,-8.257],[111.696,-8.371],[111.017,-8.255],[108.873,-7.611],[108.454,-7.819],[107.865,-7.745],[107.411,-7.496],[106.398,-7.378],[106.511,-6.964],[105.217,-6.772]]],[[[124.065,-5.962],[124.074,-5.985],[124.071,-6.011],[124.065,-5.962]]],[[[132.813,-5.671],[132.743,-5.63],[132.785,-5.527],[132.813,-5.671]]],[[[132.319,-5.514],[132.346,-5.536],[132.361,-5.54],[132.319,-5.514]]],[[[123.777,-5.514],[123.801,-5.523],[123.808,-5.545],[123.777,-5.514]]],[[[123.54,-5.246],[123.563,-5.253],[123.596,-5.257],[123.54,-5.246]]],[[[129.927,-4.53],[129.932,-4.515],[129.941,-4.509],[129.927,-4.53]]],[[[127.235,-3.821],[127.246,-3.836],[127.253,-3.849],[127.235,-3.821]]],[[[122.321,-3.512],[122.333,-3.517],[122.344,-3.529],[122.321,-3.512]]],[[[132.703,-3.453],[132.71,-3.469],[132.715,-3.487],[132.703,-3.453]]],[[[122.44,-3.419],[122.461,-3.436],[122.465,-3.441],[122.44,-3.419]]],[[[127.615,-3.307],[127.629,-3.322],[127.642,-3.34],[127.615,-3.307]]],[[[127.772,-3.163],[127.784,-3.169],[127.788,-3.183],[127.772,-3.163]]],[[[127.954,-2.917],[127.97,-2.92],[127.985,-2.929],[127.954,-2.917]]],[[[123.877,-2.018],[123.879,-2.032],[123.888,-2.051],[123.877,-2.018]]],[[[124.349,-1.96],[124.366,-1.971],[124.372,-1.993],[124.349,-1.96]]],[[[123.657,-1.909],[123.664,-1.949],[123.664,-1.963],[123.657,-1.909]]],[[[123.738,-1.908],[123.74,-1.916],[123.746,-1.929],[123.738,-1.908]]],[[[108.677,-1.714],[108.691,-1.699],[108.723,-1.694],[108.757,-1.695],[108.778,-1.703],[108.759,-1.717],[108.725,-1.719],[108.677,-1.714]]],[[[127.371,-1.367],[127.381,-1.397],[127.379,-1.405],[127.371,-1.367]]],[[[109.17,-1.258],[109.182,-1.266],[109.177,-1.278],[109.17,-1.258]]],[[[109.255,-1.169],[109.265,-1.175],[109.265,-1.188],[109.255,-1.169]]],[[[104.48,-0.271],[104.488,-0.274],[104.494,-0.281],[104.48,-0.271]]],[[[102.839,0.291],[102.855,0.303],[102.885,0.315],[102.839,0.291]]],[[[103.08,0.624],[103.084,0.609],[103.085,0.6],[103.08,0.624]]],[[[103.506,0.702],[103.517,0.698],[103.522,0.69],[103.506,0.702]]],[[[103.113,0.793],[103.121,0.78],[103.116,0.758],[103.113,0.793]]],[[[104.565,0.798],[104.606,0.794],[104.622,0.787],[104.565,0.798]]],[[[103.668,0.84],[103.703,0.814],[103.718,0.798],[103.668,0.84]]],[[[103.462,0.919],[103.473,0.909],[103.48,0.894],[103.462,0.919]]],[[[120.649,1.072],[120.66,1.068],[120.669,1.061],[120.649,1.072]]],[[[120.378,1.08],[120.392,1.086],[120.402,1.077],[120.378,1.08]]],[[[125.249,1.485],[124.322,0.399],[123.626,0.267],[123.239,0.325],[123.074,0.516],[121.8,0.426],[121.602,0.552],[121.108,0.407],[120.503,0.529],[120.273,0.378],[120.023,-0.071],[120.089,-0.657],[120.256,-0.899],[120.5,-0.975],[120.676,-1.395],[121.105,-1.406],[121.62,-0.8],[121.926,-0.955],[122.208,-0.765],[122.929,-0.759],[122.735,-0.648],[123.061,-0.559],[123.417,-0.655],[123.352,-1.04],[123.096,-0.835],[122.839,-0.899],[122.369,-1.493],[121.861,-1.67],[121.692,-1.908],[121.296,-1.817],[121.341,-1.991],[121.402,-1.909],[121.823,-2.287],[122.016,-2.694],[122.473,-3.151],[122.198,-3.572],[122.663,-3.897],[122.551,-3.971],[122.688,-4.138],[122.873,-4.093],[122.842,-4.438],[122.67,-4.315],[122.758,-4.485],[122.599,-4.397],[122.108,-4.52],[122.077,-4.842],[121.554,-4.744],[121.48,-4.581],[121.628,-4.087],[121.256,-3.903],[120.875,-3.499],[121.067,-3.194],[121.082,-2.872],[120.984,-2.824],[121.08,-2.759],[120.799,-2.615],[120.584,-2.682],[120.203,-2.958],[120.426,-3.256],[120.352,-4.1],[120.45,-4.647],[120.264,-5.15],[120.464,-5.62],[120.323,-5.51],[119.772,-5.701],[119.57,-5.656],[119.353,-5.356],[119.647,-3.978],[119.457,-3.715],[119.486,-3.483],[119.298,-3.428],[118.927,-3.566],[118.764,-3.091],[118.886,-2.87],[118.757,-2.776],[119.136,-2.454],[119.216,-2.01],[119.347,-1.959],[119.314,-1.246],[119.525,-0.86],[119.734,-0.634],[119.847,-0.875],[119.8,-0.124],[119.628,-0.018],[119.833,-0.084],[119.785,0.239],[120.278,0.994],[120.568,0.782],[120.909,1.354],[121.265,1.23],[121.451,1.298],[121.547,1.072],[122.454,1.021],[122.849,0.818],[122.968,0.963],[123.187,0.974],[123.938,0.832],[124.389,1.186],[124.594,1.196],[124.548,1.36],[124.836,1.469],[124.984,1.732],[125.175,1.678],[125.249,1.485]]],[[[127.786,2.264],[127.801,2.265],[127.811,2.264],[127.786,2.264]]],[[[128.194,2.367],[128.192,2.355],[128.17,2.297],[128.194,2.367]]],[[[106.08,-3.212],[105.82,-3.673],[105.953,-3.869],[105.813,-4.239],[105.91,-4.943],[105.783,-5.829],[105.602,-5.81],[105.28,-5.444],[105.163,-5.786],[104.606,-5.479],[104.533,-5.56],[104.716,-5.921],[104.561,-5.928],[103.891,-5.104],[103.415,-4.869],[102.313,-3.991],[102.222,-3.643],[101.611,-3.225],[100.923,-2.333],[100.858,-1.892],[99.747,-0.03],[99.138,0.263],[98.71,1.564],[98.823,1.63],[98.774,1.749],[97.956,2.272],[97.744,2.281],[97.603,2.866],[97.405,2.943],[96.884,3.682],[96.48,3.779],[95.565,4.638],[95.199,5.293],[95.197,5.546],[95.612,5.627],[96.407,5.217],[96.973,5.273],[97.227,5.146],[97.526,5.242],[97.909,4.89],[97.997,4.546],[98.276,4.425],[98.179,4.108],[98.263,4.177],[99.751,3.18],[99.98,2.948],[100.008,2.603],[100.055,2.727],[100.126,2.53],[100.211,2.706],[100.434,2.273],[100.947,1.825],[100.8,2.209],[101.05,2.291],[101.427,1.709],[101.749,1.662],[102.118,1.387],[102.209,1.024],[102.425,0.804],[102.877,0.726],[103.084,0.516],[102.582,0.181],[102.43,0.246],[102.578,0.159],[103.362,0.536],[103.711,0.311],[103.802,-0.007],[103.577,-0.014],[103.271,-0.258],[103.489,-0.212],[103.346,-0.367],[103.598,-0.437],[103.373,-0.449],[103.346,-0.696],[103.829,-1.073],[103.956,-0.977],[104.377,-1.032],[104.497,-1.936],[104.564,-1.858],[104.589,-2.019],[104.815,-2.008],[104.883,-2.126],[104.606,-2.402],[104.71,-2.371],[104.713,-2.558],[104.531,-2.773],[104.863,-2.289],[105.609,-2.396],[105.628,-2.615],[105.778,-2.69],[105.84,-2.93],[106.028,-2.983],[106.08,-3.212]]],[[[120.84,-10.051],[120.45,-10.31],[120.156,-10.221],[119.634,-9.769],[119.097,-9.718],[118.935,-9.553],[119.169,-9.386],[119.959,-9.29],[120.84,-10.051]]],[[[115.624,-8.769],[115.468,-8.732],[115.55,-8.666],[115.624,-8.769]]],[[[119.792,-8.624],[119.698,-8.802],[119.606,-8.769],[119.634,-8.597],[119.792,-8.624]]],[[[119.587,-8.562],[119.374,-8.734],[119.415,-8.443],[119.587,-8.562]]],[[[123.35,-8.28],[123.289,-8.404],[123.02,-8.392],[123.157,-8.244],[123.35,-8.28]]],[[[116.743,-8.392],[116.5,-8.803],[116.565,-8.896],[116.019,-8.908],[115.829,-8.792],[116.088,-8.737],[116.028,-8.445],[116.286,-8.236],[116.743,-8.392]]],[[[119.086,-8.132],[119.113,-8.147],[119.132,-8.166],[119.086,-8.132]]],[[[119.204,-8.611],[119.152,-8.742],[118.702,-8.748],[118.908,-8.851],[118.414,-8.854],[118.415,-8.583],[118.158,-8.868],[117.389,-9.054],[117.01,-9.107],[116.728,-8.963],[116.838,-8.508],[117.195,-8.358],[117.434,-8.481],[117.558,-8.405],[117.592,-8.515],[117.623,-8.438],[117.805,-8.72],[118.282,-8.642],[117.712,-8.241],[117.918,-8.086],[118.15,-8.134],[118.312,-8.371],[118.463,-8.249],[118.647,-8.289],[118.667,-8.547],[118.754,-8.326],[118.973,-8.302],[119.052,-8.646],[119.204,-8.611]]],[[[123.028,-8.297],[122.804,-8.438],[122.807,-8.611],[121.646,-8.906],[121.396,-8.794],[121.341,-8.918],[120.995,-8.941],[120.833,-8.817],[120.165,-8.769],[119.907,-8.872],[119.804,-8.597],[119.867,-8.413],[120.422,-8.227],[121.502,-8.602],[121.625,-8.467],[122.019,-8.426],[122.288,-8.634],[122.881,-8.286],[122.94,-8.193],[122.74,-8.222],[122.863,-8.07],[123.028,-8.297]]],[[[115.714,-8.375],[115.135,-8.851],[115.156,-8.662],[114.605,-8.386],[114.448,-8.122],[114.858,-8.193],[115.216,-8.06],[115.714,-8.375]]],[[[109.019,-7.758],[109.024,-7.762],[109.043,-7.761],[109.019,-7.758]]],[[[115.572,-6.931],[115.214,-6.928],[115.379,-6.835],[115.572,-6.931]]],[[[112.701,-5.726],[112.715,-5.736],[112.727,-5.747],[112.701,-5.726]]],[[[102.407,-5.404],[102.284,-5.499],[102.099,-5.335],[102.407,-5.404]]],[[[115.846,-4.764],[115.847,-4.769],[115.849,-4.775],[115.846,-4.764]]],[[[116.434,-3.41],[116.386,-3.64],[116.325,-3.533],[116.434,-3.41]]],[[[116.333,-3.75],[116.091,-4.067],[116.013,-3.65],[116.268,-3.219],[116.333,-3.75]]],[[[100.508,-3.122],[100.508,-3.141],[100.515,-3.154],[100.508,-3.122]]],[[[100.478,-3.315],[100.179,-2.803],[100.468,-3.015],[100.381,-3.153],[100.478,-3.315]]],[[[100.219,-2.739],[100.016,-2.834],[99.961,-2.553],[100.219,-2.739]]],[[[99.859,-2.357],[99.528,-2.145],[99.631,-2.018],[99.859,-2.357]]],[[[108.968,-1.588],[108.858,-1.664],[108.793,-1.58],[108.968,-1.588]]],[[[109.78,-1.132],[109.417,-1.254],[109.475,-0.977],[109.723,-0.987],[109.78,-1.132]]],[[[99.294,-1.686],[99.2,-1.628],[99.255,-1.772],[99.118,-1.802],[98.885,-1.679],[98.594,-1.198],[98.658,-0.963],[98.898,-0.916],[99.294,-1.686]]],[[[98.275,-0.525],[98.429,-0.244],[98.512,-0.423],[98.5,-0.566],[98.275,-0.525]]],[[[98.56,-0.278],[98.542,-0.381],[98.296,-0.007],[98.56,-0.278]]],[[[103.3,0.575],[103.136,0.556],[103.212,0.708],[103.3,0.575]]],[[[103.519,0.818],[103.523,0.808],[103.524,0.798],[103.519,0.818]]],[[[103.819,0.886],[103.863,0.877],[103.898,0.853],[103.819,0.886]]],[[[103.51,0.743],[103.434,0.647],[103.339,0.805],[103.386,0.889],[103.51,0.743]]],[[[103.802,0.853],[103.817,0.842],[103.831,0.816],[103.802,0.853]]],[[[103.942,0.996],[103.952,0.988],[103.961,0.975],[103.942,0.996]]],[[[104.799,1.031],[104.811,1.026],[104.83,1.023],[104.799,1.031]]],[[[107.562,1.037],[107.586,1.026],[107.599,1.017],[107.562,1.037]]],[[[103.445,1.006],[103.315,1.062],[103.39,1.13],[103.445,1.006]]],[[[103.058,0.777],[103.007,0.694],[102.407,0.873],[102.528,1.14],[103.058,0.777]]],[[[103.175,0.882],[102.625,1.022],[102.802,1.163],[103.175,0.882]]],[[[104.152,1.14],[104.088,0.989],[103.903,1.091],[104.152,1.14]]],[[[104.667,1.031],[104.567,0.83],[104.421,0.957],[104.485,1.034],[104.232,1.093],[104.576,1.225],[104.667,1.031]]],[[[102.48,1.219],[102.369,0.935],[102.201,1.298],[102.291,1.405],[102.48,1.219]]],[[[102.511,1.295],[102.004,1.586],[102.463,1.515],[102.511,1.295]]],[[[98.555,1.682],[98.571,1.673],[98.591,1.652],[98.555,1.682]]],[[[97.151,2.058],[97.145,2.052],[97.123,2.039],[97.151,2.058]]],[[[101.776,1.948],[101.598,1.71],[101.394,1.931],[101.649,2.128],[101.776,1.948]]],[[[96.644,2.127],[96.658,2.122],[96.668,2.113],[96.644,2.127]]],[[[97.343,2.083],[97.103,2.213],[97.281,2.229],[97.343,2.083]]],[[[118.6,2.244],[118.624,2.213],[118.639,2.199],[118.6,2.244]]],[[[109.109,2.532],[109.114,2.523],[109.111,2.516],[109.109,2.532]]],[[[106.243,2.76],[106.243,2.745],[106.242,2.738],[106.243,2.76]]],[[[96.481,2.379],[96.335,2.355],[95.693,2.792],[95.792,2.943],[95.912,2.906],[96.481,2.379]]],[[[108.842,2.974],[108.856,3.003],[108.881,3.003],[108.842,2.974]]],[[[107.807,3.015],[107.813,2.995],[107.811,2.987],[107.807,3.015]]],[[[105.853,2.984],[105.724,2.84],[105.682,3.011],[105.853,2.984]]],[[[106.285,3.179],[106.279,3.087],[106.206,3.206],[106.285,3.179]]],[[[117.504,3.334],[117.521,3.325],[117.528,3.317],[117.504,3.334]]],[[[106.271,3.361],[106.292,3.368],[106.297,3.358],[106.271,3.361]]],[[[117.684,3.4],[117.648,3.246],[117.531,3.403],[117.684,3.4]]],[[[117.894,3.498],[117.896,3.486],[117.896,3.468],[117.894,3.498]]],[[[117.517,3.477],[117.497,3.456],[117.456,3.464],[117.517,3.477]]],[[[117.846,3.799],[117.832,3.798],[117.812,3.805],[117.846,3.799]]],[[[117.753,4.052],[117.594,4.064],[117.661,4.149],[117.753,4.052]]],[[[108.407,3.885],[108.184,3.648],[108.094,3.696],[108.262,3.792],[107.985,4.012],[108.225,4.245],[108.407,3.885]]],[[[108.005,4.772],[108.013,4.768],[108.012,4.761],[108.005,4.772]]],[[[95.177,5.628],[95.191,5.608],[95.181,5.609],[95.177,5.628]]],[[[95.115,5.711],[95.127,5.702],[95.133,5.691],[95.115,5.711]]],[[[95.342,5.896],[95.351,5.887],[95.383,5.842],[95.342,5.896]]],[[[123.42,-10.619],[122.972,-10.906],[122.842,-10.921],[122.81,-10.785],[123.386,-10.433],[123.42,-10.619]]],[[[122.005,-10.468],[121.882,-10.598],[121.69,-10.564],[122.005,-10.468]]],[[[123.506,-10.187],[123.314,-10.313],[123.404,-10.158],[123.506,-10.187]]],[[[123.941,-8.244],[123.583,-8.566],[123.227,-8.526],[123.486,-8.351],[123.414,-8.267],[123.568,-8.248],[123.568,-8.375],[123.65,-8.22],[123.941,-8.244]]],[[[124.308,-8.22],[124.15,-8.539],[123.907,-8.455],[124.308,-8.22]]],[[[138.911,-8.375],[138.548,-8.347],[138.785,-8.159],[138.911,-8.375]]],[[[125.139,-8.234],[125.1,-8.358],[124.334,-8.413],[124.548,-8.231],[124.392,-8.265],[124.475,-8.133],[125.139,-8.234]]],[[[128.127,-8.161],[128.026,-8.261],[127.762,-8.117],[128.127,-8.161]]],[[[131.182,-8.125],[130.763,-8.351],[130.926,-8.133],[131.182,-8.125]]],[[[129.862,-7.917],[129.759,-8.054],[129.585,-7.902],[129.725,-7.796],[129.862,-7.917]]],[[[126.84,-7.739],[126.466,-7.967],[126.054,-7.885],[125.774,-8.008],[125.969,-7.66],[126.328,-7.696],[126.627,-7.56],[126.84,-7.739]]],[[[127.489,-7.545],[127.348,-7.623],[127.373,-7.506],[127.489,-7.545]]],[[[139.076,-7.576],[138.904,-8.076],[138.444,-8.379],[137.637,-8.389],[138.007,-7.638],[138.244,-7.456],[138.717,-7.36],[139.076,-7.576]]],[[[131.086,-7.872],[131.537,-7.154],[131.743,-7.196],[131.643,-7.255],[131.633,-7.62],[131.335,-8.001],[131.116,-8.001],[131.086,-7.872]]],[[[131.986,-7.225],[131.732,-7.141],[131.918,-7.104],[131.986,-7.225]]],[[[128.529,-7.131],[128.701,-7.123],[128.639,-7.22],[128.529,-7.131]]],[[[114.125,-6.982],[113.513,-7.248],[112.726,-7.159],[112.693,-7.059],[113.067,-6.881],[113.924,-6.865],[114.125,-6.982]]],[[[105.266,-6.553],[105.192,-6.679],[105.118,-6.612],[105.266,-6.553]]],[[[134.521,-6.587],[134.207,-6.911],[134.053,-6.764],[134.111,-6.459],[134.21,-6.507],[134.112,-6.173],[134.521,-6.587]]],[[[120.559,-6.023],[120.481,-6.477],[120.429,-6.186],[120.47,-5.767],[120.559,-6.023]]],[[[104.833,-5.76],[104.846,-5.773],[104.85,-5.783],[104.833,-5.76]]],[[[132.812,-5.82],[132.675,-5.911],[132.62,-5.603],[132.812,-5.82]]],[[[134.202,-5.712],[134.352,-5.714],[134.497,-5.436],[134.628,-5.445],[134.765,-5.89],[134.601,-5.952],[134.772,-6.09],[134.608,-6.37],[134.334,-6.221],[134.378,-5.794],[134.202,-5.712]]],[[[133.189,-5.344],[132.841,-5.985],[133.11,-5.311],[133.189,-5.344]]],[[[122.067,-5.215],[122.032,-5.465],[121.807,-5.26],[121.916,-5.054],[122.067,-5.215]]],[[[131.733,-4.693],[131.75,-4.711],[131.754,-4.737],[131.733,-4.693]]],[[[122.781,-4.939],[122.604,-5.16],[122.598,-5.42],[122.511,-5.287],[122.469,-5.396],[122.275,-5.328],[122.383,-4.746],[122.711,-4.615],[122.781,-4.939]]],[[[131.606,-4.43],[131.614,-4.425],[131.62,-4.424],[131.606,-4.43]]],[[[122.567,-5.507],[122.815,-5.211],[122.855,-4.61],[123.02,-4.39],[123.22,-4.817],[123.052,-4.74],[122.964,-4.993],[122.95,-5.19],[123.209,-5.265],[123.158,-5.374],[122.876,-5.458],[122.813,-5.688],[122.654,-5.678],[122.567,-5.507]]],[[[133.558,-4.232],[133.609,-4.292],[133.628,-4.3],[133.558,-4.232]]],[[[131.366,-4.122],[131.386,-4.14],[131.392,-4.153],[131.366,-4.122]]],[[[131.235,-3.988],[131.24,-3.992],[131.245,-3.997],[131.235,-3.988]]],[[[123.253,-4.09],[123.087,-4.234],[122.951,-4.047],[123.204,-3.993],[123.253,-4.09]]],[[[131.445,-4.037],[131.453,-4.056],[131.442,-4.065],[131.445,-4.037]]],[[[128.796,-3.643],[128.797,-3.653],[128.8,-3.661],[128.796,-3.643]]],[[[123.177,-3.574],[123.177,-3.601],[123.16,-3.604],[123.177,-3.574]]],[[[128.564,-3.592],[128.388,-3.627],[128.461,-3.512],[128.564,-3.592]]],[[[128.349,-3.529],[128.129,-3.77],[128.221,-3.649],[127.986,-3.772],[127.912,-3.703],[128.349,-3.529]]],[[[128.728,-3.615],[128.559,-3.509],[128.706,-3.503],[128.728,-3.615]]],[[[125.992,-3.248],[126.091,-3.112],[126.72,-3.06],[127.269,-3.386],[127.227,-3.643],[126.697,-3.864],[126.203,-3.631],[125.992,-3.248]]],[[[106.909,-2.93],[106.916,-2.951],[106.891,-2.995],[106.909,-2.93]]],[[[107.099,-2.859],[107.097,-2.885],[107.091,-2.903],[107.099,-2.859]]],[[[107.395,-2.869],[107.4,-2.851],[107.426,-2.835],[107.395,-2.869]]],[[[130.876,-3.595],[130.818,-3.869],[129.89,-3.333],[129.51,-3.303],[129.486,-3.463],[128.961,-3.356],[128.877,-3.203],[128.678,-3.432],[128.484,-3.462],[128.166,-3.067],[127.926,-3.553],[127.842,-3.173],[128.104,-3.067],[128.175,-2.857],[129.053,-2.804],[129.177,-2.958],[129.541,-2.78],[129.965,-2.974],[130.389,-2.994],[130.876,-3.595]]],[[[131.599,-2.635],[131.626,-2.62],[131.64,-2.614],[131.599,-2.635]]],[[[108.294,-2.848],[108.211,-3.136],[107.994,-3.242],[107.87,-3.052],[107.603,-3.229],[107.547,-2.917],[107.67,-2.561],[107.834,-2.525],[108.198,-2.678],[108.294,-2.848]]],[[[134.584,-2.438],[134.521,-2.407],[134.567,-2.293],[134.584,-2.438]]],[[[134.385,-2.004],[134.397,-2.006],[134.411,-2.012],[134.385,-2.004]]],[[[126.088,-2.441],[125.985,-2.431],[125.863,-2.087],[125.993,-2.004],[126.088,-2.441]]],[[[123.857,-1.95],[123.864,-1.989],[123.869,-1.998],[123.857,-1.95]]],[[[126.345,-1.818],[125.432,-1.95],[125.335,-1.851],[126.345,-1.818]]],[[[123.153,-1.824],[123.067,-1.892],[123.102,-1.748],[123.153,-1.824]]],[[[134.236,-1.739],[134.248,-1.744],[134.25,-1.761],[134.236,-1.739]]],[[[129.715,-1.881],[130.332,-1.677],[130.44,-1.836],[130.344,-1.928],[130.437,-1.976],[130.126,-2.067],[129.715,-1.881]]],[[[125.322,-1.864],[124.453,-2.012],[124.329,-1.871],[124.385,-1.668],[124.527,-1.626],[125.048,-1.765],[125.131,-1.685],[125.322,-1.864]]],[[[136.899,-1.799],[136.266,-1.909],[135.422,-1.611],[136.899,-1.799]]],[[[106.833,-2.567],[106.604,-2.91],[106.752,-3.074],[106.532,-3.106],[105.987,-2.821],[105.78,-2.151],[105.306,-2.135],[105.125,-2.004],[105.376,-1.822],[105.346,-1.659],[105.472,-1.558],[105.594,-1.526],[105.663,-1.74],[105.813,-1.793],[105.696,-1.532],[105.914,-1.494],[106.179,-1.888],[106.319,-2.431],[106.833,-2.567]]],[[[135.286,-1.477],[135.297,-1.48],[135.305,-1.485],[135.286,-1.477]]],[[[128.159,-1.637],[127.569,-1.732],[127.379,-1.632],[127.428,-1.415],[127.634,-1.329],[128.159,-1.637]]],[[[127.69,-1.214],[127.698,-1.231],[127.693,-1.249],[127.69,-1.214]]],[[[123.554,-1.303],[123.454,-1.499],[123.28,-1.429],[123.243,-1.632],[123.111,-1.577],[123.152,-1.301],[122.896,-1.59],[122.807,-1.402],[122.914,-1.176],[123.189,-1.145],[123.232,-1.395],[123.366,-1.223],[123.554,-1.303]]],[[[129.954,-1.163],[129.961,-1.176],[129.953,-1.19],[129.954,-1.163]]],[[[134.998,-1.019],[134.926,-1.136],[134.8,-1.028],[134.878,-0.936],[134.928,-1.072],[134.998,-1.019]]],[[[130.649,-0.988],[130.892,-0.89],[131.076,-0.974],[130.962,-1.354],[130.649,-0.988]]],[[[130.925,-0.781],[130.4,-0.929],[130.479,-0.8],[130.925,-0.781]]],[[[136.385,-1.108],[135.885,-1.183],[135.765,-0.839],[135.641,-0.882],[135.37,-0.653],[135.869,-0.704],[136.196,-1.067],[136.385,-1.108]]],[[[127.32,-0.794],[127.156,-0.772],[127.244,-0.614],[127.32,-0.794]]],[[[130.678,-0.436],[130.686,-0.449],[130.688,-0.463],[130.678,-0.436]]],[[[121.916,-0.47],[121.642,-0.531],[121.752,-0.401],[121.916,-0.47]]],[[[104.599,-0.464],[104.356,-0.662],[104.254,-0.46],[104.47,-0.332],[104.599,-0.464]]],[[[122.03,-0.332],[122.044,-0.335],[122.051,-0.342],[122.03,-0.332]]],[[[127.898,-0.767],[127.755,-0.888],[127.626,-0.752],[127.458,-0.816],[127.47,-0.641],[127.291,-0.477],[127.317,-0.34],[127.446,-0.415],[127.566,-0.317],[127.688,-0.481],[127.653,-0.707],[127.898,-0.767]]],[[[127.102,-0.438],[127.121,-0.278],[127.297,-0.282],[127.252,-0.497],[127.102,-0.438]]],[[[103.767,-0.325],[103.461,-0.334],[103.558,-0.223],[103.767,-0.325]]],[[[122.218,-0.247],[122.221,-0.25],[122.235,-0.258],[122.218,-0.247]]],[[[122.369,-0.264],[122.365,-0.282],[122.368,-0.304],[122.369,-0.264]]],[[[121.575,-0.183],[121.569,-0.145],[121.597,-0.125],[121.575,-0.183]]],[[[131.345,-0.288],[130.97,-0.358],[130.65,-0.08],[130.948,-0.367],[130.733,-0.442],[130.688,-0.291],[130.547,-0.436],[130.524,-0.258],[130.217,-0.201],[130.825,-0.004],[131.297,-0.159],[131.345,-0.288]]],[[[105.011,-0.282],[104.436,-0.192],[104.565,0.03],[105.011,-0.282]]],[[[129.537,-0.134],[129.558,-0.159],[129.567,-0.176],[129.537,-0.134]]],[[[127.462,-0.025],[127.391,0.026],[127.452,0.14],[127.462,-0.025]]],[[[104.497,0.071],[104.486,0.066],[104.48,0.064],[104.497,0.071]]],[[[104.689,0.071],[104.708,0.044],[104.703,0.033],[104.689,0.071]]],[[[104.406,0.339],[104.416,0.329],[104.421,0.318],[104.406,0.339]]],[[[127.399,0.38],[127.419,0.354],[127.417,0.313],[127.399,0.38]]],[[[104.216,0.708],[104.241,0.695],[104.271,0.675],[104.216,0.708]]],[[[127.359,0.666],[127.385,0.757],[127.449,0.685],[127.359,0.666]]],[[[104.284,0.708],[104.274,0.703],[104.265,0.702],[104.284,0.708]]],[[[127.371,0.784],[127.36,0.765],[127.347,0.757],[127.371,0.784]]],[[[104.226,0.88],[104.241,0.877],[104.258,0.869],[104.226,0.88]]],[[[97.939,0.986],[97.874,0.622],[97.704,0.573],[97.064,1.415],[97.417,1.519],[97.939,0.986]]],[[[125.295,1.552],[125.301,1.552],[125.301,1.531],[125.295,1.552]]],[[[127.399,1.065],[127.581,1.752],[128.047,2.204],[127.846,1.851],[128.015,1.719],[128.015,1.305],[127.636,0.919],[127.872,0.824],[127.994,1.083],[128.179,1.154],[128.092,1.257],[128.205,1.39],[128.719,1.571],[128.701,1.071],[128.214,0.774],[128.681,0.555],[128.69,0.347],[128.9,0.222],[127.91,0.438],[127.981,-0.264],[128.441,-0.909],[128.251,-0.867],[127.672,-0.23],[127.716,0.313],[127.527,0.561],[127.625,0.832],[127.399,1.065]]],[[[125.432,2.388],[125.451,2.378],[125.456,2.368],[125.432,2.388]]],[[[128.695,2.439],[128.49,2.054],[128.269,1.995],[128.197,2.266],[128.566,2.634],[128.695,2.439]]],[[[125.451,2.778],[125.411,2.627],[125.356,2.741],[125.451,2.778]]],[[[125.666,3.439],[125.507,3.463],[125.417,3.688],[125.513,3.708],[125.666,3.439]]],[[[126.744,3.853],[126.78,3.844],[126.812,3.824],[126.744,3.853]]],[[[126.714,3.901],[126.678,3.812],[126.613,4.026],[126.714,3.901]]],[[[126.922,4.282],[126.798,4.018],[126.665,4.034],[126.803,4.223],[126.711,4.264],[126.744,4.546],[126.922,4.282]]],[[[122.361,-8.433],[122.387,-8.436],[122.41,-8.444],[122.361,-8.433]]],[[[121.71,-8.289],[121.734,-8.293],[121.745,-8.312],[121.71,-8.289]]],[[[121.78,-7.343],[121.818,-7.334],[121.837,-7.357],[121.78,-7.343]]],[[[114.594,-7.131],[114.605,-7.131],[114.615,-7.132],[114.594,-7.131]]],[[[114.369,-7.09],[114.383,-7.113],[114.397,-7.131],[114.369,-7.09]]],[[[123.366,-1.673],[123.376,-1.679],[123.382,-1.69],[123.366,-1.673]]],[[[122.06,-0.354],[122.095,-0.264],[122.145,-0.374],[122.06,-0.354]]],[[[130.067,-7.763],[130.077,-7.766],[130.084,-7.773],[130.067,-7.763]]],[[[130.008,-7.725],[130.015,-7.744],[130.008,-7.75],[130.008,-7.725]]],[[[129.675,-7.572],[129.655,-7.56],[129.654,-7.547],[129.675,-7.572]]],[[[129.125,-6.993],[129.116,-6.983],[129.117,-6.973],[129.125,-6.993]]],[[[129.485,-6.755],[129.481,-6.76],[129.478,-6.756],[129.485,-6.755]]],[[[130.014,-6.328],[130.006,-6.325],[129.999,-6.317],[130.014,-6.328]]],[[[127.551,-5.512],[127.555,-5.507],[127.561,-5.517],[127.551,-5.512]]],[[[127.555,-5.49],[127.557,-5.5],[127.546,-5.495],[127.555,-5.49]]],[[[127.79,-5.41],[127.799,-5.4],[127.803,-5.408],[127.79,-5.41]]],[[[127.777,-5.349],[127.779,-5.343],[127.785,-5.353],[127.777,-5.349]]],[[[131.987,-5.318],[131.997,-5.312],[132.009,-5.313],[131.987,-5.318]]],[[[129.758,-4.523],[129.763,-4.519],[129.778,-4.525],[129.77,-4.539],[129.758,-4.523]]],[[[134.31,0.756],[134.327,0.766],[134.343,0.765],[134.31,0.756]]],[[[131.236,1.019],[131.237,1.025],[131.245,1.035],[131.244,1.03],[131.236,1.019]]],[[[131.256,1.069],[131.264,1.076],[131.271,1.072],[131.27,1.061],[131.265,1.053],[131.255,1.044],[131.254,1.053],[131.256,1.069]]],[[[126.395,1.339],[126.402,1.332],[126.39,1.31],[126.395,1.339]]],[[[125.393,2.118],[125.405,2.13],[125.408,2.122],[125.393,2.118]]],[[[126.591,5.557],[126.599,5.565],[126.603,5.564],[126.599,5.554],[126.595,5.548],[126.591,5.557]]],[[[121.614,-10.602],[121.622,-10.601],[121.633,-10.604],[121.614,-10.602]]],[[[115.891,-7.107],[115.894,-7.112],[115.896,-7.125],[115.891,-7.107]]],[[[134.728,-6.505],[134.731,-6.514],[134.734,-6.526],[134.728,-6.505]]],[[[110.431,-5.837],[110.459,-5.832],[110.466,-5.84],[110.431,-5.837]]],[[[134.213,-5.759],[134.226,-5.771],[134.228,-5.773],[134.213,-5.759]]],[[[133.592,-2.462],[133.605,-2.468],[133.606,-2.489],[133.592,-2.462]]],[[[123.616,-1.625],[123.564,-1.722],[123.476,-1.649],[123.529,-1.48],[123.616,-1.625]]],[[[128.367,-0.988],[128.403,-0.995],[128.411,-1.01],[128.367,-0.988]]],[[[129.902,-0.408],[129.91,-0.414],[129.916,-0.427],[129.902,-0.408]]],[[[98.548,0.159],[98.59,0.172],[98.625,0.175],[98.548,0.159]]],[[[104.725,0.75],[104.741,0.749],[104.754,0.737],[104.749,0.723],[104.739,0.716],[104.731,0.722],[104.721,0.738],[104.725,0.75]]],[[[104.659,0.846],[104.663,0.834],[104.663,0.829],[104.659,0.846]]],[[[125.172,1.799],[125.177,1.793],[125.177,1.779],[125.172,1.799]]],[[[127.13,4.774],[127.139,4.767],[127.146,4.752],[127.136,4.74],[127.123,4.753],[127.121,4.769],[127.124,4.772],[127.13,4.774]]]]}},{"type":"Feature","properties":{"iso3":"MYS","name":"Malaysia"},"geometry":{"type":"MultiPolygon","coordinates":[[[[117.704,4.163],[117.697,4.169],[117.644,4.215],[117.704,4.163]]],[[[104.295,1.447],[104.114,1.368],[104.148,1.545],[104.053,1.506],[103.966,1.648],[104.01,1.449],[103.698,1.451],[103.516,1.27],[103.367,1.538],[102.699,1.859],[101.286,2.85],[101.373,3.002],[101.298,3.275],[100.709,3.883],[100.871,4.019],[100.565,4.319],[100.666,4.67],[100.365,5.084],[100.349,6.013],[100.127,6.442],[100.167,6.695],[100.263,6.7],[100.387,6.522],[100.73,6.493],[100.833,6.237],[101.082,6.246],[100.965,5.792],[101.122,5.63],[101.558,5.911],[101.8,5.74],[102.073,6.258],[102.2,6.233],[103.12,5.381],[103.448,4.807],[103.496,4.306],[103.339,3.758],[103.482,3.512],[103.441,2.922],[103.814,2.581],[104.295,1.447]]],[[[119.278,5.345],[119.156,5.106],[118.681,4.944],[118.357,5.039],[118.136,4.882],[118.6,4.519],[118.557,4.364],[117.983,4.231],[117.656,4.424],[117.567,4.16],[117.203,4.356],[116.522,4.397],[116.411,4.289],[116.126,4.379],[116.021,4.271],[115.844,4.389],[115.539,3.921],[115.601,3.43],[115.464,3.031],[115.242,3.042],[115.069,2.833],[115.056,2.609],[115.206,2.51],[114.779,2.247],[114.832,1.903],[114.68,1.841],[114.546,1.435],[113.91,1.442],[113.625,1.228],[112.958,1.416],[112.973,1.57],[112.47,1.568],[112.162,1.435],[112.093,1.143],[111.823,1.008],[111.503,0.958],[111.198,1.075],[110.554,0.851],[109.776,1.458],[109.528,1.89],[109.645,2.083],[109.693,1.873],[109.928,1.692],[110.291,1.674],[110.329,1.803],[110.727,1.547],[110.678,1.449],[110.793,1.572],[111.384,1.354],[111.006,1.584],[111.095,1.688],[111.267,1.627],[111.096,1.774],[111.206,2.069],[111.378,2.162],[111.185,2.145],[111.221,2.416],[111.493,2.346],[111.447,2.695],[113.008,3.162],[113.947,4.274],[113.976,4.595],[114.246,4.481],[114.283,4.265],[114.628,4.017],[114.846,4.395],[114.742,4.729],[115.016,4.916],[115.092,4.405],[115.346,4.314],[115.146,4.909],[115.358,4.903],[115.605,5.212],[115.375,5.382],[115.605,5.636],[115.605,5.52],[115.849,5.56],[116.106,6.126],[116.503,6.495],[116.766,7.025],[116.859,6.818],[116.784,6.592],[117.15,7.003],[117.296,6.636],[117.727,6.451],[117.723,6.255],[117.6,6.198],[117.669,5.973],[117.469,5.869],[118.017,6.061],[118.125,5.864],[117.921,5.809],[117.96,5.687],[118.365,5.814],[118.594,5.682],[118.565,5.526],[118.651,5.636],[118.933,5.394],[119.189,5.451],[119.278,5.345]]],[[[118.219,5.856],[118.233,5.851],[118.236,5.841],[118.219,5.856]]],[[[111.413,2.378],[111.299,2.703],[111.35,2.771],[111.413,2.378]]],[[[104.225,2.736],[104.126,2.777],[104.181,2.89],[104.225,2.736]]],[[[118.726,4.492],[118.749,4.486],[118.76,4.471],[118.726,4.492]]],[[[118.51,4.649],[118.524,4.666],[118.549,4.665],[118.51,4.649]]],[[[115.249,5.365],[115.26,5.315],[115.259,5.291],[115.249,5.365]]],[[[100.343,5.418],[100.289,5.263],[100.179,5.278],[100.179,5.458],[100.343,5.418]]],[[[99.786,6.242],[99.8,6.273],[99.824,6.282],[99.786,6.242]]],[[[99.916,6.332],[99.729,6.261],[99.645,6.436],[99.842,6.47],[99.916,6.332]]],[[[117.469,6.767],[117.494,6.735],[117.511,6.704],[117.469,6.767]]],[[[117.003,7.356],[117.017,7.343],[117.023,7.319],[117.003,7.356]]],[[[117.283,7.309],[117.072,7.102],[117.056,7.203],[117.145,7.336],[117.283,7.309]]],[[[101.271,3.046],[101.267,3.035],[101.26,3.03],[101.244,3.026],[101.237,3.035],[101.244,3.049],[101.263,3.056],[101.271,3.046]]],[[[101.338,3.052],[101.336,3.045],[101.338,3.032],[101.338,3.052]]]]}},{"type":"Feature","properties":{"iso3":"CHL","name":"Chile"},"geometry":{"type":"MultiPolygon","coordinates":[[[[-67.014,-23.001],[-67.362,-24.03],[-68.244,-24.385],[-68.572,-24.77],[-68.367,-25.123],[-68.516,-25.184],[-68.606,-25.437],[-68.409,-26.144],[-68.595,-26.457],[-68.305,-26.898],[-68.33,-27.045],[-68.814,-27.12],[-69.19,-27.951],[-69.653,-28.398],[-69.804,-29.099],[-70.041,-29.298],[-69.916,-29.806],[-69.98,-30.072],[-69.836,-30.162],[-69.965,-30.375],[-70.173,-30.365],[-70.339,-30.938],[-70.267,-31.036],[-70.541,-31.188],[-70.59,-31.568],[-70.464,-31.838],[-70.244,-31.942],[-70.389,-32.053],[-70.156,-32.738],[-70.0,-32.877],[-70.109,-33.17],[-69.788,-33.379],[-69.914,-33.772],[-69.829,-34.233],[-70.058,-34.291],[-70.316,-34.746],[-70.387,-35.167],[-70.579,-35.26],[-70.428,-35.357],[-70.387,-36.059],[-70.711,-36.266],[-70.719,-36.415],[-71.043,-36.484],[-71.195,-36.839],[-71.089,-37.103],[-71.206,-37.293],[-71.185,-37.706],[-70.838,-38.584],[-70.945,-38.747],[-71.4,-38.911],[-71.504,-39.602],[-71.714,-39.601],[-71.617,-39.91],[-71.824,-40.21],[-71.674,-40.324],[-71.956,-40.72],[-71.851,-40.938],[-71.926,-41.653],[-71.736,-42.084],[-72.04,-42.145],[-72.148,-42.593],[-72.129,-43.042],[-71.743,-43.19],[-71.955,-43.444],[-71.714,-43.602],[-71.819,-43.758],[-71.66,-43.926],[-71.859,-44.108],[-71.861,-44.377],[-71.21,-44.428],[-71.122,-44.549],[-71.298,-44.796],[-72.089,-44.783],[-72.074,-44.902],[-71.589,-44.978],[-71.317,-45.267],[-71.489,-45.499],[-71.765,-45.572],[-71.758,-45.848],[-71.612,-45.971],[-71.915,-46.152],[-71.763,-46.245],[-71.687,-46.69],[-71.95,-46.814],[-72.005,-47.062],[-71.881,-47.222],[-72.03,-47.198],[-72.171,-47.408],[-72.361,-47.451],[-72.544,-47.915],[-72.343,-48.07],[-72.295,-48.333],[-72.615,-48.51],[-72.592,-48.791],[-73.01,-48.99],[-73.145,-49.304],[-73.471,-49.317],[-73.588,-49.541],[-73.465,-49.76],[-73.541,-50.114],[-73.301,-50.3],[-73.178,-50.749],[-72.756,-50.616],[-72.303,-50.649],[-72.266,-50.961],[-72.405,-51.106],[-72.259,-51.245],[-72.45,-51.553],[-71.982,-51.845],[-71.965,-51.971],[-69.953,-52.007],[-68.449,-52.347],[-69.235,-52.203],[-69.471,-52.273],[-69.672,-52.531],[-70.864,-52.721],[-70.739,-52.784],[-70.889,-52.914],[-70.809,-52.962],[-70.993,-53.383],[-70.974,-53.756],[-71.285,-53.886],[-72.104,-53.689],[-72.453,-53.407],[-72.282,-53.243],[-72.08,-53.329],[-72.242,-53.435],[-72.093,-53.423],[-72.022,-53.247],[-71.856,-53.225],[-71.789,-53.441],[-72.008,-53.554],[-71.814,-53.521],[-71.742,-53.223],[-71.119,-52.92],[-71.399,-52.728],[-71.399,-52.832],[-72.022,-53.125],[-72.563,-53.079],[-72.191,-53.181],[-72.538,-53.197],[-72.412,-53.256],[-72.645,-53.318],[-72.365,-53.537],[-73.199,-53.241],[-73.303,-53.153],[-72.713,-53.29],[-72.796,-53.173],[-72.653,-53.153],[-72.934,-53.105],[-72.976,-52.839],[-72.703,-52.708],[-72.611,-52.774],[-72.715,-52.869],[-72.431,-52.857],[-72.161,-52.652],[-71.478,-52.646],[-72.282,-52.514],[-72.419,-52.653],[-72.549,-52.592],[-72.39,-52.508],[-72.858,-52.502],[-72.988,-52.704],[-72.819,-52.587],[-72.674,-52.653],[-73.016,-52.842],[-72.98,-53.055],[-73.437,-53.013],[-73.205,-52.897],[-73.564,-52.797],[-73.233,-52.791],[-73.307,-52.715],[-73.004,-52.558],[-73.092,-52.494],[-72.887,-52.515],[-73.195,-52.43],[-73.269,-52.674],[-73.394,-52.544],[-73.7,-52.715],[-73.495,-52.476],[-73.666,-52.424],[-73.581,-52.208],[-73.735,-52.03],[-73.303,-52.222],[-72.998,-52.065],[-73.079,-52.237],[-72.866,-52.257],[-72.755,-52.057],[-72.884,-52.198],[-72.947,-52.05],[-72.803,-51.937],[-72.536,-52.222],[-72.931,-52.448],[-72.522,-52.448],[-72.638,-52.398],[-72.467,-52.204],[-72.67,-51.961],[-72.469,-51.929],[-72.467,-51.79],[-73.091,-51.421],[-73.268,-51.481],[-72.562,-51.778],[-72.724,-51.838],[-73.28,-51.606],[-72.995,-51.79],[-73.106,-51.745],[-73.05,-51.831],[-73.207,-51.879],[-72.919,-51.859],[-73.224,-52.091],[-73.386,-51.653],[-73.293,-52.166],[-73.564,-52.04],[-73.621,-51.812],[-73.4,-52.016],[-73.589,-51.75],[-73.461,-51.687],[-73.719,-51.776],[-73.812,-51.689],[-73.715,-51.639],[-73.9,-51.625],[-73.817,-51.537],[-73.934,-51.406],[-73.612,-51.625],[-73.598,-51.433],[-73.783,-51.235],[-73.683,-51.276],[-73.694,-51.139],[-74.13,-51.188],[-74.071,-50.954],[-74.232,-51.036],[-74.256,-50.939],[-73.927,-50.864],[-73.803,-50.961],[-73.88,-50.834],[-73.742,-50.82],[-73.773,-50.671],[-73.474,-50.672],[-73.725,-50.56],[-73.564,-50.405],[-73.759,-50.516],[-73.823,-50.758],[-74.043,-50.822],[-74.297,-50.481],[-74.126,-50.591],[-74.15,-50.483],[-73.88,-50.543],[-74.129,-50.423],[-74.016,-50.364],[-74.253,-50.441],[-74.283,-50.265],[-74.439,-50.357],[-74.695,-50.183],[-74.348,-50.086],[-74.194,-50.26],[-73.858,-50.289],[-74.175,-50.199],[-74.365,-49.99],[-73.886,-50.077],[-74.008,-49.991],[-73.906,-49.857],[-74.036,-49.965],[-74.325,-49.871],[-74.064,-49.714],[-74.29,-49.741],[-74.322,-49.633],[-74.054,-49.539],[-73.688,-49.72],[-74.124,-49.423],[-74.074,-49.262],[-73.845,-49.35],[-74.044,-49.083],[-73.833,-49.032],[-74.057,-49.012],[-74.215,-49.523],[-74.423,-49.385],[-74.448,-48.808],[-74.057,-48.74],[-74.4,-48.611],[-74.197,-48.473],[-73.993,-48.597],[-74.029,-48.448],[-73.893,-48.411],[-74.27,-48.336],[-74.469,-48.028],[-74.625,-48.004],[-74.345,-48.021],[-74.206,-48.231],[-74.331,-48.0],[-73.77,-48.028],[-73.804,-48.108],[-73.556,-48.247],[-73.351,-48.219],[-73.282,-48.079],[-73.482,-48.123],[-73.653,-47.898],[-73.228,-48.004],[-73.619,-47.864],[-73.55,-47.808],[-73.732,-47.743],[-73.721,-47.527],[-73.773,-47.779],[-73.924,-47.843],[-74.736,-47.719],[-74.568,-47.681],[-74.557,-47.55],[-74.345,-47.637],[-74.482,-47.699],[-74.205,-47.757],[-74.304,-47.678],[-74.044,-47.609],[-74.314,-47.596],[-74.529,-47.432],[-74.325,-47.219],[-74.178,-47.205],[-74.112,-47.336],[-74.115,-47.193],[-73.974,-47.255],[-74.057,-47.157],[-73.941,-47.028],[-74.153,-46.967],[-74.126,-46.829],[-74.592,-46.726],[-74.478,-46.772],[-74.673,-46.849],[-74.479,-46.902],[-75.007,-46.754],[-75.083,-46.641],[-74.934,-46.438],[-75.661,-46.767],[-75.422,-46.714],[-75.411,-46.932],[-75.569,-46.94],[-75.711,-46.744],[-75.202,-46.301],[-75.03,-46.342],[-75.139,-46.314],[-75.091,-46.216],[-74.777,-46.212],[-74.647,-45.816],[-74.465,-46.022],[-74.462,-45.815],[-74.103,-45.837],[-74.167,-46.136],[-74.044,-45.979],[-74.021,-46.148],[-74.49,-46.189],[-74.05,-46.191],[-74.078,-46.322],[-73.845,-46.342],[-74.019,-46.204],[-73.882,-46.142],[-73.773,-46.321],[-73.989,-46.56],[-73.742,-46.534],[-73.345,-46.027],[-73.688,-46.322],[-73.661,-45.976],[-73.402,-45.702],[-73.186,-45.663],[-73.327,-45.619],[-73.592,-45.78],[-73.511,-45.452],[-73.226,-45.301],[-72.831,-45.418],[-73.448,-45.279],[-73.304,-45.145],[-73.398,-44.988],[-72.728,-44.759],[-72.598,-44.505],[-72.591,-44.341],[-72.722,-44.501],[-73.184,-44.248],[-73.128,-44.146],[-73.29,-44.152],[-73.116,-44.086],[-73.013,-43.772],[-72.825,-43.808],[-72.847,-43.679],[-73.055,-43.716],[-72.906,-43.608],[-73.111,-43.461],[-73.085,-43.316],[-72.912,-43.235],[-72.865,-43.019],[-72.734,-43.08],[-72.84,-42.525],[-72.539,-42.558],[-72.844,-42.278],[-72.595,-42.182],[-72.42,-42.44],[-72.464,-41.976],[-72.889,-41.911],[-72.303,-41.648],[-72.303,-41.381],[-72.426,-41.664],[-72.609,-41.707],[-72.957,-41.484],[-73.142,-41.755],[-73.515,-41.804],[-73.76,-41.749],[-73.495,-41.51],[-73.798,-41.566],[-73.941,-41.05],[-73.728,-40.544],[-73.711,-39.969],[-73.458,-39.834],[-73.379,-39.9],[-73.406,-39.695],[-73.224,-39.417],[-73.21,-39.194],[-73.543,-38.421],[-73.463,-38.051],[-73.667,-37.726],[-73.68,-37.348],[-73.608,-37.155],[-73.461,-37.242],[-73.209,-37.16],[-73.207,-36.775],[-73.119,-36.597],[-72.982,-36.69],[-72.8,-35.978],[-72.584,-35.771],[-72.647,-35.567],[-72.231,-35.116],[-72.019,-34.141],[-71.625,-33.541],[-71.762,-33.102],[-71.568,-33.002],[-71.408,-32.386],[-71.542,-32.205],[-71.713,-30.615],[-71.638,-30.241],[-71.399,-30.177],[-71.412,-29.992],[-71.283,-29.88],[-71.309,-29.409],[-71.487,-29.212],[-71.522,-28.94],[-71.189,-28.405],[-71.039,-27.666],[-70.912,-27.622],[-70.96,-27.161],[-70.789,-26.996],[-70.63,-26.341],[-70.74,-25.829],[-70.647,-25.522],[-70.445,-25.345],[-70.583,-24.525],[-70.391,-23.577],[-70.632,-23.517],[-70.6,-23.244],[-70.562,-23.06],[-70.425,-23.089],[-70.292,-22.902],[-70.059,-21.433],[-70.214,-20.812],[-70.137,-19.849],[-70.395,-18.338],[-69.97,-18.251],[-69.783,-17.982],[-69.85,-17.692],[-69.51,-17.507],[-69.302,-17.976],[-69.082,-18.04],[-69.155,-18.14],[-68.99,-18.946],[-68.448,-19.435],[-68.703,-19.716],[-68.542,-19.92],[-68.588,-20.056],[-68.793,-20.107],[-68.679,-20.329],[-68.765,-20.421],[-68.481,-20.625],[-68.555,-20.914],[-68.208,-21.284],[-67.859,-22.547],[-67.887,-22.819],[-67.194,-22.822],[-67.014,-23.001]]],[[[-72.008,-54.505],[-71.672,-54.572],[-71.748,-54.511],[-71.583,-54.545],[-71.851,-54.415],[-71.563,-54.511],[-71.614,-54.411],[-71.365,-54.373],[-71.09,-54.511],[-71.145,-54.435],[-70.972,-54.469],[-70.953,-54.339],[-70.801,-54.316],[-70.61,-54.339],[-70.764,-54.6],[-70.634,-54.6],[-70.697,-54.495],[-70.585,-54.391],[-70.131,-54.545],[-70.578,-54.275],[-70.843,-54.263],[-70.933,-54.114],[-70.137,-54.428],[-70.075,-54.37],[-70.199,-54.321],[-70.034,-54.257],[-69.775,-54.555],[-69.859,-54.28],[-69.24,-54.441],[-69.377,-54.682],[-69.269,-54.532],[-69.17,-54.578],[-69.157,-54.453],[-68.989,-54.431],[-70.014,-54.114],[-70.185,-53.811],[-69.361,-53.522],[-69.353,-53.356],[-70.203,-53.469],[-70.42,-53.376],[-70.419,-53.012],[-70.243,-53.062],[-70.089,-52.911],[-70.301,-52.915],[-70.283,-52.798],[-70.426,-52.766],[-70.129,-52.732],[-69.911,-52.848],[-69.418,-52.451],[-69.14,-52.684],[-68.779,-52.548],[-68.628,-52.64],[-68.654,-54.886],[-68.929,-54.778],[-68.738,-54.896],[-69.13,-54.942],[-69.648,-54.823],[-69.627,-54.692],[-69.912,-54.819],[-69.97,-54.677],[-69.993,-54.835],[-70.309,-54.839],[-70.245,-54.689],[-70.365,-54.835],[-70.759,-54.841],[-70.837,-54.788],[-70.453,-54.634],[-70.816,-54.75],[-70.922,-54.713],[-70.774,-54.682],[-70.945,-54.672],[-71.028,-54.777],[-70.952,-54.616],[-71.29,-54.676],[-71.234,-54.531],[-71.488,-54.687],[-71.598,-54.581],[-71.944,-54.655],[-71.89,-54.568],[-72.008,-54.505]]],[[[-80.759,-33.767],[-80.777,-33.734],[-80.767,-33.701],[-80.759,-33.767]]],[[[-78.789,-33.609],[-78.78,-33.613],[-78.758,-33.643],[-78.789,-33.609]]],[[[-109.22,-27.105],[-109.454,-27.188],[-109.38,-27.06],[-109.22,-27.105]]],[[[-105.46,-26.465],[-105.471,-26.458],[-105.466,-26.455],[-105.463,-26.457],[-105.462,-26.461],[-105.46,-26.465]]],[[[-79.902,-26.347],[-79.891,-26.352],[-79.89,-26.356],[-79.897,-26.359],[-79.909,-26.358],[-79.902,-26.347]]],[[[-80.096,-26.266],[-80.095,-26.268],[-80.093,-26.269],[-80.091,-26.271],[-80.09,-26.275],[-80.099,-26.275],[-80.108,-26.275],[-80.096,-26.266]]],[[[-67.245,-55.84],[-67.229,-55.845],[-67.217,-55.852],[-67.245,-55.84]]],[[[-67.072,-55.903],[-67.172,-55.862],[-67.081,-55.812],[-67.072,-55.903]]],[[[-67.472,-55.818],[-67.622,-55.919],[-67.914,-55.837],[-67.472,-55.818]]],[[[-67.232,-55.771],[-67.214,-55.762],[-67.188,-55.757],[-67.232,-55.771]]],[[[-67.582,-55.716],[-67.359,-55.574],[-67.253,-55.764],[-67.582,-55.716]]],[[[-67.585,-55.554],[-67.739,-55.617],[-67.685,-55.494],[-67.585,-55.554]]],[[[-69.715,-55.345],[-69.675,-55.355],[-69.656,-55.364],[-69.715,-55.345]]],[[[-70.014,-55.306],[-69.972,-55.288],[-69.948,-55.284],[-70.014,-55.306]]],[[[-66.855,-55.271],[-66.83,-55.282],[-66.84,-55.303],[-66.855,-55.271]]],[[[-66.427,-55.185],[-66.421,-55.201],[-66.436,-55.21],[-66.427,-55.185]]],[[[-66.869,-55.024],[-66.848,-55.039],[-66.831,-55.062],[-66.869,-55.024]]],[[[-70.031,-55.153],[-68.441,-54.94],[-68.335,-55.062],[-68.616,-55.152],[-69.062,-55.045],[-68.274,-55.23],[-68.208,-55.283],[-68.746,-55.271],[-68.146,-55.404],[-67.965,-55.593],[-68.089,-55.715],[-68.354,-55.475],[-68.617,-55.408],[-68.865,-55.505],[-68.966,-55.408],[-68.76,-55.333],[-68.971,-55.377],[-68.801,-55.189],[-68.987,-55.265],[-69.123,-55.148],[-69.134,-55.248],[-69.24,-55.127],[-69.439,-55.162],[-69.288,-55.168],[-69.459,-55.306],[-69.28,-55.319],[-69.162,-55.514],[-69.788,-55.306],[-69.5,-55.175],[-69.848,-55.258],[-69.843,-55.168],[-70.031,-55.153]]],[[[-68.361,-54.931],[-67.302,-54.929],[-67.052,-55.124],[-67.271,-55.307],[-67.503,-55.172],[-68.111,-55.23],[-68.186,-54.978],[-68.361,-54.931]]],[[[-70.267,-55.113],[-70.418,-55.079],[-70.37,-55.162],[-70.548,-55.214],[-70.59,-55.05],[-70.716,-55.123],[-71.013,-54.965],[-70.316,-54.901],[-70.73,-55.013],[-70.267,-55.113]]],[[[-69.95,-54.953],[-69.704,-54.946],[-69.728,-54.865],[-69.164,-54.956],[-69.862,-55.039],[-69.95,-54.953]]],[[[-70.422,-54.846],[-70.412,-54.85],[-70.402,-54.86],[-70.422,-54.846]]],[[[-70.984,-54.928],[-70.991,-54.927],[-70.997,-54.923],[-70.984,-54.928]]],[[[-71.947,-54.703],[-71.929,-54.695],[-71.921,-54.705],[-71.947,-54.703]]],[[[-72.297,-54.346],[-72.471,-54.428],[-72.542,-54.343],[-72.297,-54.346]]],[[[-70.385,-54.188],[-70.362,-54.19],[-70.313,-54.185],[-70.385,-54.188]]],[[[-72.206,-54.14],[-72.32,-54.257],[-72.515,-54.202],[-72.315,-54.063],[-72.206,-54.14]]],[[[-73.18,-54.072],[-73.182,-54.078],[-73.185,-54.093],[-73.18,-54.072]]],[[[-70.99,-54.266],[-71.148,-54.38],[-71.348,-54.309],[-71.213,-54.229],[-71.411,-54.233],[-71.417,-54.11],[-71.542,-54.27],[-71.7,-54.166],[-71.631,-53.955],[-71.463,-53.942],[-71.396,-54.063],[-71.282,-54.01],[-71.221,-54.185],[-71.029,-54.086],[-70.99,-54.266]]],[[[-72.259,-53.93],[-71.727,-53.899],[-71.792,-53.998],[-71.652,-54.089],[-71.766,-54.164],[-71.947,-54.007],[-71.745,-54.246],[-71.971,-54.325],[-71.905,-54.229],[-72.205,-54.092],[-72.259,-53.93]]],[[[-70.336,-54.007],[-70.67,-53.95],[-70.593,-54.214],[-70.823,-54.114],[-70.901,-53.874],[-70.606,-53.865],[-70.713,-53.701],[-70.486,-53.561],[-70.336,-54.007]]],[[[-73.824,-53.472],[-73.82,-53.48],[-73.809,-53.484],[-73.824,-53.472]]],[[[-73.392,-53.414],[-73.482,-53.572],[-73.803,-53.435],[-73.392,-53.414]]],[[[-73.619,-53.637],[-73.435,-53.563],[-72.953,-53.664],[-73.259,-53.635],[-73.42,-53.479],[-73.077,-53.531],[-73.175,-53.421],[-73.038,-53.386],[-73.002,-53.493],[-72.913,-53.427],[-72.884,-53.681],[-72.858,-53.453],[-72.679,-53.673],[-72.673,-53.537],[-72.464,-53.575],[-72.453,-53.742],[-72.139,-53.798],[-72.392,-53.845],[-72.343,-54.044],[-72.515,-53.983],[-72.543,-54.1],[-72.635,-54.024],[-72.843,-54.134],[-73.027,-54.075],[-72.796,-54.058],[-72.851,-53.955],[-72.645,-53.86],[-73.056,-53.813],[-73.098,-54.038],[-73.338,-53.955],[-73.236,-53.897],[-73.262,-53.701],[-73.592,-53.756],[-73.485,-53.701],[-73.619,-53.637]]],[[[-74.146,-53.243],[-74.124,-53.235],[-74.096,-53.228],[-74.146,-53.243]]],[[[-73.379,-52.91],[-73.811,-52.914],[-73.612,-52.822],[-73.379,-52.91]]],[[[-73.091,-53.356],[-73.584,-53.318],[-73.495,-53.291],[-73.88,-53.058],[-74.318,-53.097],[-74.75,-52.756],[-73.629,-53.147],[-73.623,-53.06],[-73.516,-53.261],[-73.46,-53.133],[-73.091,-53.356]]],[[[-73.331,-52.694],[-73.331,-52.701],[-73.369,-52.729],[-73.389,-52.737],[-73.4,-52.728],[-73.372,-52.708],[-73.363,-52.703],[-73.331,-52.694]]],[[[-74.19,-52.617],[-73.944,-52.483],[-74.03,-52.43],[-73.677,-52.485],[-73.872,-52.715],[-73.951,-52.688],[-73.845,-52.598],[-73.982,-52.633],[-73.872,-52.55],[-74.123,-52.707],[-74.19,-52.617]]],[[[-74.913,-52.219],[-74.536,-52.272],[-74.673,-52.391],[-74.913,-52.219]]],[[[-73.77,-52.379],[-73.786,-52.388],[-73.807,-52.393],[-73.77,-52.379]]],[[[-74.417,-52.129],[-74.287,-52.089],[-73.936,-52.325],[-74.123,-52.398],[-74.245,-52.317],[-74.146,-52.194],[-74.417,-52.129]]],[[[-74.791,-52.179],[-74.803,-52.172],[-74.804,-52.159],[-74.791,-52.179]]],[[[-74.345,-52.064],[-74.357,-52.074],[-74.373,-52.078],[-74.345,-52.064]]],[[[-74.492,-51.979],[-74.494,-51.992],[-74.514,-52.005],[-74.492,-51.979]]],[[[-73.688,-52.216],[-74.112,-51.995],[-74.035,-51.914],[-73.688,-52.216]]],[[[-74.896,-52.113],[-74.751,-51.834],[-74.598,-51.837],[-74.896,-52.113]]],[[[-75.061,-51.882],[-75.074,-51.892],[-75.087,-51.898],[-75.061,-51.882]]],[[[-74.51,-51.715],[-74.096,-51.877],[-74.369,-51.891],[-74.51,-51.715]]],[[[-73.79,-51.735],[-73.778,-51.749],[-73.771,-51.766],[-73.79,-51.735]]],[[[-75.071,-51.982],[-74.958,-51.816],[-74.832,-51.837],[-74.903,-51.621],[-74.763,-51.783],[-74.95,-52.111],[-75.071,-51.982]]],[[[-73.927,-51.766],[-74.241,-51.699],[-74.082,-51.538],[-73.927,-51.766]]],[[[-74.197,-51.427],[-74.222,-51.422],[-74.239,-51.41],[-74.197,-51.427]]],[[[-74.996,-51.362],[-75.161,-51.427],[-75.142,-51.565],[-75.325,-51.577],[-75.22,-51.305],[-74.996,-51.362]]],[[[-73.793,-51.259],[-73.765,-51.282],[-73.755,-51.298],[-73.793,-51.259]]],[[[-75.024,-51.456],[-74.715,-51.194],[-74.544,-51.365],[-74.687,-51.283],[-74.783,-51.427],[-75.024,-51.456]]],[[[-74.865,-51.122],[-74.864,-51.129],[-74.861,-51.136],[-74.865,-51.122]]],[[[-74.385,-51.144],[-74.605,-51.08],[-74.47,-51.026],[-74.52,-51.096],[-74.385,-51.144]]],[[[-74.352,-50.926],[-74.197,-51.175],[-74.285,-51.236],[-74.352,-50.926]]],[[[-74.379,-51.004],[-74.725,-51.105],[-74.681,-51.008],[-74.832,-51.076],[-74.967,-50.964],[-74.625,-50.925],[-74.558,-50.817],[-74.66,-50.728],[-74.4,-50.844],[-74.379,-51.004]]],[[[-74.962,-50.769],[-74.805,-50.666],[-74.66,-50.824],[-74.962,-50.769]]],[[[-74.981,-50.8],[-75.113,-50.721],[-74.985,-50.657],[-74.981,-50.8]]],[[[-74.609,-50.515],[-74.584,-50.531],[-74.603,-50.563],[-74.609,-50.515]]],[[[-75.097,-50.497],[-75.346,-50.561],[-75.308,-50.789],[-75.514,-50.657],[-75.359,-50.591],[-75.417,-50.465],[-75.097,-50.497]]],[[[-74.673,-50.474],[-74.383,-50.456],[-74.239,-50.676],[-74.427,-50.653],[-74.181,-50.808],[-74.517,-50.732],[-74.581,-50.634],[-74.42,-50.528],[-74.673,-50.474]]],[[[-74.544,-50.392],[-74.785,-50.489],[-74.737,-50.372],[-74.544,-50.392]]],[[[-75.461,-50.35],[-75.367,-50.147],[-75.146,-50.249],[-75.12,-50.139],[-75.383,-50.077],[-75.325,-50.002],[-74.953,-50.08],[-75.071,-50.186],[-74.791,-50.146],[-75.223,-50.436],[-75.323,-50.4],[-75.195,-50.303],[-75.461,-50.35]]],[[[-75.635,-49.782],[-75.495,-49.557],[-75.178,-49.884],[-75.34,-49.86],[-75.366,-49.72],[-75.617,-49.864],[-75.635,-49.782]]],[[[-75.521,-49.379],[-75.506,-49.387],[-75.49,-49.403],[-75.521,-49.379]]],[[[-74.89,-49.095],[-74.936,-49.28],[-75.236,-49.145],[-75.126,-49.021],[-74.89,-49.095]]],[[[-75.661,-49.206],[-75.394,-48.998],[-75.287,-49.087],[-75.508,-49.268],[-75.661,-49.206]]],[[[-75.208,-49.035],[-75.659,-48.932],[-75.394,-48.829],[-75.208,-49.035]]],[[[-75.309,-48.801],[-75.064,-48.948],[-75.223,-48.979],[-75.309,-48.801]]],[[[-75.469,-49.322],[-75.167,-49.501],[-75.323,-49.264],[-75.092,-49.37],[-75.187,-49.295],[-75.037,-49.26],[-75.092,-49.2],[-74.893,-49.364],[-74.805,-49.104],[-74.955,-49.007],[-74.824,-48.95],[-74.969,-48.987],[-75.015,-48.892],[-74.873,-48.843],[-75.058,-48.817],[-74.697,-48.68],[-74.635,-48.855],[-74.544,-48.706],[-74.446,-49.302],[-74.605,-49.714],[-74.508,-49.62],[-74.42,-49.734],[-74.536,-49.747],[-74.435,-49.789],[-74.474,-49.945],[-74.612,-49.912],[-74.536,-49.995],[-74.868,-50.016],[-74.66,-49.953],[-74.9,-49.95],[-74.729,-49.843],[-74.921,-49.679],[-74.708,-49.638],[-74.891,-49.549],[-74.646,-49.35],[-74.988,-49.479],[-75.01,-49.899],[-75.469,-49.322]]],[[[-75.058,-48.671],[-75.119,-48.817],[-75.249,-48.767],[-75.058,-48.671]]],[[[-75.024,-48.689],[-75.018,-48.681],[-75.005,-48.681],[-75.024,-48.689]]],[[[-75.339,-48.624],[-75.328,-48.627],[-75.326,-48.634],[-75.339,-48.624]]],[[[-75.318,-48.59],[-75.557,-48.701],[-75.441,-48.611],[-75.675,-48.583],[-75.622,-48.446],[-75.394,-48.425],[-75.318,-48.59]]],[[[-74.51,-48.408],[-74.303,-48.48],[-74.429,-48.526],[-74.51,-48.408]]],[[[-74.091,-48.48],[-74.111,-48.474],[-74.179,-48.443],[-74.091,-48.48]]],[[[-74.495,-48.35],[-74.314,-48.281],[-74.223,-48.445],[-74.495,-48.35]]],[[[-74.483,-48.607],[-74.621,-48.692],[-75.033,-48.504],[-74.846,-48.39],[-74.717,-48.454],[-74.814,-48.343],[-74.738,-48.126],[-74.599,-48.564],[-74.483,-48.607]]],[[[-74.605,-48.157],[-74.373,-48.253],[-74.534,-48.336],[-74.605,-48.157]]],[[[-75.256,-48.075],[-74.805,-48.174],[-74.841,-48.359],[-75.031,-48.444],[-75.256,-48.075]]],[[[-75.585,-48.086],[-75.351,-48.004],[-75.071,-48.596],[-75.24,-48.701],[-75.318,-48.349],[-75.537,-48.416],[-75.346,-48.295],[-75.544,-48.322],[-75.434,-48.199],[-75.54,-48.226],[-75.585,-48.086]]],[[[-75.271,-48.028],[-75.168,-47.894],[-74.788,-47.812],[-74.835,-48.008],[-74.727,-48.106],[-75.271,-48.028]]],[[[-74.503,-47.918],[-74.249,-47.877],[-74.29,-47.807],[-73.809,-47.887],[-74.503,-47.918]]],[[[-75.356,-47.736],[-75.092,-47.68],[-75.024,-47.803],[-75.227,-47.855],[-75.356,-47.736]]],[[[-74.885,-47.712],[-74.861,-47.744],[-74.868,-47.763],[-74.885,-47.712]]],[[[-74.469,-47.075],[-74.439,-47.061],[-74.398,-47.049],[-74.469,-47.075]]],[[[-73.975,-47.048],[-74.146,-47.171],[-74.231,-47.102],[-73.975,-47.048]]],[[[-73.68,-46.088],[-73.775,-46.199],[-73.941,-46.068],[-73.68,-46.088]]],[[[-73.683,-46.018],[-73.826,-45.986],[-73.756,-45.889],[-73.683,-46.018]]],[[[-74.713,-45.822],[-74.952,-46.111],[-75.106,-46.047],[-74.859,-45.999],[-75.113,-45.886],[-74.713,-45.822]]],[[[-73.694,-45.889],[-73.946,-45.925],[-73.742,-45.794],[-73.694,-45.889]]],[[[-73.927,-45.745],[-74.016,-45.914],[-74.102,-45.789],[-73.927,-45.745]]],[[[-74.791,-45.633],[-74.75,-45.698],[-74.752,-45.7],[-74.791,-45.633]]],[[[-74.539,-45.587],[-74.596,-45.746],[-74.706,-45.701],[-74.539,-45.587]]],[[[-74.115,-45.6],[-73.901,-45.628],[-74.0,-45.722],[-74.115,-45.6]]],[[[-74.503,-45.732],[-74.404,-45.447],[-74.208,-45.636],[-74.503,-45.732]]],[[[-73.584,-45.513],[-73.654,-45.753],[-73.818,-45.643],[-73.722,-45.458],[-73.584,-45.513]]],[[[-73.817,-45.475],[-74.145,-45.558],[-74.064,-45.423],[-73.817,-45.475]]],[[[-74.571,-45.54],[-74.446,-45.428],[-74.501,-45.588],[-74.571,-45.54]]],[[[-73.824,-45.396],[-73.838,-45.41],[-73.863,-45.42],[-73.824,-45.396]]],[[[-74.341,-45.338],[-74.334,-45.352],[-74.329,-45.366],[-74.341,-45.338]]],[[[-73.824,-45.266],[-73.81,-45.279],[-73.792,-45.302],[-73.824,-45.266]]],[[[-74.271,-45.216],[-74.325,-45.302],[-74.42,-45.232],[-74.271,-45.216]]],[[[-74.25,-45.11],[-73.889,-44.992],[-73.701,-45.161],[-73.768,-45.285],[-74.25,-45.11]]],[[[-73.913,-44.95],[-74.364,-44.997],[-74.164,-44.865],[-73.913,-44.95]]],[[[-73.962,-44.81],[-73.974,-44.835],[-74.003,-44.848],[-73.962,-44.81]]],[[[-73.931,-44.789],[-73.911,-44.775],[-73.898,-44.769],[-73.931,-44.789]]],[[[-75.022,-44.844],[-75.131,-44.926],[-75.2,-44.817],[-75.022,-44.844]]],[[[-73.605,-44.745],[-73.652,-44.839],[-73.756,-44.78],[-73.605,-44.745]]],[[[-74.341,-44.806],[-74.332,-44.813],[-74.318,-44.827],[-74.341,-44.806]]],[[[-74.482,-44.636],[-74.469,-44.639],[-74.461,-44.647],[-74.482,-44.636]]],[[[-73.876,-44.694],[-74.269,-44.805],[-74.414,-44.686],[-74.026,-44.603],[-73.876,-44.694]]],[[[-74.777,-44.581],[-74.742,-44.572],[-74.733,-44.593],[-74.777,-44.581]]],[[[-73.592,-44.707],[-73.844,-44.653],[-73.7,-44.537],[-73.592,-44.707]]],[[[-74.194,-44.492],[-74.177,-44.504],[-74.154,-44.539],[-74.194,-44.492]]],[[[-74.036,-44.498],[-74.059,-44.476],[-74.144,-44.458],[-74.036,-44.498]]],[[[-74.393,-44.547],[-74.421,-44.547],[-74.494,-44.536],[-74.393,-44.547]]],[[[-73.79,-44.423],[-73.783,-44.443],[-73.797,-44.455],[-73.79,-44.423]]],[[[-72.721,-44.528],[-72.981,-44.601],[-72.838,-44.71],[-73.257,-44.94],[-73.408,-44.822],[-73.207,-44.793],[-73.393,-44.789],[-73.468,-44.643],[-73.241,-44.639],[-73.281,-44.542],[-73.132,-44.545],[-73.246,-44.437],[-73.036,-44.485],[-73.002,-44.361],[-72.981,-44.512],[-72.872,-44.437],[-72.721,-44.528]]],[[[-73.726,-44.425],[-73.79,-44.382],[-73.746,-44.364],[-73.726,-44.425]]],[[[-73.927,-44.355],[-73.941,-44.451],[-74.112,-44.327],[-73.927,-44.355]]],[[[-73.263,-44.388],[-73.283,-44.382],[-73.298,-44.368],[-73.263,-44.388]]],[[[-73.865,-44.334],[-73.896,-44.335],[-73.932,-44.329],[-73.865,-44.334]]],[[[-74.387,-44.25],[-74.367,-44.247],[-74.344,-44.246],[-74.387,-44.25]]],[[[-73.742,-44.265],[-73.698,-44.242],[-73.676,-44.241],[-73.742,-44.265]]],[[[-74.126,-44.2],[-73.894,-44.239],[-74.031,-44.326],[-74.126,-44.2]]],[[[-74.277,-44.149],[-74.27,-44.155],[-74.261,-44.164],[-74.277,-44.149]]],[[[-73.883,-44.118],[-73.868,-44.131],[-73.865,-44.139],[-73.883,-44.118]]],[[[-74.297,-44.012],[-74.277,-44.012],[-74.208,-44.019],[-74.297,-44.012]]],[[[-73.745,-43.954],[-73.728,-43.941],[-73.711,-43.937],[-73.745,-43.954]]],[[[-73.286,-43.95],[-73.141,-43.904],[-73.173,-44.026],[-73.286,-43.95]]],[[[-73.762,-43.889],[-74.167,-43.861],[-73.865,-43.763],[-73.762,-43.889]]],[[[-74.827,-43.572],[-74.557,-43.627],[-74.775,-43.675],[-74.827,-43.572]]],[[[-73.611,-42.936],[-73.588,-42.914],[-73.553,-42.919],[-73.611,-42.936]]],[[[-73.605,-42.579],[-73.599,-42.594],[-73.608,-42.622],[-73.605,-42.579]]],[[[-73.412,-42.526],[-73.413,-42.529],[-73.418,-42.538],[-73.412,-42.526]]],[[[-73.088,-42.247],[-73.079,-42.257],[-73.072,-42.267],[-73.088,-42.247]]],[[[-72.543,-42.141],[-72.608,-42.112],[-72.618,-42.104],[-72.543,-42.141]]],[[[-74.407,-43.238],[-74.167,-42.883],[-74.036,-41.771],[-73.866,-41.892],[-73.502,-41.84],[-73.578,-41.945],[-73.374,-42.257],[-73.682,-42.37],[-73.611,-42.512],[-73.824,-42.514],[-73.492,-42.819],[-73.708,-42.867],[-73.49,-43.1],[-73.776,-43.118],[-73.682,-43.381],[-74.085,-43.402],[-74.407,-43.238]]],[[[-73.088,-41.836],[-73.067,-41.737],[-73.003,-41.844],[-73.088,-41.836]]],[[[-73.037,-54.456],[-72.973,-54.445],[-72.958,-54.447],[-73.037,-54.456]]],[[[-70.403,-54.079],[-70.36,-54.071],[-70.34,-54.058],[-70.403,-54.079]]],[[[-70.687,-52.847],[-70.632,-52.833],[-70.619,-52.843],[-70.687,-52.847]]],[[[-74.428,-52.504],[-74.415,-52.505],[-74.394,-52.52],[-74.428,-52.504]]],[[[-74.452,-52.395],[-74.538,-52.404],[-74.508,-52.304],[-74.452,-52.395]]],[[[-73.698,-51.908],[-73.767,-52.005],[-73.979,-51.839],[-73.698,-51.908]]],[[[-74.359,-51.338],[-74.345,-51.342],[-74.329,-51.358],[-74.359,-51.338]]],[[[-74.97,-50.288],[-74.927,-50.275],[-74.889,-50.295],[-74.97,-50.288]]],[[[-74.469,-49.501],[-74.427,-49.427],[-74.288,-49.548],[-74.415,-49.624],[-74.469,-49.501]]],[[[-74.52,-47.838],[-74.644,-47.923],[-74.689,-47.834],[-74.52,-47.838]]],[[[-75.323,-46.685],[-75.282,-46.684],[-75.252,-46.682],[-75.323,-46.685]]],[[[-74.253,-43.35],[-74.247,-43.353],[-74.247,-43.37],[-74.253,-43.35]]],[[[-73.691,-43.188],[-73.672,-43.19],[-73.656,-43.196],[-73.691,-43.188]]],[[[-73.009,-42.695],[-72.996,-42.7],[-72.99,-42.717],[-73.009,-42.695]]],[[[-73.307,-42.627],[-73.278,-42.628],[-73.274,-42.628],[-73.307,-42.627]]],[[[-73.882,-38.361],[-73.875,-38.368],[-73.872,-38.387],[-73.882,-38.361]]],[[[-73.541,-36.989],[-73.533,-36.973],[-73.523,-36.975],[-73.541,-36.989]]]]}},{"type":"Feature","properties":{"iso3":"BOL","name":"Bolivia"},"geometry":{"type":"Polygon","coordinates":[[[-69.666,-17.288],[-68.833,-16.329],[-69.185,-16.195],[-69.43,-15.626],[-69.148,-15.233],[-69.384,-14.982],[-69.371,-14.802],[-68.864,-14.191],[-69.102,-13.667],[-68.971,-13.501],[-68.981,-12.868],[-68.684,-12.502],[-69.578,-10.952],[-68.805,-10.995],[-68.776,-11.141],[-68.616,-11.112],[-68.293,-10.979],[-68.044,-10.667],[-67.722,-10.705],[-67.585,-10.502],[-66.643,-9.908],[-65.789,-9.733],[-65.584,-9.837],[-65.416,-9.68],[-65.285,-10.207],[-65.45,-10.468],[-65.3,-10.97],[-65.387,-11.278],[-65.009,-11.984],[-64.489,-12.239],[-64.49,-12.374],[-64.288,-12.497],[-63.801,-12.455],[-63.318,-12.702],[-63.075,-12.653],[-62.79,-13.001],[-62.115,-13.15],[-61.836,-13.541],[-61.047,-13.465],[-60.473,-13.798],[-60.27,-15.083],[-60.582,-15.099],[-60.246,-15.478],[-60.161,-16.265],[-58.35,-16.28],[-58.48,-16.684],[-58.399,-17.237],[-57.801,-17.533],[-57.466,-18.218],[-57.782,-18.91],[-57.716,-19.045],[-58.125,-19.73],[-57.86,-19.98],[-58.159,-20.165],[-58.175,-19.821],[-59.09,-19.287],[-60.006,-19.298],[-61.753,-19.646],[-62.269,-20.553],[-62.276,-21.067],[-62.65,-22.234],[-62.819,-22.001],[-63.933,-22.002],[-64.325,-22.872],[-64.596,-22.207],[-65.745,-22.114],[-66.222,-21.787],[-66.308,-22.077],[-66.736,-22.225],[-66.785,-22.428],[-67.033,-22.525],[-67.194,-22.822],[-67.771,-22.889],[-67.887,-22.819],[-67.859,-22.547],[-68.208,-21.284],[-68.555,-20.914],[-68.481,-20.625],[-68.765,-20.421],[-68.679,-20.329],[-68.793,-20.107],[-68.588,-20.056],[-68.542,-19.92],[-68.703,-19.716],[-68.448,-19.435],[-68.99,-18.946],[-69.155,-18.14],[-69.082,-18.04],[-69.302,-17.976],[-69.523,-17.369],[-69.666,-17.288]]]}},{"type":"Feature","properties":{"iso3":"PER","name":"Peru"},"geometry":{"type":"MultiPolygon","coordinates":[[[[-81.338,-4.678],[-81.264,-4.252],[-80.341,-3.393],[-80.165,-3.89],[-80.492,-4.015],[-80.47,-4.213],[-80.345,-4.198],[-80.484,-4.434],[-80.14,-4.283],[-79.833,-4.479],[-79.658,-4.439],[-79.303,-4.961],[-79.064,-5.011],[-78.673,-4.551],[-78.351,-3.39],[-78.164,-3.477],[-78.196,-3.364],[-77.868,-2.99],[-76.625,-2.538],[-75.573,-1.537],[-75.413,-0.924],[-75.227,-0.963],[-75.261,-0.543],[-75.643,-0.129],[-75.344,-0.149],[-75.207,-0.029],[-74.825,-0.17],[-74.791,-0.313],[-74.418,-0.543],[-74.267,-0.972],[-73.637,-1.255],[-73.497,-1.478],[-73.531,-1.674],[-73.193,-1.789],[-73.111,-2.073],[-73.198,-2.214],[-72.935,-2.425],[-72.644,-2.334],[-72.176,-2.41],[-71.746,-2.132],[-71.421,-2.376],[-70.905,-2.211],[-70.648,-2.451],[-70.106,-2.625],[-70.051,-2.715],[-70.734,-3.782],[-70.311,-3.829],[-69.989,-4.315],[-70.206,-4.343],[-70.331,-4.143],[-70.647,-4.116],[-70.969,-4.385],[-71.907,-4.518],[-72.645,-5.061],[-72.918,-5.132],[-72.977,-5.652],[-73.235,-6.078],[-73.148,-6.476],[-73.759,-6.887],[-73.713,-7.305],[-73.983,-7.356],[-74.018,-7.544],[-73.712,-7.788],[-73.785,-7.94],[-73.541,-8.359],[-72.976,-8.985],[-73.215,-9.409],[-72.313,-9.533],[-72.196,-10.006],[-71.3,-9.993],[-70.525,-9.431],[-70.624,-9.566],[-70.542,-9.708],[-70.638,-9.852],[-70.641,-11.011],[-69.578,-10.952],[-68.684,-12.502],[-68.981,-12.868],[-68.971,-13.501],[-69.102,-13.667],[-68.864,-14.191],[-69.371,-14.802],[-69.384,-14.982],[-69.148,-15.233],[-69.43,-15.626],[-69.185,-16.195],[-68.833,-16.329],[-69.028,-16.454],[-69.037,-16.67],[-69.623,-17.186],[-69.51,-17.507],[-69.85,-17.692],[-69.865,-18.145],[-70.395,-18.338],[-71.384,-17.698],[-71.515,-17.285],[-72.118,-17.019],[-72.44,-16.714],[-73.701,-16.245],[-75.049,-15.461],[-75.507,-14.918],[-75.931,-14.649],[-76.29,-14.167],[-76.293,-13.9],[-76.394,-13.908],[-76.362,-13.802],[-76.254,-13.851],[-76.221,-13.358],[-76.791,-12.381],[-77.175,-12.072],[-77.211,-11.646],[-77.647,-11.292],[-77.671,-10.928],[-78.182,-10.111],[-78.229,-9.794],[-78.986,-8.217],[-79.466,-7.716],[-79.613,-7.266],[-80.005,-6.741],[-81.131,-6.035],[-81.15,-5.883],[-81.075,-5.787],[-80.94,-5.851],[-80.856,-5.65],[-81.198,-5.208],[-81.063,-5.022],[-81.338,-4.678]]],[[[-76.195,-14.263],[-76.189,-14.275],[-76.186,-14.283],[-76.195,-14.263]]],[[[-76.444,-13.83],[-76.437,-13.834],[-76.437,-13.844],[-76.444,-13.83]]],[[[-77.233,-12.065],[-77.194,-12.1],[-77.185,-12.109],[-77.233,-12.065]]],[[[-80.843,-6.382],[-80.849,-6.389],[-80.855,-6.406],[-80.843,-6.382]]]]}},{"type":"Feature","properties":{"iso3":"ARG","name":"Argentina"},"geometry":{"type":"MultiPolygon","coordinates":[[[[-53.662,-26.26],[-53.83,-27.157],[-54.177,-27.243],[-54.287,-27.428],[-54.805,-27.526],[-54.913,-27.737],[-55.081,-27.778],[-55.03,-27.851],[-55.773,-28.232],[-55.694,-28.4],[-55.906,-28.378],[-56.428,-29.07],[-57.094,-29.752],[-57.292,-29.815],[-57.89,-30.551],[-57.796,-30.868],[-58.075,-31.475],[-57.98,-31.599],[-58.049,-31.797],[-58.203,-31.893],[-58.097,-32.281],[-58.22,-32.49],[-58.147,-33.05],[-58.43,-33.103],[-58.549,-33.705],[-58.379,-34.188],[-58.57,-34.288],[-58.315,-34.657],[-57.249,-35.249],[-57.128,-35.441],[-57.353,-35.728],[-57.366,-35.988],[-56.939,-36.385],[-56.741,-36.317],[-56.672,-36.601],[-56.686,-36.928],[-57.487,-37.832],[-57.558,-38.121],[-58.331,-38.493],[-59.797,-38.838],[-61.518,-39.011],[-62.38,-38.798],[-62.274,-38.955],[-62.326,-39.255],[-62.024,-39.365],[-62.284,-39.311],[-62.056,-39.452],[-62.114,-39.821],[-62.305,-39.811],[-62.36,-40.192],[-62.49,-40.308],[-62.264,-40.552],[-62.33,-40.669],[-62.182,-40.627],[-62.338,-40.873],[-62.729,-41.041],[-63.779,-41.159],[-64.911,-40.824],[-64.745,-40.797],[-64.796,-40.723],[-65.132,-40.842],[-65.005,-42.093],[-64.481,-42.255],[-64.602,-42.422],[-64.445,-42.447],[-64.104,-42.428],[-64.068,-42.27],[-64.34,-42.237],[-63.769,-42.078],[-63.598,-42.3],[-63.62,-42.751],[-64.108,-42.884],[-64.251,-42.775],[-64.202,-42.635],[-64.438,-42.507],[-64.946,-42.654],[-64.997,-42.785],[-64.302,-42.981],[-64.944,-43.239],[-65.331,-43.663],[-65.187,-44.036],[-65.309,-44.2],[-65.217,-44.366],[-65.727,-44.81],[-65.521,-44.932],[-65.691,-45.063],[-66.2,-44.993],[-66.588,-45.139],[-66.524,-45.216],[-66.929,-45.257],[-67.578,-45.993],[-67.622,-46.164],[-67.423,-46.567],[-66.786,-47.007],[-65.98,-47.066],[-65.745,-47.204],[-65.846,-47.742],[-66.389,-47.864],[-65.902,-47.77],[-65.762,-47.949],[-65.927,-47.941],[-65.917,-48.114],[-67.114,-48.674],[-67.557,-49.016],[-67.831,-49.38],[-67.608,-49.265],[-67.895,-49.997],[-68.342,-50.118],[-68.74,-49.728],[-68.577,-49.928],[-69.013,-50.008],[-68.583,-49.97],[-68.35,-50.149],[-68.876,-50.331],[-69.077,-50.56],[-69.137,-50.903],[-69.411,-51.084],[-69.168,-50.978],[-68.963,-51.56],[-69.617,-51.625],[-68.974,-51.62],[-68.362,-52.339],[-69.953,-52.007],[-71.965,-51.971],[-71.982,-51.845],[-72.45,-51.553],[-72.259,-51.245],[-72.405,-51.106],[-72.266,-50.961],[-72.303,-50.649],[-72.756,-50.616],[-73.178,-50.749],[-73.284,-50.333],[-73.531,-50.141],[-73.573,-49.932],[-73.06,-49.555],[-73.171,-49.189],[-72.619,-48.82],[-72.577,-48.452],[-72.302,-48.348],[-72.343,-48.07],[-72.544,-47.915],[-72.361,-47.451],[-72.171,-47.408],[-72.03,-47.198],[-71.881,-47.222],[-72.005,-47.062],[-71.95,-46.814],[-71.687,-46.69],[-71.763,-46.245],[-71.915,-46.152],[-71.612,-45.971],[-71.758,-45.848],[-71.765,-45.572],[-71.489,-45.499],[-71.317,-45.267],[-71.589,-44.978],[-72.074,-44.902],[-72.089,-44.783],[-71.298,-44.796],[-71.122,-44.549],[-71.21,-44.428],[-71.861,-44.377],[-71.859,-44.108],[-71.66,-43.926],[-71.819,-43.758],[-71.714,-43.602],[-71.955,-43.444],[-71.743,-43.19],[-72.129,-43.042],[-72.148,-42.593],[-72.04,-42.145],[-71.736,-42.084],[-71.926,-41.653],[-71.851,-40.938],[-71.956,-40.72],[-71.674,-40.324],[-71.824,-40.21],[-71.617,-39.91],[-71.714,-39.601],[-71.504,-39.602],[-71.4,-38.911],[-70.945,-38.747],[-70.838,-38.584],[-71.185,-37.706],[-71.206,-37.293],[-71.089,-37.103],[-71.195,-36.839],[-71.043,-36.484],[-70.719,-36.415],[-70.711,-36.266],[-70.387,-36.059],[-70.428,-35.357],[-70.579,-35.26],[-70.387,-35.167],[-70.316,-34.746],[-70.058,-34.291],[-69.829,-34.233],[-69.914,-33.772],[-69.788,-33.379],[-70.109,-33.17],[-70.0,-32.877],[-70.156,-32.738],[-70.389,-32.053],[-70.244,-31.942],[-70.464,-31.838],[-70.59,-31.568],[-70.541,-31.188],[-70.267,-31.036],[-70.339,-30.938],[-70.173,-30.365],[-69.965,-30.375],[-69.836,-30.162],[-69.98,-30.072],[-69.916,-29.806],[-70.041,-29.298],[-69.804,-29.099],[-69.653,-28.398],[-69.19,-27.951],[-68.814,-27.12],[-68.33,-27.045],[-68.305,-26.898],[-68.595,-26.457],[-68.409,-26.144],[-68.606,-25.437],[-68.516,-25.184],[-68.367,-25.123],[-68.572,-24.77],[-68.244,-24.385],[-67.34,-24.001],[-67.02,-23.032],[-67.194,-22.822],[-67.033,-22.525],[-66.785,-22.428],[-66.713,-22.206],[-66.308,-22.077],[-66.222,-21.787],[-65.745,-22.114],[-64.596,-22.207],[-64.325,-22.872],[-63.948,-22.008],[-62.804,-22.004],[-62.625,-22.305],[-62.241,-22.538],[-61.956,-23.034],[-61.11,-23.607],[-61.006,-23.805],[-60.034,-24.007],[-58.809,-24.777],[-57.754,-25.181],[-57.575,-25.564],[-57.775,-25.702],[-57.873,-26.01],[-58.151,-26.181],[-58.179,-26.651],[-58.653,-27.156],[-58.604,-27.316],[-58.022,-27.26],[-57.18,-27.487],[-56.546,-27.455],[-56.4,-27.587],[-56.125,-27.299],[-55.755,-27.444],[-55.414,-26.98],[-55.138,-26.954],[-54.793,-26.645],[-54.6,-25.575],[-54.447,-25.689],[-54.116,-25.495],[-53.91,-25.629],[-53.662,-26.26]]],[[[-68.654,-54.886],[-68.642,-54.799],[-68.568,-54.878],[-68.654,-54.886]]],[[[-68.642,-54.783],[-68.628,-52.64],[-68.226,-53.102],[-68.35,-53.016],[-68.551,-53.239],[-68.111,-53.344],[-67.984,-53.601],[-67.572,-53.908],[-66.482,-54.466],[-65.844,-54.647],[-65.142,-54.647],[-65.359,-54.927],[-65.966,-54.902],[-66.451,-55.052],[-68.642,-54.783]]],[[[-63.812,-54.73],[-64.624,-54.904],[-64.759,-54.832],[-64.542,-54.716],[-63.812,-54.73]]],[[[-61.907,-39.137],[-61.903,-39.132],[-61.895,-39.14],[-61.907,-39.137]]],[[[-62.086,-39.023],[-62.1,-39.035],[-62.12,-39.033],[-62.086,-39.023]]],[[[-62.029,-40.455],[-62.109,-40.564],[-62.237,-40.51],[-62.173,-40.375],[-62.029,-40.455]]],[[[-62.015,-40.175],[-62.021,-40.344],[-62.133,-40.181],[-62.015,-40.175]]]]}},{"type":"Feature","properties":{"iso3":"CYP","name":"Cyprus"},"geometry":{"type":"MultiPolygon","coordinates":[[[[33.782,34.976],[33.781,34.976],[33.78,34.979],[33.782,34.976]]],[[[33.743,35.001],[33.74,35.003],[33.739,35.005],[33.743,35.001]]],[[[33.703,34.988],[33.606,34.822],[32.963,34.625],[32.459,34.722],[32.272,35.073],[32.66,35.187],[32.826,35.059],[33.416,35.16],[33.459,34.978],[33.703,34.988]]],[[[33.898,35.061],[33.911,35.057],[33.921,35.053],[33.898,35.061]]]]}},{"type":"Feature","properties":{"iso3":"IND","name":"India"},"geometry":{"type":"MultiPolygon","coordinates":[[[[97.362,27.995],[96.862,27.599],[97.119,27.087],[96.705,27.361],[96.143,27.258],[95.123,26.612],[95.042,26.288],[95.151,26.05],[95.001,25.922],[95.009,25.737],[94.608,25.395],[94.553,25.204],[94.709,25.026],[94.132,23.857],[93.31,24.064],[93.43,23.68],[93.375,23.13],[93.14,23.032],[93.071,22.693],[93.174,22.259],[92.877,21.957],[92.684,22.154],[92.576,21.978],[92.259,23.706],[91.923,23.723],[91.941,23.495],[91.744,23.272],[91.796,23.089],[91.586,22.944],[91.394,23.263],[91.314,23.101],[91.136,23.63],[91.363,24.1],[91.733,24.234],[91.877,24.158],[91.9,24.338],[92.108,24.406],[92.223,24.891],[92.484,24.928],[92.034,25.182],[90.365,25.15],[89.819,25.285],[89.829,25.979],[89.653,26.223],[89.542,25.96],[89.335,25.999],[89.119,26.147],[89.044,26.381],[88.891,26.386],[89.019,26.234],[88.663,26.264],[88.656,26.415],[88.373,26.612],[88.315,26.465],[88.498,26.353],[88.164,26.14],[88.088,25.831],[88.985,25.285],[88.924,25.168],[88.441,25.19],[88.323,24.875],[88.115,24.916],[88.022,24.646],[88.475,24.315],[88.738,24.287],[88.714,23.925],[88.54,23.65],[88.77,23.489],[88.697,23.252],[88.96,23.203],[88.839,22.976],[89.078,22.151],[89.061,21.938],[88.905,21.969],[89.083,21.617],[88.859,21.767],[88.859,21.637],[88.708,21.578],[88.763,22.131],[88.631,21.945],[88.66,22.205],[88.572,21.558],[88.488,21.557],[88.496,21.952],[88.456,21.624],[88.331,21.719],[88.31,21.61],[88.262,21.799],[88.254,21.555],[88.198,22.168],[87.907,22.425],[88.164,22.09],[87.834,21.729],[87.201,21.552],[86.918,21.327],[86.844,21.082],[86.966,20.806],[86.879,20.781],[87.043,20.698],[86.751,20.489],[86.755,20.314],[86.495,20.184],[86.426,19.999],[86.153,20.143],[86.372,19.965],[85.48,19.666],[85.57,19.876],[85.268,19.78],[85.124,19.478],[85.248,19.656],[85.391,19.691],[85.331,19.576],[85.577,19.691],[84.739,19.148],[84.113,18.298],[83.452,17.923],[83.239,17.593],[82.388,17.127],[82.253,16.929],[82.367,16.909],[82.307,16.58],[81.763,16.323],[81.26,16.333],[81.013,15.778],[80.896,16.031],[80.807,15.716],[80.67,15.908],[80.28,15.701],[80.053,15.093],[80.197,14.565],[80.047,14.207],[80.136,14.229],[80.314,13.441],[80.142,13.729],[80.053,13.619],[80.327,13.43],[80.333,13.198],[80.18,12.533],[79.786,11.769],[79.819,11.381],[79.676,11.296],[79.833,11.342],[79.857,10.293],[79.286,10.253],[79.279,10.036],[78.913,9.474],[79.454,9.159],[78.989,9.278],[78.412,9.1],[78.183,8.877],[78.056,8.364],[77.565,8.083],[76.996,8.368],[76.544,8.913],[76.668,9.007],[76.528,8.947],[76.363,9.325],[76.251,9.963],[76.357,9.521],[76.503,9.535],[76.182,10.106],[76.24,10.239],[76.153,10.22],[75.736,11.372],[75.325,11.899],[75.393,11.975],[75.194,12.022],[74.828,12.825],[74.941,12.879],[74.818,12.862],[74.736,13.654],[74.352,14.53],[74.428,14.476],[74.096,14.793],[74.235,14.877],[74.112,14.846],[73.913,15.079],[73.783,15.408],[73.968,15.374],[73.737,15.572],[73.838,15.661],[73.718,15.627],[73.447,16.069],[73.201,17.586],[72.927,18.224],[73.072,18.273],[72.891,18.429],[72.925,18.536],[73.015,18.47],[72.852,18.72],[72.927,18.827],[72.995,18.731],[72.897,18.894],[73.057,19.015],[72.975,19.163],[72.77,18.948],[72.785,19.314],[73.05,19.218],[72.763,19.38],[72.879,19.532],[72.723,19.536],[72.649,19.852],[72.947,20.759],[72.81,21.13],[72.615,21.106],[72.735,21.199],[72.565,21.386],[73.132,21.758],[72.55,21.667],[72.735,21.994],[72.502,21.976],[72.575,22.195],[72.917,22.271],[72.466,22.233],[72.397,22.367],[72.149,22.278],[72.306,22.23],[72.308,22.079],[72.097,22.007],[72.029,21.939],[72.169,21.841],[72.058,21.899],[71.996,21.8],[72.299,21.626],[72.105,21.205],[71.141,20.766],[70.74,20.718],[70.054,21.153],[68.945,22.295],[69.074,22.482],[69.212,22.274],[69.516,22.448],[69.616,22.356],[70.178,22.562],[70.503,23.104],[70.392,22.941],[70.131,22.994],[69.586,22.761],[68.866,23.02],[68.424,23.446],[68.409,23.621],[68.822,23.878],[68.327,23.587],[68.143,23.613],[68.276,23.666],[68.164,23.758],[68.264,23.936],[68.724,23.965],[68.747,24.331],[68.839,24.236],[68.904,24.321],[69.972,24.165],[70.416,24.402],[70.563,24.424],[70.568,24.273],[70.755,24.231],[71.083,24.412],[70.955,24.585],[71.064,24.683],[70.654,25.397],[70.654,25.674],[70.249,25.708],[70.065,25.98],[70.158,26.53],[69.504,26.735],[69.534,27.126],[70.342,28.011],[70.535,28.016],[70.832,27.701],[71.874,27.96],[72.355,28.767],[72.93,29.048],[73.37,29.927],[73.944,30.188],[73.852,30.373],[74.319,30.893],[74.659,31.084],[74.506,31.175],[74.617,31.459],[74.489,31.711],[74.55,31.827],[75.359,32.262],[75.024,32.466],[74.689,32.471],[74.685,32.831],[74.346,32.767],[74.311,32.994],[74.002,33.178],[74.158,33.494],[73.966,33.735],[74.272,33.962],[73.894,34.054],[73.991,34.219],[73.775,34.371],[73.919,34.643],[74.349,34.773],[75.796,34.508],[76.023,34.677],[76.653,34.747],[77.042,35.107],[77.8,35.495],[78.044,35.492],[78.001,35.269],[78.296,34.625],[78.951,34.349],[78.976,34.217],[78.73,34.079],[78.801,33.494],[79.075,33.296],[79.456,33.25],[79.334,32.994],[79.614,32.765],[79.443,32.535],[79.32,32.592],[78.943,32.346],[78.737,32.63],[78.385,32.548],[78.458,32.23],[78.745,31.964],[78.745,31.308],[78.921,31.27],[79.131,31.438],[79.402,31.024],[79.85,30.954],[80.225,30.734],[80.18,30.559],[81.003,30.213],[80.369,29.758],[80.214,29.417],[80.258,29.202],[80.036,28.837],[81.17,28.361],[81.296,28.128],[81.856,27.851],[82.027,27.912],[82.402,27.677],[82.68,27.694],[82.752,27.495],[83.282,27.331],[83.387,27.47],[83.855,27.345],[83.834,27.434],[84.117,27.513],[84.607,27.31],[84.64,27.028],[85.287,26.737],[85.609,26.851],[85.829,26.566],[86.284,26.612],[86.714,26.415],[87.041,26.58],[87.106,26.405],[87.3,26.346],[87.87,26.465],[87.975,26.367],[88.169,26.744],[87.969,27.111],[88.16,27.774],[88.1,27.928],[88.61,28.106],[88.855,27.859],[88.742,27.532],[88.892,27.316],[88.73,27.151],[89.097,26.821],[89.814,26.696],[90.349,26.897],[90.717,26.767],[91.42,26.872],[91.879,26.803],[92.073,26.888],[91.988,27.122],[92.089,27.292],[91.975,27.472],[91.604,27.532],[91.564,27.851],[91.952,27.725],[92.24,27.865],[92.575,27.848],[92.736,27.986],[92.679,28.133],[93.208,28.341],[93.317,28.603],[93.928,28.683],[93.992,28.845],[94.347,29.024],[94.288,29.148],[94.6,29.317],[94.777,29.167],[95.367,29.036],[95.745,29.34],[96.075,29.369],[96.366,29.257],[96.175,29.109],[96.195,28.941],[96.458,28.995],[96.593,28.758],[96.302,28.421],[97.116,28.367],[97.323,28.217],[97.362,27.995]]],[[[80.968,15.795],[80.983,15.781],[80.989,15.771],[80.968,15.795]]],[[[73.646,10.085],[73.644,10.077],[73.641,10.069],[73.646,10.085]]],[[[73.662,10.145],[73.662,10.145],[73.66,10.143],[73.662,10.145]]],[[[72.65,10.567],[72.639,10.559],[72.633,10.557],[72.65,10.567]]],[[[72.549,10.779],[72.549,10.779],[72.541,10.773],[72.541,10.777],[72.542,10.778],[72.545,10.778],[72.549,10.779]]],[[[73.671,10.83],[73.681,10.828],[73.684,10.828],[73.676,10.824],[73.673,10.825],[73.672,10.827],[73.671,10.83],[73.671,10.83]]],[[[72.75,11.119],[72.748,11.115],[72.747,11.112],[72.75,11.119]]],[[[73.013,11.502],[73.011,11.49],[73.009,11.485],[73.006,11.48],[73.004,11.489],[73.004,11.496],[73.007,11.501],[73.013,11.502]]],[[[72.716,11.694],[72.716,11.694],[72.709,11.689],[72.716,11.694]]],[[[93.873,12.269],[93.854,12.261],[93.852,12.272],[93.861,12.281],[93.873,12.269]]],[[[94.281,13.444],[94.291,13.423],[94.275,13.42],[94.262,13.429],[94.281,13.444]]],[[[93.93,6.959],[93.834,6.746],[93.649,7.013],[93.814,7.242],[93.93,6.959]]],[[[93.734,7.351],[93.594,7.315],[93.697,7.445],[93.734,7.351]]],[[[93.46,7.9],[93.305,7.95],[93.391,8.016],[93.46,7.9]]],[[[93.566,7.999],[93.57,7.989],[93.574,7.969],[93.566,7.999]]],[[[93.447,8.164],[93.523,8.226],[93.538,8.057],[93.484,7.992],[93.447,8.164]]],[[[73.077,8.315],[73.082,8.316],[73.083,8.314],[73.077,8.315]]],[[[93.135,8.24],[93.161,8.229],[93.173,8.221],[93.135,8.24]]],[[[93.608,8.548],[93.622,8.52],[93.627,8.506],[93.608,8.548]]],[[[92.834,9.202],[92.8,9.11],[92.709,9.202],[92.834,9.202]]],[[[92.598,10.709],[92.535,10.525],[92.384,10.529],[92.376,10.775],[92.528,10.895],[92.598,10.709]]],[[[92.7,11.384],[92.594,11.378],[92.636,11.508],[92.7,11.384]]],[[[92.267,11.59],[92.278,11.584],[92.287,11.563],[92.267,11.59]]],[[[93.066,11.899],[92.947,11.99],[93.025,12.032],[93.066,11.899]]],[[[93.103,12.19],[93.104,12.188],[93.104,12.185],[93.103,12.19]]],[[[92.733,12.972],[92.737,12.962],[92.732,12.946],[92.733,12.972]]],[[[92.525,11.857],[92.618,11.866],[92.682,12.22],[92.793,12.208],[92.722,12.599],[92.847,13.345],[93.012,13.578],[93.08,13.413],[92.977,13.345],[93.079,13.26],[93.037,13.062],[92.876,12.917],[92.991,12.519],[92.847,12.434],[92.915,12.338],[92.757,12.077],[92.717,11.494],[92.525,11.857]]],[[[93.039,13.667],[93.043,13.662],[93.053,13.64],[93.039,13.667]]],[[[88.873,21.596],[88.889,21.59],[88.902,21.58],[88.873,21.596]]],[[[88.167,21.765],[88.139,21.63],[88.042,21.668],[88.147,21.87],[88.167,21.765]]],[[[88.636,21.921],[88.65,21.927],[88.663,21.921],[88.636,21.921]]],[[[88.081,21.849],[88.072,21.857],[88.071,21.874],[88.081,21.849]]],[[[72.173,10.809],[72.173,10.83],[72.179,10.849],[72.173,10.809]]],[[[72.789,11.262],[72.789,11.262],[72.796,11.262],[72.789,11.262]]]]}},{"type":"Feature","properties":{"iso3":"CHN","name":"China"},"geometry":{"type":"MultiPolygon","coordinates":[[[[73.602,39.236],[73.633,39.448],[73.927,39.593],[73.819,39.786],[73.966,40.033],[74.862,40.326],[74.835,40.512],[75.194,40.441],[75.56,40.633],[75.682,40.292],[76.244,40.441],[76.314,40.343],[76.861,41.013],[78.075,41.04],[78.658,41.532],[79.843,42.002],[80.231,42.034],[80.144,42.645],[80.248,42.816],[80.549,42.878],[80.368,43.028],[80.793,43.149],[80.339,44.121],[80.356,44.653],[80.492,44.728],[79.858,44.904],[81.665,45.348],[81.95,45.144],[82.245,45.232],[82.54,45.124],[82.632,45.416],[82.291,45.533],[83.021,47.206],[83.905,46.974],[84.664,46.984],[84.74,46.815],[85.499,47.052],[85.679,47.275],[85.515,47.92],[85.719,48.359],[86.565,48.527],[86.752,48.715],[86.709,48.954],[86.859,49.105],[87.816,49.166],[87.873,48.968],[87.738,48.869],[88.059,48.708],[87.983,48.552],[88.503,48.393],[88.596,48.198],[89.046,47.993],[89.542,48.031],[89.751,47.824],[90.045,47.88],[90.345,47.659],[90.469,47.309],[90.885,46.945],[91.047,46.566],[90.896,46.302],[91.002,46.022],[90.711,45.752],[90.651,45.493],[90.873,45.186],[93.525,44.951],[94.698,44.343],[95.398,44.281],[95.319,44.017],[95.535,43.958],[95.874,43.247],[96.319,42.91],[96.358,42.724],[97.193,42.787],[99.474,42.564],[100.017,42.677],[101.525,42.537],[102.034,42.185],[103.073,42.005],[103.691,41.759],[104.501,41.871],[104.505,41.657],[104.974,41.586],[106.768,42.287],[108.177,42.454],[109.485,42.449],[110.407,42.769],[110.973,43.316],[111.933,43.697],[111.397,44.387],[111.739,44.966],[111.958,45.085],[113.605,44.74],[114.089,44.962],[114.534,45.386],[115.667,45.454],[116.17,45.709],[116.568,46.291],[117.337,46.357],[117.394,46.571],[117.798,46.52],[118.269,46.723],[118.847,46.765],[119.317,46.612],[119.854,46.66],[119.896,46.899],[119.7,47.16],[118.542,47.966],[117.767,47.993],[117.361,47.651],[116.822,47.876],[116.244,47.863],[115.915,47.684],[115.576,47.91],[115.514,48.132],[115.8,48.242],[115.8,48.53],[116.684,49.823],[117.837,49.509],[118.644,49.955],[119.316,50.093],[119.357,50.341],[119.138,50.393],[120.1,51.66],[120.648,51.911],[120.779,52.118],[120.626,52.347],[120.724,52.542],[120.079,52.59],[120.033,52.761],[120.874,53.28],[123.614,53.563],[124.87,53.108],[125.074,53.212],[125.621,53.062],[125.734,52.982],[125.646,52.885],[126.088,52.775],[125.991,52.586],[126.212,52.533],[126.439,52.275],[126.317,52.2],[126.556,52.131],[126.439,51.998],[126.909,51.391],[126.809,51.289],[126.972,51.324],[126.932,51.064],[127.287,50.751],[127.331,50.328],[127.591,50.209],[127.487,50.026],[127.539,49.79],[127.855,49.585],[128.672,49.611],[129.115,49.349],[129.481,49.421],[130.202,48.883],[130.674,48.871],[130.53,48.616],[130.759,48.486],[130.824,48.294],[130.675,48.064],[130.966,47.704],[132.525,47.708],[132.675,47.951],[133.075,48.101],[133.524,48.095],[133.738,48.251],[134.386,48.381],[134.719,48.263],[134.559,48.01],[134.773,47.711],[134.557,47.471],[134.184,47.328],[134.227,47.118],[133.846,46.471],[133.902,46.259],[133.687,46.142],[133.477,45.628],[133.18,45.494],[133.099,45.108],[132.921,45.028],[131.853,45.338],[131.434,44.961],[130.933,44.842],[131.264,44.054],[131.161,43.533],[131.281,43.38],[131.103,42.91],[130.407,42.735],[130.572,42.622],[130.531,42.53],[130.263,42.709],[130.239,42.902],[129.88,42.996],[129.703,42.442],[129.34,42.445],[128.94,42.035],[128.035,41.994],[128.303,41.583],[128.146,41.376],[127.135,41.522],[126.93,41.801],[126.679,41.736],[126.522,41.352],[126.008,40.899],[124.896,40.484],[124.137,39.842],[123.773,39.818],[123.657,39.92],[123.428,39.727],[123.417,39.825],[123.252,39.817],[123.223,39.68],[122.29,39.351],[122.042,39.06],[121.827,39.036],[121.871,38.951],[121.725,39.03],[121.587,38.94],[121.696,38.863],[121.18,38.721],[121.118,38.943],[121.674,39.088],[121.59,39.264],[121.943,39.399],[121.526,39.365],[121.436,39.509],[121.223,39.529],[121.533,39.622],[121.471,39.81],[121.874,39.991],[122.302,40.502],[121.851,40.832],[121.868,40.996],[121.74,40.849],[121.361,40.94],[120.982,40.827],[121.021,40.719],[120.825,40.674],[120.472,40.214],[119.536,39.891],[119.209,39.57],[119.279,39.384],[118.926,39.131],[118.874,39.214],[118.326,39.031],[118.028,39.22],[117.715,39.111],[117.775,38.981],[117.544,38.621],[117.716,38.379],[118.065,38.143],[118.95,38.097],[119.26,37.716],[119.069,37.741],[118.97,37.593],[118.961,37.296],[119.146,37.179],[119.771,37.152],[119.859,37.36],[120.323,37.632],[120.216,37.684],[120.738,37.834],[121.138,37.701],[121.172,37.577],[121.394,37.622],[121.57,37.429],[121.988,37.426],[122.122,37.563],[122.183,37.418],[122.688,37.41],[122.55,37.32],[122.629,37.193],[122.402,37.021],[122.54,37.028],[122.507,36.898],[122.32,36.823],[122.185,36.85],[122.266,36.898],[122.166,37.014],[122.033,36.898],[121.926,36.994],[121.625,36.74],[121.496,36.774],[121.607,36.845],[121.459,36.829],[121.024,36.584],[120.751,36.617],[120.95,36.459],[120.714,36.429],[120.628,36.117],[120.354,36.041],[120.306,36.274],[120.285,36.176],[120.097,36.226],[120.175,35.994],[120.299,35.973],[119.908,35.745],[119.905,35.625],[119.648,35.584],[119.193,35.0],[119.192,34.718],[119.442,34.746],[119.648,34.534],[120.257,34.312],[120.484,33.65],[120.896,33.014],[120.83,32.698],[121.389,32.385],[121.443,32.114],[121.799,31.97],[121.922,31.754],[121.817,31.691],[121.286,31.891],[120.978,31.814],[120.634,32.077],[120.131,31.943],[119.842,32.299],[119.613,32.355],[119.606,32.197],[119.789,32.199],[120.006,31.95],[120.75,31.978],[120.825,31.829],[120.731,31.814],[121.144,31.685],[121.951,30.982],[121.96,30.874],[120.998,30.558],[120.832,30.305],[120.479,30.404],[120.147,30.199],[120.622,30.373],[120.734,30.232],[120.632,30.122],[120.792,30.066],[120.646,30.127],[121.254,30.348],[121.722,29.961],[122.129,29.904],[121.687,29.563],[121.443,29.524],[121.485,29.391],[121.971,29.593],[121.943,29.196],[121.785,29.168],[121.787,29.374],[121.724,29.182],[121.574,29.305],[121.409,29.161],[121.69,29.017],[121.684,28.915],[121.492,28.928],[121.67,28.825],[121.621,28.736],[121.351,28.712],[121.142,28.846],[121.258,28.675],[121.51,28.657],[121.656,28.339],[121.409,28.305],[121.346,28.145],[121.169,28.385],[121.025,28.305],[121.125,28.236],[120.965,27.987],[120.56,28.113],[120.868,27.883],[120.723,27.716],[120.635,27.763],[120.682,27.482],[120.505,27.345],[120.518,27.202],[120.196,27.298],[120.422,27.147],[120.244,27.133],[120.219,26.915],[120.032,26.9],[120.134,26.646],[119.847,26.524],[120.08,26.797],[119.925,26.792],[119.88,26.655],[119.792,26.688],[119.846,26.852],[119.756,26.738],[119.686,26.812],[119.725,26.698],[119.552,26.749],[119.6,26.57],[119.785,26.578],[119.792,26.413],[119.566,26.455],[119.682,26.317],[119.826,26.427],[119.95,26.365],[119.654,26.272],[119.459,25.982],[119.094,26.146],[119.33,25.944],[119.695,26.003],[119.566,25.872],[119.59,25.687],[119.449,25.687],[119.655,25.358],[119.576,25.467],[119.483,25.371],[119.507,25.474],[119.305,25.605],[119.103,25.42],[119.344,25.242],[119.116,25.214],[119.099,25.111],[119.027,25.278],[118.876,25.244],[118.975,25.183],[118.849,25.074],[119.018,24.96],[118.572,24.885],[118.763,24.763],[118.62,24.545],[118.431,24.7],[118.219,24.541],[118.16,24.693],[117.975,24.553],[118.022,24.446],[117.791,24.467],[118.126,24.262],[117.907,24.186],[117.748,23.908],[117.798,24.022],[117.667,24.063],[117.592,23.737],[117.571,23.903],[117.417,23.947],[117.49,23.833],[117.277,23.782],[117.257,23.616],[117.23,23.693],[117.084,23.551],[116.917,23.663],[116.773,23.349],[116.523,23.419],[116.805,23.236],[116.509,23.234],[116.605,23.21],[116.495,22.939],[116.214,22.983],[116.145,22.848],[116.042,22.933],[115.81,22.746],[115.73,22.934],[115.561,22.849],[115.406,22.925],[115.612,22.864],[115.575,22.668],[115.233,22.788],[115.304,22.903],[114.985,22.689],[114.863,22.763],[114.967,22.676],[114.896,22.548],[114.744,22.609],[114.775,22.816],[114.522,22.706],[114.495,22.562],[114.618,22.514],[114.516,22.453],[114.396,22.614],[113.89,22.453],[113.606,22.847],[113.638,23.035],[113.597,22.918],[113.617,23.035],[113.576,22.939],[113.529,23.011],[113.83,23.117],[113.417,23.097],[113.484,22.924],[113.213,22.905],[113.494,22.775],[113.378,22.767],[113.599,22.575],[113.484,22.155],[113.165,22.576],[113.402,22.18],[113.157,22.025],[113.085,22.208],[112.912,21.856],[112.826,21.966],[112.551,21.773],[112.397,22.069],[112.402,21.801],[112.286,21.709],[111.89,21.925],[112.0,21.774],[111.868,21.677],[111.678,21.781],[111.788,21.616],[111.63,21.53],[111.432,21.603],[111.267,21.439],[111.028,21.541],[110.993,21.425],[110.651,21.26],[110.76,21.445],[110.636,21.23],[110.431,21.191],[110.486,21.336],[110.358,21.436],[110.399,21.177],[110.196,21.071],[110.157,20.849],[110.369,20.849],[110.301,20.657],[110.534,20.478],[110.28,20.253],[109.917,20.239],[109.863,20.406],[110.01,20.434],[109.822,20.517],[109.752,20.674],[109.86,20.715],[109.661,20.928],[109.766,21.356],[109.924,21.363],[109.944,21.493],[109.65,21.52],[109.594,21.746],[109.465,21.664],[109.531,21.492],[109.139,21.402],[109.04,21.45],[109.136,21.603],[108.928,21.615],[108.801,21.818],[108.861,21.644],[108.745,21.603],[108.573,21.952],[108.458,21.918],[108.565,21.679],[108.471,21.562],[108.341,21.726],[108.284,21.545],[108.211,21.501],[108.206,21.643],[107.971,21.432],[107.812,21.648],[107.348,21.599],[107.003,21.811],[107.009,21.927],[106.653,21.969],[106.527,22.438],[106.79,22.797],[106.488,22.925],[106.255,22.855],[106.132,22.975],[105.854,22.905],[105.312,23.366],[104.87,23.164],[104.701,22.818],[104.34,22.686],[104.241,22.824],[104.087,22.792],[103.96,22.507],[103.647,22.799],[103.504,22.581],[103.31,22.788],[103.029,22.43],[102.468,22.769],[102.218,22.411],[101.689,22.479],[101.516,22.245],[101.804,21.626],[101.756,21.143],[101.244,21.193],[101.083,21.767],[100.622,21.469],[100.342,21.53],[100.162,21.436],[100.143,21.655],[99.95,21.721],[99.942,22.046],[99.144,22.154],[99.358,22.495],[99.308,22.745],[99.413,22.931],[99.538,22.926],[99.334,23.13],[99.217,23.057],[98.859,23.179],[98.856,23.61],[98.659,23.961],[98.866,24.146],[98.105,24.102],[97.625,23.847],[97.516,23.943],[97.72,24.147],[97.647,24.432],[97.513,24.439],[97.533,24.723],[97.765,24.835],[97.7,25.065],[97.801,25.238],[98.045,25.312],[98.14,25.611],[98.312,25.557],[98.498,25.831],[98.69,25.866],[98.546,26.106],[98.706,26.175],[98.756,26.625],[98.679,27.577],[98.41,27.684],[98.295,27.537],[98.119,28.141],[97.67,28.511],[97.528,28.53],[97.323,28.217],[97.078,28.375],[96.302,28.421],[96.593,28.758],[96.458,28.995],[96.195,28.941],[96.175,29.109],[96.366,29.257],[96.142,29.368],[95.745,29.34],[95.367,29.036],[94.777,29.167],[94.6,29.317],[94.288,29.148],[94.347,29.024],[93.992,28.845],[93.928,28.683],[93.317,28.603],[93.208,28.341],[92.679,28.133],[92.684,27.91],[91.952,27.725],[91.29,28.091],[91.009,27.967],[90.475,28.072],[90.588,28.233],[90.226,28.358],[89.916,28.316],[89.459,28.048],[88.892,27.316],[88.742,27.532],[88.818,27.995],[88.61,28.106],[88.118,27.861],[87.369,27.804],[86.68,28.106],[86.425,27.91],[86.203,28.003],[86.156,28.157],[86.113,27.927],[85.98,27.885],[85.693,28.335],[85.087,28.304],[85.161,28.595],[84.812,28.542],[84.451,28.734],[84.207,28.941],[84.09,29.257],[83.524,29.184],[83.174,29.621],[82.837,29.66],[82.154,30.058],[82.073,30.337],[81.388,30.374],[81.35,30.157],[81.098,30.017],[80.976,30.255],[80.18,30.559],[80.157,30.793],[79.402,31.024],[79.131,31.438],[78.921,31.27],[78.745,31.308],[78.745,31.964],[78.458,32.23],[78.385,32.548],[78.737,32.63],[78.943,32.346],[79.32,32.592],[79.443,32.535],[79.621,32.729],[79.334,32.994],[79.456,33.25],[79.075,33.296],[78.801,33.494],[78.73,34.079],[78.985,34.286],[78.296,34.625],[78.001,35.269],[78.044,35.492],[76.915,35.583],[76.571,35.751],[76.537,35.903],[76.166,35.806],[75.9,36.063],[76.014,36.23],[75.85,36.645],[75.432,36.723],[75.313,36.929],[74.872,36.907],[74.383,37.127],[75.164,37.401],[74.892,37.599],[74.965,37.767],[74.791,38.081],[74.833,38.464],[74.334,38.667],[74.123,38.669],[74.029,38.527],[73.816,38.587],[73.681,38.873],[73.826,38.977],[73.602,39.236]]],[[[111.035,19.642],[110.859,19.535],[110.806,19.613],[110.58,19.155],[110.479,19.169],[110.582,19.15],[110.431,18.821],[110.503,18.882],[110.534,18.786],[110.034,18.512],[110.04,18.382],[109.746,18.396],[109.616,18.176],[108.695,18.505],[108.615,19.102],[108.687,19.378],[109.307,19.711],[109.163,19.725],[109.255,19.898],[109.582,19.856],[109.612,19.998],[109.99,19.906],[110.325,20.061],[110.418,19.923],[110.383,20.081],[110.606,19.923],[110.566,20.07],[110.678,20.164],[110.935,19.995],[111.035,19.642]]],[[[111.963,21.658],[111.99,21.658],[112.0,21.654],[111.963,21.658]]],[[[112.645,21.713],[112.655,21.698],[112.651,21.688],[112.645,21.713]]],[[[112.868,21.758],[112.8,21.579],[112.706,21.688],[112.868,21.758]]],[[[113.391,22.028],[113.399,22.022],[113.402,22.018],[113.391,22.028]]],[[[113.365,22.158],[113.354,22.131],[113.336,22.1],[113.365,22.158]]],[[[113.594,22.785],[113.603,22.772],[113.603,22.763],[113.594,22.785]]],[[[117.072,23.473],[117.09,23.461],[117.102,23.468],[117.072,23.473]]],[[[117.527,23.74],[117.32,23.574],[117.373,23.767],[117.527,23.74]]],[[[119.305,26.036],[119.37,26.014],[119.401,25.996],[119.305,26.036]]],[[[121.285,28.102],[121.152,28.041],[121.12,28.136],[121.256,28.215],[121.285,28.102]]],[[[122.239,30.313],[122.204,30.291],[122.204,30.285],[122.239,30.313]]],[[[122.399,30.456],[122.411,30.452],[122.417,30.442],[122.399,30.456]]],[[[121.838,31.375],[121.854,31.373],[121.868,31.366],[121.838,31.375]]],[[[119.881,32.125],[119.901,32.082],[119.902,32.073],[119.881,32.125]]],[[[122.321,39.166],[122.331,39.18],[122.355,39.196],[122.321,39.166]]],[[[122.636,39.234],[122.662,39.233],[122.719,39.242],[122.636,39.234]]],[[[122.684,39.262],[122.643,39.255],[122.586,39.258],[122.684,39.262]]],[[[121.423,39.475],[121.442,39.463],[121.45,39.45],[121.423,39.475]]],[[[122.964,39.515],[122.968,39.541],[122.99,39.55],[122.964,39.515]]],[[[110.596,20.959],[110.606,20.954],[110.618,20.952],[110.596,20.959]]],[[[110.548,21.037],[110.517,20.938],[110.246,20.986],[110.39,21.096],[110.548,21.037]]],[[[110.617,21.191],[110.543,21.105],[110.418,21.178],[110.617,21.191]]],[[[118.189,24.503],[118.07,24.46],[118.093,24.556],[118.189,24.503]]],[[[119.668,25.488],[119.764,25.659],[119.875,25.557],[119.757,25.405],[119.668,25.488]]],[[[121.958,29.12],[121.959,29.108],[121.958,29.102],[121.958,29.12]]],[[[122.187,29.673],[122.033,29.731],[122.115,29.789],[122.187,29.673]]],[[[122.395,29.884],[122.392,29.876],[122.387,29.871],[122.395,29.884]]],[[[121.882,30.076],[121.885,30.061],[121.893,30.056],[121.882,30.076]]],[[[122.327,30.024],[122.294,29.934],[122.019,29.997],[121.963,30.142],[122.327,30.024]]],[[[121.987,31.504],[121.572,31.529],[121.176,31.784],[121.386,31.812],[121.987,31.504]]],[[[111.197,15.775],[111.194,15.776],[111.193,15.778],[111.197,15.775]]],[[[111.763,16.043],[111.753,16.045],[111.753,16.047],[111.761,16.049],[111.766,16.045],[111.763,16.043]]],[[[109.101,21.021],[109.096,21.022],[109.091,21.042],[109.101,21.021]]],[[[120.748,37.939],[120.757,37.923],[120.759,37.908],[120.748,37.939]]],[[[120.607,37.98],[120.619,37.981],[120.626,37.973],[120.607,37.98]]],[[[120.72,37.981],[120.727,37.969],[120.72,37.964],[120.72,37.981]]],[[[120.76,38.17],[120.773,38.165],[120.773,38.16],[120.76,38.17]]],[[[120.806,38.288],[120.8,38.288],[120.8,38.294],[120.806,38.288]]],[[[120.914,38.384],[120.908,38.385],[120.907,38.393],[120.918,38.395],[120.925,38.387],[120.923,38.383],[120.917,38.384],[120.914,38.384]]],[[[123.181,39.092],[123.185,39.086],[123.196,39.065],[123.181,39.092]]],[[[111.6,16.527],[111.6,16.527],[111.601,16.532],[111.6,16.527]]],[[[112.735,16.658],[112.73,16.66],[112.725,16.666],[112.726,16.669],[112.729,16.669],[112.733,16.666],[112.737,16.66],[112.735,16.658]]],[[[112.333,16.825],[112.327,16.83],[112.326,16.833],[112.328,16.837],[112.331,16.838],[112.335,16.833],[112.337,16.828],[112.333,16.825]]],[[[112.334,16.933],[112.337,16.932],[112.337,16.932],[112.334,16.933]]],[[[110.471,20.647],[110.476,20.632],[110.478,20.611],[110.471,20.647]]],[[[113.278,21.925],[113.281,21.923],[113.286,21.918],[113.278,21.925]]],[[[113.772,22.0],[113.776,21.986],[113.764,21.967],[113.772,22.0]]],[[[114.307,22.057],[114.305,22.05],[114.303,22.045],[114.307,22.057]]],[[[113.473,22.099],[113.466,22.102],[113.465,22.108],[113.473,22.099]]],[[[113.623,22.44],[113.635,22.438],[113.65,22.439],[113.623,22.44]]],[[[113.547,22.742],[113.56,22.735],[113.564,22.72],[113.547,22.742]]],[[[113.529,22.96],[113.529,22.949],[113.545,22.938],[113.529,22.96]]],[[[116.996,23.564],[117.005,23.563],[117.009,23.555],[116.996,23.564]]],[[[119.551,25.209],[119.561,25.209],[119.568,25.205],[119.551,25.209]]],[[[119.347,25.567],[119.346,25.561],[119.352,25.552],[119.347,25.567]]],[[[119.627,26.108],[119.639,26.089],[119.644,26.078],[119.627,26.108]]],[[[120.327,26.94],[120.319,26.949],[120.32,26.958],[120.327,26.94]]],[[[121.074,27.479],[121.083,27.473],[121.094,27.467],[121.074,27.479]]],[[[121.182,27.865],[121.188,27.864],[121.19,27.855],[121.182,27.865]]],[[[121.049,27.951],[121.045,27.952],[121.04,27.958],[121.049,27.951]]],[[[121.862,29.13],[121.865,29.124],[121.867,29.116],[121.862,29.13]]],[[[122.305,29.817],[122.312,29.795],[122.315,29.784],[122.305,29.817]]],[[[121.972,29.945],[121.987,29.93],[121.993,29.919],[121.972,29.945]]],[[[122.346,30.242],[122.329,30.239],[122.316,30.24],[122.346,30.242]]],[[[122.529,30.721],[122.526,30.714],[122.531,30.704],[122.529,30.721]]],[[[121.762,31.374],[121.774,31.359],[121.782,31.342],[121.762,31.374]]],[[[118.649,39.045],[118.514,38.919],[118.469,39.006],[118.649,39.045]]],[[[111.68,16.578],[111.679,16.581],[111.682,16.58],[111.68,16.578]]]]}},{"type":"Feature","properties":{"iso3":"ISR","name":"Israel"},"geometry":{"type":"Polygon","coordinates":[[[34.248,31.211],[34.556,31.54],[34.481,31.583],[35.1,33.088],[35.48,33.087],[35.549,33.281],[35.821,33.407],[35.888,32.945],[35.561,32.641],[35.561,32.385],[35.191,32.542],[34.961,32.202],[34.977,31.833],[35.222,31.879],[35.263,31.749],[34.974,31.63],[34.879,31.363],[35.459,31.492],[35.438,31.104],[34.911,29.49],[34.248,31.211]]]}},{"type":"Feature","properties":{"iso3":"PSE","name":"Palestine"},"geometry":{"type":"MultiPolygon","coordinates":[[[[34.556,31.54],[34.248,31.211],[34.2,31.314],[34.556,31.54]]],[[[35.573,32.252],[35.459,31.492],[35.165,31.362],[34.867,31.396],[34.974,31.63],[35.263,31.749],[35.222,31.879],[34.977,31.833],[35.064,32.463],[35.363,32.51],[35.573,32.252]]]]}},{"type":"Feature","properties":{"iso3":"LBN","name":"Lebanon"},"geometry":{"type":"Polygon","coordinates":[[[35.1,33.101],[35.47,33.902],[35.641,33.999],[35.665,34.311],[35.983,34.539],[35.97,34.65],[36.44,34.629],[36.32,34.514],[36.525,34.423],[36.604,34.199],[36.289,33.947],[36.358,33.824],[35.994,33.761],[35.922,33.64],[36.035,33.568],[35.549,33.281],[35.48,33.087],[35.1,33.101]]]}},{"type":"Feature","properties":{"iso3":"ETH","name":"Ethiopia"},"geometry":{"type":"Polygon","coordinates":[[[47.979,7.997],[44.942,4.911],[43.969,4.954],[43.528,4.842],[43.119,4.648],[42.832,4.302],[42.103,4.192],[41.836,3.949],[41.163,3.943],[40.764,4.285],[39.848,3.867],[39.504,3.403],[38.509,3.651],[38.102,3.613],[36.904,4.416],[35.997,4.463],[35.76,4.806],[35.804,5.318],[35.287,5.374],[34.974,5.863],[34.704,6.685],[34.281,6.98],[33.716,7.657],[33.058,7.798],[32.99,7.917],[33.185,8.141],[33.235,8.456],[33.741,8.367],[34.103,8.579],[34.067,9.531],[34.317,10.181],[34.279,10.566],[34.575,10.884],[34.754,10.684],[34.839,10.729],[34.958,10.903],[35.073,11.819],[35.688,12.659],[36.115,12.702],[36.526,14.264],[37.06,14.277],[37.294,14.457],[37.554,14.105],[37.891,14.88],[38.427,14.417],[38.866,14.494],[39.01,14.651],[39.208,14.44],[39.515,14.568],[40.105,14.466],[40.833,14.106],[42.379,12.466],[41.792,11.704],[41.761,10.996],[41.938,10.93],[42.616,11.09],[42.924,10.999],[42.647,10.632],[42.836,10.208],[43.187,9.883],[43.419,9.413],[43.985,9.008],[46.979,7.997],[47.979,7.997]]]}},{"type":"Feature","properties":{"iso3":"SSD","name":"South Sudan"},"geometry":{"type":"Polygon","coordinates":[[[35.921,4.619],[35.611,4.62],[35.571,4.904],[35.396,4.926],[35.412,5.03],[34.381,4.62],[33.491,3.75],[32.997,3.886],[32.372,3.731],[32.156,3.512],[31.781,3.816],[31.524,3.656],[31.168,3.792],[30.84,3.49],[30.747,3.675],[30.543,3.613],[30.525,3.868],[30.189,3.956],[29.788,4.369],[29.797,4.556],[29.619,4.642],[29.458,4.67],[29.221,4.341],[28.755,4.554],[28.382,4.275],[27.772,4.596],[27.753,4.778],[27.264,5.26],[27.182,5.707],[26.425,6.072],[26.509,6.205],[26.27,6.466],[26.378,6.653],[25.19,7.501],[25.23,7.852],[24.832,8.166],[24.122,8.372],[24.251,8.58],[24.183,8.718],[24.558,8.887],[24.796,9.819],[25.131,10.308],[25.839,10.421],[25.905,10.181],[26.601,9.492],[27.895,9.595],[28.045,9.331],[28.844,9.325],[28.914,9.529],[29.483,9.762],[29.615,10.058],[30.013,10.27],[30.765,9.724],[31.235,9.792],[32.431,11.082],[32.348,11.703],[32.082,12.0],[32.747,12.003],[32.732,12.216],[33.209,12.21],[33.083,11.599],[33.14,10.739],[33.917,10.175],[33.881,9.499],[34.071,9.455],[34.112,8.627],[33.752,8.369],[33.235,8.456],[33.185,8.141],[32.99,7.917],[33.058,7.798],[33.716,7.657],[34.281,6.98],[34.704,6.685],[34.974,5.863],[35.287,5.374],[35.804,5.318],[35.752,4.854],[35.921,4.619]]]}},{"type":"Feature","properties":{"iso3":"SOM","name":"Somalia"},"geometry":{"type":"Polygon","coordinates":[[[51.417,10.447],[50.927,10.328],[50.83,9.42],[50.091,8.161],[49.824,7.934],[49.036,6.144],[47.948,4.457],[46.048,2.455],[44.55,1.559],[43.659,0.805],[41.972,-1.0],[41.953,-0.894],[41.885,-1.21],[41.535,-1.696],[40.98,-0.871],[40.965,2.814],[42.068,4.175],[42.832,4.302],[43.119,4.648],[43.932,4.945],[44.942,4.911],[47.979,7.997],[48.939,9.451],[48.939,11.249],[50.268,11.589],[50.641,11.954],[51.293,11.833],[51.081,11.341],[51.19,11.138],[51.161,10.598],[51.01,10.434],[51.22,10.442],[51.176,10.563],[51.417,10.447]]]}},{"type":"Feature","properties":{"iso3":"KEN","name":"Kenya"},"geometry":{"type":"MultiPolygon","coordinates":[[[[41.885,3.977],[40.965,2.814],[40.98,-0.871],[41.535,-1.696],[41.283,-1.969],[41.013,-2.042],[41.006,-1.902],[40.945,-2.073],[40.861,-1.963],[40.945,-2.309],[40.863,-2.231],[40.651,-2.539],[40.232,-2.669],[40.123,-3.267],[39.966,-3.321],[39.866,-3.616],[39.781,-3.567],[39.867,-3.695],[39.699,-4.048],[39.561,-4.04],[39.666,-4.112],[39.396,-4.629],[39.191,-4.678],[37.599,-3.513],[37.7,-3.314],[37.645,-3.046],[33.904,-1.003],[33.89,0.09],[34.487,1.082],[34.798,1.232],[34.979,1.676],[34.924,2.477],[34.434,3.182],[34.44,3.668],[34.152,3.776],[34.205,3.875],[34.085,3.877],[33.977,4.22],[34.666,4.765],[35.412,5.03],[35.396,4.926],[35.571,4.904],[35.611,4.62],[35.778,4.678],[36.041,4.444],[37.016,4.371],[38.102,3.613],[38.509,3.651],[39.504,3.403],[39.848,3.867],[40.764,4.285],[41.163,3.943],[41.885,3.977]]],[[[41.163,-2.091],[40.957,-2.174],[41.066,-2.036],[41.163,-2.091]]]]}},{"type":"Feature","properties":{"iso3":"MWI","name":"Malawi"},"geometry":{"type":"MultiPolygon","coordinates":[[[[35.904,-14.887],[35.784,-15.172],[35.795,-16.021],[35.277,-16.234],[35.132,-16.538],[35.278,-16.701],[35.305,-17.104],[35.081,-17.124],[35.118,-16.833],[34.426,-16.274],[34.233,-15.89],[34.565,-15.297],[34.502,-14.576],[34.344,-14.387],[33.72,-14.49],[33.645,-14.602],[33.28,-14.061],[33.14,-13.925],[33.0,-14.05],[32.663,-13.596],[32.998,-13.202],[33.025,-12.613],[33.527,-12.356],[33.349,-12.328],[33.253,-12.14],[33.23,-11.417],[33.391,-11.165],[33.233,-10.883],[33.674,-10.577],[33.533,-10.231],[33.304,-10.064],[33.343,-9.831],[33.175,-9.602],[32.987,-9.628],[32.921,-9.408],[33.912,-9.718],[34.013,-9.477],[34.525,-10.009],[34.675,-10.752],[34.614,-11.102],[34.963,-11.513],[34.617,-11.578],[34.359,-12.154],[34.545,-13.326],[34.641,-13.492],[35.084,-13.704],[35.847,-14.65],[35.904,-14.887]]],[[[34.694,-12.0],[34.716,-12.002],[34.738,-12.009],[34.694,-12.0]]],[[[34.562,-11.979],[34.563,-11.978],[34.598,-11.971],[34.562,-11.979]]]]}},{"type":"Feature","properties":{"iso3":"TZA","name":"United Republic of Tanzania"},"geometry":{"type":"MultiPolygon","coordinates":[[[[29.321,-4.836],[29.404,-4.45],[29.733,-4.463],[30.003,-4.272],[30.432,-3.552],[30.815,-3.248],[30.825,-2.979],[30.416,-2.852],[30.508,-2.463],[30.834,-2.345],[30.888,-2.083],[30.831,-1.594],[30.473,-1.066],[34.0,-1.003],[37.645,-3.046],[37.7,-3.314],[37.599,-3.513],[39.215,-4.689],[38.778,-6.031],[38.915,-6.437],[39.554,-7.001],[39.328,-7.309],[39.253,-7.823],[39.328,-7.726],[39.444,-7.833],[39.28,-8.309],[39.354,-8.714],[39.554,-8.922],[39.389,-8.899],[39.644,-9.189],[39.567,-9.448],[39.807,-9.852],[39.691,-10.043],[39.889,-10.015],[39.985,-10.221],[40.02,-10.133],[40.449,-10.345],[40.389,-10.535],[39.786,-10.933],[39.238,-11.174],[38.896,-11.168],[38.492,-11.413],[37.938,-11.284],[37.817,-11.534],[37.47,-11.719],[37.032,-11.565],[36.626,-11.721],[36.2,-11.702],[35.826,-11.413],[35.576,-11.605],[34.965,-11.574],[34.614,-11.102],[34.675,-10.752],[34.525,-10.009],[34.08,-9.511],[33.961,-9.525],[33.912,-9.718],[33.735,-9.584],[33.42,-9.616],[32.423,-9.144],[31.938,-9.062],[31.937,-8.933],[31.673,-8.913],[31.353,-8.587],[31.078,-8.616],[30.892,-8.479],[30.294,-7.149],[29.707,-6.619],[29.538,-6.312],[29.476,-6.002],[29.612,-5.704],[29.321,-4.836]]],[[[39.911,-7.654],[39.823,-7.914],[39.587,-7.945],[39.911,-7.654]]],[[[39.574,-6.378],[39.472,-6.452],[39.177,-6.158],[39.313,-5.718],[39.574,-6.378]]],[[[39.643,-5.414],[39.781,-5.239],[39.65,-5.191],[39.746,-5.205],[39.684,-4.89],[39.878,-4.988],[39.796,-5.407],[39.643,-5.414]]],[[[39.742,-7.995],[39.774,-7.991],[39.797,-7.992],[39.742,-7.995]]],[[[39.226,-5.769],[39.225,-5.783],[39.23,-5.801],[39.226,-5.769]]],[[[39.575,-5.395],[39.584,-5.399],[39.599,-5.409],[39.575,-5.395]]]]}},{"type":"Feature","properties":{"iso3":"SYR","name":"Syria"},"geometry":{"type":"Polygon","coordinates":[[[35.723,35.576],[35.799,35.85],[35.98,35.927],[36.158,35.823],[36.358,35.994],[36.373,36.228],[36.664,36.229],[36.531,36.479],[36.64,36.828],[37.053,36.62],[37.446,36.634],[38.224,36.908],[38.725,36.694],[39.24,36.661],[40.709,37.1],[41.48,37.076],[42.211,37.325],[42.377,37.062],[41.817,36.6],[41.385,36.516],[41.277,36.355],[41.364,35.655],[41.201,35.243],[41.204,34.793],[40.965,34.402],[36.807,32.313],[36.388,32.379],[35.758,32.744],[35.888,32.945],[35.764,33.334],[36.035,33.568],[35.948,33.709],[36.138,33.851],[36.358,33.824],[36.289,33.947],[36.604,34.199],[36.525,34.423],[36.32,34.514],[36.44,34.629],[35.97,34.65],[35.867,34.924],[35.919,35.418],[35.723,35.576]]]}},{"type":"Feature","properties":{"iso3":"FRA","name":"France"},"geometry":{"type":"MultiPolygon","coordinates":[[[[-54.615,2.326],[-54.376,2.484],[-54.17,2.853],[-54.211,3.127],[-54.003,3.455],[-53.995,3.624],[-54.407,4.192],[-54.487,4.903],[-53.944,5.745],[-52.897,5.406],[-52.389,4.896],[-52.279,4.931],[-52.34,4.725],[-52.232,4.875],[-52.025,4.694],[-51.951,4.454],[-52.046,4.334],[-51.909,4.656],[-51.802,4.613],[-51.649,4.152],[-52.355,3.152],[-52.59,2.505],[-52.917,2.196],[-53.765,2.369],[-54.135,2.111],[-54.615,2.326]]],[[[8.2,48.959],[7.81,48.615],[7.586,48.13],[7.586,47.585],[7.379,47.431],[6.973,47.489],[6.867,47.354],[7.037,47.33],[6.443,46.944],[6.429,46.761],[6.118,46.583],[6.094,46.253],[5.955,46.2],[6.14,46.15],[6.269,46.375],[6.483,46.449],[6.787,46.414],[6.766,46.152],[7.022,45.925],[6.796,45.718],[7.16,45.398],[7.055,45.214],[6.603,45.103],[6.745,44.908],[7.005,44.828],[7.055,44.685],[6.836,44.534],[6.973,44.249],[7.341,44.124],[7.656,44.176],[7.502,43.792],[6.731,43.408],[6.591,43.269],[6.66,43.19],[6.154,43.034],[5.347,43.216],[5.294,43.355],[5.034,43.335],[5.226,43.48],[5.029,43.559],[5.051,43.429],[4.856,43.342],[4.695,43.579],[4.82,43.346],[3.953,43.54],[3.114,43.106],[3.042,42.629],[3.181,42.431],[2.525,42.326],[2.277,42.429],[1.996,42.349],[1.712,42.494],[1.722,42.61],[1.429,42.595],[0.813,42.832],[0.656,42.838],[0.644,42.684],[-0.039,42.685],[-0.323,42.843],[-0.569,42.773],[-1.286,43.109],[-1.475,43.06],[-1.404,43.243],[-1.796,43.374],[-1.477,43.58],[-1.257,44.556],[-1.045,44.669],[-1.172,44.778],[-1.26,44.627],[-1.085,45.569],[-0.766,45.326],[-0.535,44.895],[-0.596,45.025],[-0.494,44.998],[-0.656,45.099],[-0.795,45.477],[-1.247,45.71],[-1.164,45.807],[-0.987,45.717],[-1.152,45.868],[-1.049,46.039],[-1.211,46.175],[-1.111,46.303],[-1.795,46.495],[-2.119,46.82],[-1.991,47.035],[-2.241,47.142],[-2.161,47.271],[-1.727,47.211],[-2.542,47.3],[-2.392,47.424],[-2.495,47.491],[-2.364,47.506],[-2.909,47.558],[-2.707,47.643],[-2.975,47.664],[-2.94,47.561],[-3.123,47.599],[-3.132,47.478],[-3.118,47.732],[-3.358,47.697],[-3.283,47.787],[-3.446,47.705],[-4.132,47.924],[-4.372,47.807],[-4.435,47.976],[-4.728,48.041],[-4.285,48.115],[-4.379,48.232],[-4.557,48.177],[-4.547,48.347],[-4.187,48.308],[-4.454,48.335],[-4.29,48.432],[-4.755,48.342],[-4.785,48.436],[-4.564,48.63],[-3.974,48.733],[-3.852,48.63],[-3.81,48.733],[-3.585,48.683],[-3.515,48.842],[-3.23,48.872],[-3.091,48.871],[-3.125,48.76],[-3.008,48.821],[-2.682,48.509],[-2.316,48.699],[-2.214,48.582],[-2.052,48.65],[-1.98,48.514],[-1.946,48.699],[-1.357,48.643],[-1.554,48.747],[-1.548,49.225],[-1.816,49.384],[-1.935,49.724],[-1.263,49.696],[-1.306,49.558],[-1.123,49.345],[-0.219,49.28],[0.411,49.452],[0.493,49.494],[0.077,49.535],[0.236,49.729],[1.673,50.193],[1.542,50.278],[1.581,50.869],[2.522,51.088],[2.587,50.845],[2.787,50.723],[3.129,50.779],[3.271,50.527],[3.608,50.477],[3.697,50.298],[4.198,50.258],[4.132,49.975],[4.646,49.984],[4.816,50.161],[4.849,49.794],[5.259,49.691],[5.456,49.499],[6.403,49.465],[6.714,49.159],[7.41,49.169],[8.2,48.959]],[[1.983,42.441],[1.986,42.441],[1.996,42.443],[1.983,42.441]]],[[[-60.81,14.462],[-61.07,14.467],[-61.016,14.613],[-61.229,14.822],[-60.879,14.777],[-60.937,14.666],[-60.81,14.462]]],[[[-61.194,15.932],[-61.195,15.92],[-61.198,15.911],[-61.194,15.932]]],[[[-60.989,16.346],[-61.04,16.314],[-61.069,16.302],[-61.092,16.305],[-61.079,16.312],[-61.039,16.344],[-61.015,16.354],[-60.989,16.346]]],[[[-61.548,16.238],[-61.695,15.949],[-61.798,16.268],[-61.738,16.365],[-61.548,16.238]]],[[[-61.164,16.253],[-61.548,16.258],[-61.463,16.513],[-61.164,16.253]]],[[[55.855,-21.157],[55.812,-21.343],[55.575,-21.368],[55.35,-21.271],[55.225,-21.048],[55.287,-20.912],[55.578,-20.875],[55.855,-21.157]]],[[[45.262,-12.763],[45.277,-12.747],[45.283,-12.743],[45.262,-12.763]]],[[[45.225,-12.76],[45.097,-12.982],[45.042,-12.698],[45.225,-12.76]]],[[[9.457,42.647],[9.482,42.62],[9.477,42.62],[9.477,42.619],[9.457,42.647]]],[[[8.545,42.233],[8.688,42.273],[8.549,42.377],[8.709,42.579],[9.118,42.732],[9.292,42.675],[9.422,43.017],[9.56,42.295],[9.207,41.366],[8.792,41.561],[8.923,41.695],[8.655,41.75],[8.805,41.907],[8.614,41.901],[8.745,42.057],[8.545,42.233]]],[[[-1.176,45.899],[-1.227,45.82],[-1.405,46.053],[-1.176,45.899]]],[[[-1.281,46.156],[-1.286,46.16],[-1.291,46.161],[-1.281,46.156]]],[[[-2.337,46.732],[-2.298,46.72],[-2.28,46.71],[-2.337,46.732]]],[[[-2.2,46.985],[-2.19,46.977],[-2.156,46.965],[-2.2,46.985]]],[[[-3.115,47.331],[-3.103,47.327],[-3.073,47.328],[-3.115,47.331]]],[[[-5.05,48.479],[-5.048,48.477],[-5.046,48.474],[-5.05,48.479]]],[[[-61.625,15.871],[-61.621,15.868],[-61.616,15.86],[-61.619,15.852],[-61.628,15.847],[-61.638,15.853],[-61.635,15.866],[-61.625,15.871]]],[[[-61.566,15.878],[-61.566,15.877],[-61.565,15.874],[-61.566,15.878]]],[[[6.235,43.022],[6.242,43.026],[6.251,43.017],[6.235,43.022]]]]}},{"type":"Feature","properties":{"iso3":"SUR","name":"Suriname"},"geometry":{"type":"Polygon","coordinates":[[[-58.068,4.151],[-57.837,4.651],[-57.925,4.796],[-57.85,4.923],[-57.29,5.02],[-57.289,5.171],[-57.19,5.169],[-57.336,5.317],[-56.964,6.009],[-55.936,5.805],[-55.898,5.677],[-55.947,5.896],[-55.679,5.985],[-55.13,5.821],[-54.863,5.856],[-55.145,5.974],[-54.774,5.985],[-53.986,5.746],[-54.487,4.903],[-54.354,4.042],[-53.989,3.611],[-54.211,3.127],[-54.17,2.853],[-54.532,2.34],[-54.704,2.325],[-54.703,2.446],[-54.88,2.447],[-54.959,2.609],[-55.724,2.397],[-55.971,2.53],[-56.147,2.256],[-55.918,2.05],[-55.954,1.853],[-56.705,2.03],[-57.202,2.846],[-57.308,3.395],[-57.655,3.39],[-58.068,4.151]]]}},{"type":"Feature","properties":{"iso3":"GUY","name":"Guyana"},"geometry":{"type":"MultiPolygon","coordinates":[[[[-56.482,1.942],[-56.806,1.874],[-57.104,2.021],[-57.319,1.977],[-57.561,1.709],[-57.985,1.658],[-58.027,1.517],[-58.32,1.601],[-58.514,1.439],[-58.519,1.267],[-58.816,1.187],[-59.26,1.387],[-59.759,1.862],[-59.742,2.264],[-59.903,2.36],[-59.996,2.675],[-59.863,3.582],[-59.528,3.94],[-59.738,4.203],[-59.687,4.381],[-60.16,4.528],[-59.983,5.086],[-60.213,5.267],[-60.74,5.202],[-61.397,5.946],[-61.122,6.187],[-61.212,6.561],[-61.13,6.716],[-60.7,6.767],[-60.304,7.054],[-60.372,7.172],[-60.628,7.191],[-60.731,7.525],[-60.526,7.813],[-59.829,8.245],[-60.021,8.558],[-59.105,8.014],[-58.472,7.345],[-58.686,6.382],[-58.312,6.892],[-58.006,6.792],[-57.529,6.266],[-57.409,6.313],[-57.167,6.085],[-57.162,5.639],[-57.336,5.317],[-57.19,5.169],[-57.289,5.171],[-57.29,5.02],[-57.85,4.923],[-57.925,4.796],[-57.837,4.651],[-58.068,4.151],[-57.655,3.39],[-57.308,3.395],[-57.202,2.846],[-56.705,2.03],[-56.482,1.942]]],[[[-58.379,6.972],[-58.334,6.965],[-58.335,6.961],[-58.379,6.972]]]]}},{"type":"Feature","properties":{"iso3":"KOR","name":"South Korea"},"geometry":{"type":"MultiPolygon","coordinates":[[[[129.587,36.017],[129.455,35.513],[129.123,35.101],[128.762,35.079],[128.602,35.214],[128.652,35.061],[128.389,35.049],[128.5,35.009],[128.413,34.838],[128.335,34.947],[128.056,34.932],[128.069,35.082],[127.891,34.947],[127.719,34.99],[127.575,34.914],[127.776,34.849],[127.641,34.618],[127.521,34.89],[127.365,34.824],[127.504,34.591],[127.349,34.586],[127.439,34.541],[127.344,34.445],[127.125,34.541],[127.358,34.698],[127.248,34.767],[126.898,34.418],[126.778,34.586],[126.521,34.294],[126.54,34.563],[126.295,34.589],[126.29,34.75],[126.465,34.585],[126.379,34.711],[126.624,34.63],[126.364,34.749],[126.665,34.808],[126.568,34.901],[126.374,34.791],[126.436,34.981],[126.315,34.938],[126.374,35.017],[126.254,35.123],[126.425,35.02],[126.309,35.233],[126.493,35.525],[126.692,35.534],[126.468,35.64],[126.837,35.893],[126.521,35.971],[126.871,36.062],[126.692,36.0],[126.493,36.131],[126.603,36.172],[126.499,36.42],[126.617,36.473],[126.498,36.448],[126.48,36.747],[126.424,36.607],[126.343,36.74],[126.295,36.583],[126.128,36.761],[126.309,36.967],[126.357,36.789],[126.353,37.0],[126.484,36.841],[126.583,36.898],[126.501,37.055],[126.631,36.912],[126.796,36.956],[126.851,36.754],[127.039,36.982],[126.755,37.049],[126.865,37.179],[126.686,37.13],[126.658,37.254],[126.871,37.268],[126.615,37.38],[126.531,37.755],[126.755,37.638],[126.666,37.938],[126.972,38.219],[128.108,38.324],[128.365,38.624],[129.43,37.073],[129.381,36.041],[129.587,36.017]]],[[[126.405,36.459],[126.413,36.44],[126.426,36.424],[126.405,36.459]]],[[[126.295,37.802],[126.315,37.803],[126.333,37.8],[126.295,37.802]]],[[[126.954,33.465],[126.607,33.241],[126.27,33.198],[126.161,33.301],[126.485,33.521],[126.954,33.465]]],[[[127.173,34.484],[127.204,34.487],[127.221,34.486],[127.173,34.484]]],[[[126.382,34.485],[126.103,34.403],[126.248,34.575],[126.382,34.485]]],[[[127.818,34.616],[127.736,34.625],[127.786,34.718],[127.818,34.616]]],[[[125.989,34.713],[126.001,34.704],[126.004,34.7],[125.989,34.713]]],[[[126.007,34.781],[126.008,34.76],[126.003,34.761],[126.007,34.781]]],[[[126.056,34.914],[126.06,34.927],[126.07,34.929],[126.056,34.914]]],[[[128.075,34.804],[128.056,34.698],[127.892,34.713],[127.827,34.851],[127.902,34.94],[128.075,34.804]]],[[[128.749,34.869],[128.584,34.705],[128.605,34.835],[128.488,34.869],[128.703,35.033],[128.749,34.869]]],[[[126.111,35.051],[126.105,35.05],[126.079,35.056],[126.111,35.051]]],[[[126.563,37.514],[126.567,37.511],[126.571,37.506],[126.563,37.514]]],[[[130.904,37.546],[130.921,37.536],[130.919,37.51],[130.904,37.546]]],[[[126.357,37.695],[126.369,37.687],[126.379,37.679],[126.357,37.695]]],[[[126.367,37.727],[126.425,37.824],[126.542,37.631],[126.391,37.609],[126.367,37.727]]],[[[124.733,37.98],[124.744,37.97],[124.742,37.955],[124.733,37.98]]],[[[127.309,34.02],[127.315,34.016],[127.322,34.014],[127.309,34.02]]],[[[127.532,34.451],[127.536,34.441],[127.536,34.435],[127.532,34.451]]],[[[127.783,34.507],[127.79,34.504],[127.794,34.498],[127.783,34.507]]],[[[126.1,34.597],[126.102,34.595],[126.104,34.59],[126.1,34.597]]],[[[126.038,34.569],[126.029,34.566],[126.021,34.571],[126.038,34.569]]],[[[125.446,34.688],[125.457,34.691],[125.459,34.687],[125.446,34.688]]],[[[126.174,34.733],[126.178,34.724],[126.178,34.713],[126.174,34.733]]],[[[126.169,34.792],[126.166,34.79],[126.162,34.783],[126.169,34.792]]],[[[126.079,34.823],[126.071,34.832],[126.064,34.843],[126.079,34.823]]],[[[128.073,34.845],[128.077,34.842],[128.082,34.836],[128.073,34.845]]],[[[126.246,34.916],[126.238,34.913],[126.225,34.913],[126.246,34.916]]],[[[126.178,35.048],[126.181,35.044],[126.182,35.039],[126.178,35.048]]],[[[128.843,35.022],[128.838,35.001],[128.832,34.994],[128.843,35.022]]],[[[126.258,35.571],[126.254,35.574],[126.25,35.581],[126.258,35.571]]],[[[126.1,37.228],[126.093,37.225],[126.089,37.226],[126.1,37.228]]],[[[126.484,37.279],[126.494,37.274],[126.498,37.261],[126.484,37.279]]],[[[126.614,37.255],[126.616,37.251],[126.619,37.242],[126.614,37.255]]],[[[125.688,37.679],[125.699,37.678],[125.706,37.672],[125.688,37.679]]],[[[124.716,37.847],[124.724,37.844],[124.726,37.837],[124.716,37.847]]],[[[125.128,34.049],[125.123,34.051],[125.103,34.066],[125.128,34.049]]],[[[126.599,34.169],[126.608,34.166],[126.616,34.157],[126.599,34.169]]],[[[126.672,34.153],[126.676,34.151],[126.679,34.147],[126.672,34.153]]],[[[126.909,34.198],[126.919,34.19],[126.925,34.185],[126.909,34.198]]],[[[126.612,34.218],[126.616,34.213],[126.617,34.205],[126.612,34.218]]],[[[126.089,34.308],[126.088,34.297],[126.089,34.29],[126.089,34.308]]],[[[126.854,34.309],[126.85,34.305],[126.841,34.303],[126.854,34.309]]],[[[127.092,34.345],[127.095,34.342],[127.097,34.338],[127.092,34.345]]],[[[126.764,34.309],[126.766,34.303],[126.771,34.292],[126.764,34.309]]],[[[126.762,34.383],[126.758,34.383],[126.753,34.387],[126.762,34.383]]],[[[128.295,34.64],[128.297,34.637],[128.296,34.632],[128.295,34.64]]],[[[128.386,34.82],[128.395,34.823],[128.411,34.827],[128.386,34.82]]],[[[128.24,34.836],[128.255,34.822],[128.261,34.815],[128.24,34.836]]],[[[126.341,34.864],[126.36,34.859],[126.362,34.837],[126.341,34.864]]],[[[126.234,35.047],[126.236,35.052],[126.229,35.054],[126.234,35.047]]],[[[131.861,37.244],[131.863,37.243],[131.862,37.242],[131.86,37.242],[131.861,37.244]]]]}},{"type":"Feature","properties":{"iso3":"PRK","name":"North Korea"},"geometry":{"type":"MultiPolygon","coordinates":[[[[124.322,39.913],[124.5,40.023],[124.37,40.098],[124.896,40.484],[126.008,40.899],[126.522,41.352],[126.679,41.736],[126.93,41.801],[127.135,41.522],[128.146,41.376],[128.303,41.583],[128.035,41.994],[128.94,42.035],[129.34,42.445],[129.703,42.442],[129.909,43.008],[130.239,42.902],[130.263,42.709],[130.517,42.599],[130.7,42.295],[130.407,42.325],[129.691,41.65],[129.659,41.465],[129.806,41.376],[129.717,40.835],[129.233,40.706],[129.078,40.473],[128.636,40.313],[128.665,40.201],[128.328,40.028],[128.007,40.045],[127.514,39.739],[127.562,39.316],[127.495,39.433],[127.378,39.379],[127.473,39.348],[127.393,39.202],[127.759,39.117],[128.36,38.679],[128.108,38.324],[127.09,38.286],[126.593,37.774],[126.398,37.892],[126.11,37.741],[126.056,37.871],[125.597,38.032],[125.74,37.925],[125.348,37.676],[125.51,37.894],[125.308,37.809],[125.26,37.933],[124.98,37.925],[125.265,38.078],[124.667,38.126],[124.993,38.227],[124.88,38.345],[125.123,38.666],[125.658,38.631],[125.137,38.804],[125.411,39.214],[125.459,39.385],[125.343,39.434],[125.452,39.571],[125.117,39.566],[124.746,39.783],[124.637,39.59],[124.564,39.814],[124.322,39.913]]],[[[124.927,39.605],[124.922,39.598],[124.91,39.594],[124.927,39.605]]],[[[124.883,38.529],[124.9,38.505],[124.904,38.494],[124.883,38.529]]],[[[125.329,37.767],[125.338,37.769],[125.313,37.741],[125.329,37.767]]],[[[125.148,37.786],[125.143,37.794],[125.141,37.8],[125.148,37.786]]],[[[125.03,37.836],[125.041,37.834],[125.045,37.825],[125.03,37.836]]],[[[124.688,39.527],[124.694,39.535],[124.705,39.537],[124.688,39.527]]],[[[124.687,39.545],[124.676,39.539],[124.662,39.538],[124.687,39.545]]],[[[124.596,39.43],[124.593,39.439],[124.593,39.447],[124.596,39.43]]],[[[124.215,39.807],[124.219,39.811],[124.218,39.815],[124.215,39.807]]]]}},{"type":"Feature","properties":{"iso3":"MAR","name":"Morocco"},"geometry":{"type":"Polygon","coordinates":[[[-17.014,21.42],[-16.921,21.931],[-16.707,22.275],[-16.467,22.377],[-15.775,23.912],[-15.995,23.645],[-15.94,23.775],[-14.896,24.706],[-14.819,25.33],[-14.466,26.194],[-13.561,26.749],[-13.171,27.685],[-12.952,27.929],[-11.486,28.326],[-10.248,29.299],[-9.655,30.127],[-9.612,30.404],[-9.889,30.648],[-9.848,31.402],[-9.278,32.197],[-9.26,32.577],[-8.529,33.269],[-6.822,34.04],[-6.292,34.881],[-5.908,35.797],[-5.399,35.925],[-5.066,35.417],[-4.376,35.152],[-3.7,35.291],[-3.319,35.202],[-2.969,35.446],[-2.856,35.131],[-2.748,35.116],[-2.878,35.246],[-2.667,35.108],[-2.223,35.089],[-1.77,34.741],[-1.871,34.597],[-1.703,34.48],[-1.81,34.372],[-1.67,34.079],[-1.747,33.702],[-1.617,33.554],[-1.683,33.271],[-1.5,33.06],[-1.559,32.934],[-1.032,32.494],[-1.244,32.357],[-1.31,32.167],[-1.21,32.09],[-2.881,32.076],[-2.828,31.795],[-3.66,31.648],[-3.843,31.17],[-3.555,30.956],[-3.646,30.711],[-4.372,30.509],[-5.176,29.977],[-5.54,29.523],[-5.756,29.614],[-7.619,29.389],[-8.649,28.726],[-8.794,27.12],[-9.412,27.088],[-9.817,26.85],[-10.757,27.02],[-11.392,26.883],[-11.337,26.633],[-11.717,26.104],[-12.06,25.99],[-12.43,24.83],[-12.99,24.47],[-13.31,23.981],[-13.89,23.69],[-14.22,22.31],[-14.63,21.86],[-14.75,21.5],[-17.014,21.42]]]}},{"type":"Feature","properties":{"iso3":"CRI","name":"Costa Rica"},"geometry":{"type":"MultiPolygon","coordinates":[[[[-82.563,9.539],[-82.847,9.601],[-82.942,9.456],[-82.939,9.06],[-82.719,8.922],[-82.923,8.756],[-82.848,8.465],[-83.052,8.328],[-82.898,8.035],[-83.151,8.369],[-83.171,8.637],[-83.482,8.713],[-83.287,8.542],[-83.287,8.377],[-83.737,8.593],[-83.575,8.788],[-83.635,9.044],[-84.208,9.465],[-84.617,9.578],[-84.734,9.967],[-85.289,10.282],[-85.186,10.036],[-84.865,9.829],[-85.11,9.555],[-85.299,9.808],[-85.664,9.9],[-85.875,10.355],[-85.632,10.621],[-85.665,10.779],[-85.946,10.891],[-85.711,10.928],[-85.598,11.21],[-84.931,10.942],[-84.676,11.07],[-84.355,10.995],[-84.192,10.782],[-83.917,10.713],[-83.663,10.807],[-83.661,10.934],[-83.638,10.721],[-83.204,10.129],[-82.563,9.539]]],[[[-85.131,10.099],[-85.122,10.096],[-85.116,10.092],[-85.131,10.099]]],[[[-87.099,5.516],[-87.118,5.515],[-87.105,5.537],[-87.099,5.516]]],[[[-83.897,8.706],[-83.883,8.713],[-83.869,8.714],[-83.87,8.702],[-83.878,8.699],[-83.891,8.701],[-83.897,8.706]]]]}},{"type":"Feature","properties":{"iso3":"NIC","name":"Nicaragua"},"geometry":{"type":"MultiPolygon","coordinates":[[[[-87.686,12.948],[-87.584,13.085],[-87.392,12.913],[-86.983,13.022],[-86.911,13.24],[-86.704,13.299],[-86.727,13.768],[-86.34,13.757],[-86.02,14.055],[-85.742,13.824],[-85.727,13.965],[-85.17,14.322],[-85.145,14.564],[-84.904,14.817],[-84.483,14.619],[-83.616,14.873],[-83.509,15.012],[-83.13,14.997],[-83.425,14.804],[-83.299,14.771],[-83.187,14.348],[-83.431,13.957],[-83.559,13.416],[-83.482,12.417],[-83.638,12.386],[-83.564,12.813],[-83.589,12.632],[-83.775,12.534],[-83.676,12.28],[-83.617,12.348],[-83.671,11.988],[-83.778,12.177],[-83.836,11.871],[-83.7,11.85],[-83.653,11.612],[-83.868,11.375],[-83.698,10.789],[-84.192,10.782],[-84.346,10.99],[-84.676,11.07],[-84.908,10.939],[-85.598,11.21],[-85.786,11.112],[-86.496,11.759],[-86.773,12.197],[-87.686,12.948]]],[[[-83.665,10.935],[-83.666,10.931],[-83.671,10.926],[-83.665,10.935]]],[[[-83.726,11.879],[-83.734,11.906],[-83.736,11.942],[-83.726,11.879]]],[[[-83.054,12.144],[-83.056,12.166],[-83.046,12.184],[-83.033,12.191],[-83.021,12.182],[-83.025,12.175],[-83.054,12.144]]],[[[-82.767,14.414],[-82.751,14.422],[-82.738,14.422],[-82.767,14.414]]]]}},{"type":"Feature","properties":{"iso3":"COG","name":"Republic of the Congo"},"geometry":{"type":"Polygon","coordinates":[[[18.642,3.324],[18.072,2.16],[18.071,1.551],[17.867,1.017],[17.945,0.377],[17.716,-0.196],[17.75,-0.523],[17.308,-1.015],[16.833,-1.269],[16.514,-1.887],[16.195,-2.182],[16.226,-3.313],[15.912,-3.917],[15.534,-4.058],[14.673,-4.9],[14.401,-4.886],[14.387,-4.277],[13.945,-4.498],[13.715,-4.453],[13.712,-4.686],[13.393,-4.885],[12.762,-4.391],[12.01,-5.02],[11.806,-4.577],[11.114,-3.937],[11.213,-3.697],[11.483,-3.509],[11.688,-3.699],[11.906,-3.644],[11.825,-3.571],[11.944,-3.303],[11.688,-3.171],[11.778,-3.006],[11.637,-2.833],[11.531,-2.867],[11.566,-2.33],[11.756,-2.415],[12.459,-2.33],[12.427,-1.884],[12.632,-1.825],[12.805,-1.919],[12.969,-2.372],[13.459,-2.441],[13.743,-2.097],[13.906,-2.36],[13.846,-2.467],[14.09,-2.499],[14.234,-2.355],[14.148,-2.225],[14.24,-1.982],[14.405,-1.893],[14.49,-0.601],[13.831,-0.205],[13.945,0.35],[14.329,0.621],[14.468,0.913],[14.144,1.392],[13.795,1.434],[13.15,1.257],[13.251,1.338],[13.13,1.592],[13.162,1.9],[13.295,2.161],[14.562,2.209],[14.892,2.006],[15.707,1.932],[16.07,1.655],[16.159,1.735],[16.086,2.149],[16.479,2.836],[16.465,3.157],[16.639,3.529],[17.459,3.708],[18.182,3.477],[18.472,3.632],[18.642,3.324]]]}},{"type":"Feature","properties":{"iso3":"COD","name":"Democratic Republic of the Congo"},"geometry":{"type":"MultiPolygon","coordinates":[[[[31.28,2.153],[30.478,1.239],[30.239,1.136],[30.155,0.909],[29.947,0.825],[29.94,0.498],[29.703,0.073],[29.578,-1.388],[29.245,-1.641],[29.135,-2.198],[28.859,-2.418],[28.891,-2.653],[29.235,-3.047],[29.215,-3.9],[29.411,-4.502],[29.324,-4.92],[29.612,-5.704],[29.476,-6.002],[29.538,-6.312],[29.707,-6.619],[30.294,-7.149],[30.752,-8.194],[28.889,-8.483],[28.893,-8.766],[28.352,-9.272],[28.698,-9.792],[28.57,-10.22],[28.7,-10.643],[28.36,-11.534],[28.508,-11.873],[28.751,-11.992],[29.035,-12.379],[29.5,-12.453],[29.474,-12.243],[29.799,-12.154],[29.782,-13.456],[29.617,-13.421],[29.669,-13.281],[29.574,-13.225],[29.184,-13.437],[28.994,-13.396],[28.708,-12.89],[28.543,-12.886],[28.423,-12.521],[27.857,-12.262],[27.638,-12.294],[27.234,-11.809],[27.18,-11.57],[27.024,-11.596],[26.948,-11.909],[26.717,-12.013],[25.981,-11.903],[25.345,-11.642],[25.31,-11.195],[24.491,-11.462],[24.294,-11.399],[24.371,-11.1],[24.124,-11.043],[24.001,-10.873],[23.834,-11.028],[22.501,-11.042],[22.238,-11.25],[22.165,-10.852],[22.319,-10.761],[22.313,-10.369],[21.792,-9.406],[21.944,-8.456],[21.754,-7.997],[21.861,-7.47],[21.785,-7.283],[20.521,-7.286],[20.611,-6.916],[19.522,-7.002],[19.356,-8.002],[18.517,-7.932],[18.098,-8.109],[17.6,-8.099],[16.946,-7.205],[16.727,-6.189],[16.553,-5.902],[12.896,-5.815],[12.449,-6.052],[12.211,-5.763],[12.509,-5.726],[12.444,-5.055],[13.088,-4.58],[13.393,-4.885],[13.712,-4.686],[13.715,-4.453],[13.945,-4.498],[14.387,-4.277],[14.401,-4.886],[14.673,-4.9],[15.534,-4.058],[15.912,-3.917],[16.226,-3.313],[16.195,-2.182],[16.514,-1.887],[16.833,-1.269],[17.308,-1.015],[17.75,-0.523],[17.716,-0.196],[17.945,0.377],[17.867,1.017],[18.071,1.551],[18.072,2.16],[18.631,3.179],[18.647,4.046],[18.542,4.328],[18.753,4.401],[19.083,4.909],[19.409,5.13],[19.825,5.097],[20.339,4.772],[20.58,4.415],[20.872,4.453],[21.211,4.292],[22.303,4.129],[22.51,4.191],[22.898,4.824],[23.415,4.591],[24.259,4.93],[24.396,5.122],[24.731,4.918],[25.308,5.032],[25.364,5.311],[25.544,5.375],[25.911,5.17],[26.198,5.238],[26.503,5.047],[26.867,5.038],[27.074,5.203],[27.302,5.132],[27.744,4.788],[27.772,4.596],[28.382,4.275],[28.755,4.554],[29.221,4.341],[29.458,4.67],[29.619,4.642],[29.797,4.556],[29.788,4.369],[30.189,3.956],[30.525,3.868],[30.543,3.613],[30.747,3.675],[30.896,3.52],[30.711,2.445],[31.178,2.303],[31.28,2.153]]],[[[12.905,-5.869],[12.934,-5.874],[12.954,-5.872],[12.905,-5.869]]]]}},{"type":"Feature","properties":{"iso3":"BTN","name":"Bhutan"},"geometry":{"type":"Polygon","coordinates":[[[92.089,27.292],[91.988,27.122],[92.073,26.888],[91.879,26.803],[91.42,26.872],[90.717,26.767],[90.349,26.897],[89.817,26.696],[89.097,26.821],[88.73,27.151],[88.997,27.331],[88.978,27.53],[89.561,28.135],[90.226,28.358],[90.588,28.233],[90.475,28.072],[91.052,27.963],[91.29,28.091],[91.622,27.951],[91.604,27.532],[91.975,27.472],[92.089,27.292]]]}},{"type":"Feature","properties":{"iso3":"UKR","name":"Ukraine"},"geometry":{"type":"MultiPolygon","coordinates":[[[[40.16,49.334],[39.919,49.048],[39.681,49.02],[39.759,48.895],[40.054,48.869],[39.779,48.808],[39.632,48.587],[39.835,48.573],[39.924,48.376],[39.816,48.308],[39.993,48.273],[39.76,48.015],[39.759,47.833],[38.831,47.848],[38.735,47.677],[38.293,47.563],[38.189,47.301],[38.298,47.256],[38.142,47.038],[37.546,47.082],[37.335,46.882],[36.854,46.8],[36.769,46.637],[36.696,46.78],[36.278,46.607],[35.902,46.653],[34.982,46.078],[35.342,46.336],[35.188,46.512],[35.108,46.298],[34.812,46.177],[34.976,45.717],[34.689,45.974],[33.846,46.196],[33.67,46.218],[33.516,46.046],[33.215,46.128],[33.235,46.224],[32.503,46.076],[31.801,46.285],[32.062,46.394],[31.687,46.43],[31.508,46.588],[32.318,46.464],[32.646,46.65],[32.023,46.629],[31.977,47.009],[31.742,47.259],[31.968,46.937],[31.899,46.65],[31.493,46.629],[31.618,46.813],[31.441,46.8],[31.416,46.629],[30.791,46.553],[30.494,46.08],[29.802,45.737],[29.86,45.669],[29.734,45.614],[29.638,45.826],[29.59,45.559],[29.707,45.573],[29.606,45.478],[29.756,45.428],[29.674,45.214],[29.65,45.346],[29.431,45.43],[28.71,45.227],[28.199,45.462],[28.502,45.509],[28.474,45.658],[28.74,45.953],[28.957,46.001],[28.946,46.455],[29.184,46.538],[29.201,46.357],[29.458,46.485],[29.616,46.362],[29.714,46.471],[29.828,46.339],[30.132,46.423],[29.902,46.531],[29.928,46.81],[29.559,46.946],[29.557,47.324],[29.41,47.28],[29.156,47.45],[29.236,47.871],[29.124,47.976],[28.95,47.935],[28.574,48.155],[28.48,48.065],[28.317,48.135],[28.358,48.239],[28.093,48.237],[27.583,48.486],[26.832,48.391],[26.774,48.287],[26.303,48.212],[26.173,47.993],[25.262,47.899],[24.897,47.71],[24.542,47.944],[23.461,47.971],[23.139,48.098],[22.878,47.947],[22.801,48.091],[22.133,48.405],[22.139,48.57],[22.54,49.072],[22.867,49.01],[22.682,49.161],[22.666,49.567],[23.682,50.368],[24.108,50.541],[23.958,50.808],[24.143,50.856],[23.635,51.305],[23.617,51.625],[23.981,51.586],[24.391,51.88],[25.768,51.929],[27.151,51.757],[27.267,51.587],[27.693,51.589],[27.714,51.464],[27.831,51.613],[28.21,51.652],[28.334,51.528],[28.604,51.554],[28.729,51.401],[29.063,51.631],[29.32,51.366],[30.149,51.484],[30.54,51.235],[30.646,51.367],[30.515,51.604],[30.934,52.07],[32.096,52.041],[32.278,52.103],[32.354,52.322],[32.909,52.241],[33.197,52.369],[33.779,52.36],[34.039,52.186],[34.096,51.952],[34.413,51.778],[34.089,51.667],[34.309,51.335],[34.186,51.249],[35.079,51.208],[35.144,51.058],[35.355,51.026],[35.285,50.944],[35.469,50.669],[35.378,50.622],[35.611,50.352],[36.106,50.421],[36.594,50.204],[37.415,50.432],[38.0,49.9],[38.281,50.062],[38.937,49.803],[39.156,49.874],[39.802,49.542],[40.116,49.591],[40.035,49.487],[40.16,49.334]]],[[[29.919,45.691],[30.076,45.792],[30.126,45.811],[29.919,45.691]]],[[[32.989,46.043],[32.999,46.035],[33.045,46.038],[32.989,46.043]]],[[[32.166,46.149],[31.58,46.263],[31.504,46.373],[32.166,46.149]]]]}},{"type":"Feature","properties":{"iso3":"BLR","name":"Belarus"},"geometry":{"type":"Polygon","coordinates":[[[23.166,52.289],[23.922,52.743],[23.894,53.152],[23.486,53.939],[24.378,53.887],[25.459,54.299],[25.516,54.145],[25.763,54.156],[25.696,54.321],[25.529,54.321],[25.74,54.569],[25.783,54.87],[26.801,55.273],[26.45,55.327],[26.616,55.688],[26.981,55.827],[27.593,55.794],[28.111,56.157],[28.311,56.043],[28.611,56.088],[28.732,55.947],[29.396,55.948],[29.344,55.787],[29.481,55.681],[30.2,55.858],[30.886,55.6],[30.918,55.388],[30.794,55.286],[31.006,55.023],[30.771,54.786],[31.168,54.622],[31.065,54.492],[31.325,54.229],[31.823,54.053],[31.745,53.795],[32.442,53.714],[32.429,53.562],[32.72,53.439],[32.717,53.335],[32.117,53.081],[31.379,53.182],[31.247,53.014],[31.561,52.787],[31.481,52.682],[31.629,52.548],[31.567,52.311],[31.764,52.101],[30.919,52.059],[30.515,51.604],[30.646,51.367],[30.54,51.235],[30.149,51.484],[29.32,51.366],[29.063,51.631],[28.729,51.401],[28.604,51.554],[28.334,51.528],[28.21,51.652],[27.831,51.613],[27.714,51.464],[27.693,51.589],[27.267,51.587],[27.151,51.757],[25.768,51.929],[24.391,51.88],[23.981,51.586],[23.617,51.625],[23.615,51.513],[23.532,51.659],[23.637,52.084],[23.166,52.289]]]}},{"type":"Feature","properties":{"iso3":"NAM","name":"Namibia"},"geometry":{"type":"Polygon","coordinates":[[[11.718,-17.546],[11.755,-17.267],[11.983,-17.162],[12.567,-17.235],[13.166,-16.951],[13.48,-17.01],[13.981,-17.424],[18.454,-17.39],[18.89,-17.799],[20.336,-17.855],[20.806,-18.031],[24.239,-17.478],[24.898,-17.531],[25.26,-17.794],[24.953,-17.788],[24.564,-18.053],[24.351,-17.956],[23.61,-18.478],[23.293,-17.999],[20.975,-18.319],[20.985,-21.964],[19.978,-22.001],[19.982,-28.422],[19.569,-28.531],[19.082,-28.959],[18.746,-28.84],[18.166,-28.902],[17.404,-28.704],[17.346,-28.228],[17.213,-28.232],[17.087,-28.027],[16.893,-28.083],[16.74,-28.481],[16.419,-28.607],[15.534,-27.73],[15.083,-26.695],[15.129,-26.458],[14.966,-26.335],[14.853,-25.064],[14.459,-24.098],[14.41,-22.971],[14.529,-22.9],[14.509,-22.548],[13.398,-20.849],[13.178,-20.189],[12.45,-18.905],[12.032,-18.505],[11.718,-17.546]]]}},{"type":"Feature","properties":{"iso3":"ZAF","name":"South Africa"},"geometry":{"type":"MultiPolygon","coordinates":[[[[32.893,-26.846],[32.379,-28.553],[31.365,-29.333],[30.01,-31.292],[29.412,-31.678],[28.87,-32.287],[27.897,-33.04],[26.515,-33.755],[25.711,-33.774],[25.615,-33.935],[25.698,-34.035],[25.011,-33.971],[24.827,-34.206],[23.636,-33.98],[23.408,-34.11],[22.584,-33.994],[22.169,-34.083],[21.789,-34.381],[20.524,-34.454],[19.999,-34.822],[19.297,-34.618],[19.36,-34.5],[19.119,-34.401],[19.14,-34.294],[18.818,-34.377],[18.8,-34.09],[18.478,-34.107],[18.47,-34.347],[18.316,-34.157],[18.484,-33.844],[17.843,-32.823],[18.296,-32.609],[18.277,-31.893],[17.282,-30.348],[16.824,-29.101],[16.47,-28.62],[16.74,-28.481],[16.893,-28.083],[17.076,-28.027],[17.213,-28.232],[17.346,-28.228],[17.404,-28.704],[18.166,-28.902],[18.746,-28.84],[19.12,-28.958],[19.569,-28.531],[19.982,-28.422],[19.981,-24.752],[20.365,-25.033],[20.657,-25.468],[20.841,-26.131],[20.605,-26.493],[20.691,-26.892],[20.908,-26.8],[21.665,-26.863],[22.545,-26.207],[23.031,-25.299],[23.459,-25.282],[23.925,-25.629],[24.665,-25.823],[25.458,-25.711],[25.587,-25.62],[25.868,-24.748],[26.404,-24.633],[26.839,-24.266],[27.127,-23.525],[27.754,-23.221],[28.302,-22.604],[28.913,-22.454],[29.048,-22.22],[29.661,-22.126],[30.335,-22.345],[31.266,-22.366],[31.528,-23.457],[31.85,-23.931],[31.987,-24.423],[31.949,-25.958],[31.309,-25.757],[30.805,-26.397],[30.802,-26.809],[30.88,-26.772],[31.142,-27.196],[31.527,-27.311],[31.968,-27.316],[31.99,-26.808],[32.893,-26.846]],[[27.002,-29.667],[27.381,-30.143],[27.366,-30.311],[27.744,-30.6],[28.079,-30.659],[28.201,-30.282],[28.384,-30.144],[29.144,-29.92],[29.114,-29.75],[29.436,-29.342],[29.312,-29.09],[28.619,-28.572],[27.747,-28.909],[27.35,-29.48],[27.002,-29.667]]],[[[37.662,-46.829],[37.695,-46.822],[37.729,-46.825],[37.662,-46.829]]],[[[37.861,-46.636],[37.865,-46.614],[37.9,-46.6],[37.861,-46.636]]]]}},{"type":"Feature","properties":{"iso3":"OMN","name":"Oman"},"geometry":{"type":"MultiPolygon","coordinates":[[[[56.261,25.331],[56.291,25.328],[56.309,25.301],[56.261,25.331]],[[56.263,25.249],[56.283,25.255],[56.288,25.272],[56.274,25.281],[56.265,25.281],[56.26,25.276],[56.263,25.249]]],[[[56.077,26.061],[56.208,26.263],[56.404,26.215],[56.308,26.222],[56.364,26.386],[56.511,26.333],[56.399,26.269],[56.48,26.146],[56.329,26.173],[56.473,26.099],[56.279,25.627],[56.145,25.671],[56.183,26.015],[56.077,26.061]]],[[[59.845,22.445],[59.344,21.445],[58.854,21.066],[58.519,20.417],[58.203,20.405],[58.206,20.613],[57.856,20.261],[57.689,19.728],[57.84,19.015],[56.808,18.746],[56.356,17.94],[55.445,17.841],[55.228,17.539],[55.26,17.234],[55.027,17.011],[54.085,17.011],[53.09,16.642],[51.979,18.996],[54.978,19.995],[55.638,21.979],[55.187,22.704],[55.195,23.025],[55.538,23.77],[55.457,23.963],[55.998,24.081],[55.933,24.221],[55.756,24.23],[55.789,24.855],[55.897,24.969],[56.078,24.73],[56.383,24.978],[56.611,24.496],[57.184,23.934],[58.762,23.542],[59.516,22.562],[59.845,22.445]]],[[[55.836,17.491],[55.832,17.5],[55.832,17.502],[55.836,17.491]]],[[[56.055,17.56],[56.055,17.56],[56.058,17.546],[56.055,17.56]]],[[[58.954,20.52],[58.664,20.171],[58.636,20.277],[58.891,20.694],[58.954,20.52]]]]}},{"type":"Feature","properties":{"iso3":"UZB","name":"Uzbekistan"},"geometry":{"type":"MultiPolygon","coordinates":[[[[71.786,39.99],[71.79,39.979],[71.767,39.915],[71.786,39.99]]],[[[55.976,44.993],[58.555,45.557],[61.036,44.383],[62.026,43.481],[63.208,43.627],[64.427,43.547],[64.923,43.719],[65.517,43.297],[65.795,42.877],[66.101,42.99],[66.009,42.003],[66.504,41.993],[66.733,41.158],[67.937,41.2],[68.131,41.03],[67.991,40.811],[68.462,40.585],[68.614,40.609],[68.571,40.914],[69.031,41.209],[69.036,41.374],[71.046,42.291],[71.238,42.16],[70.845,42.03],[70.167,41.52],[70.453,41.405],[70.668,41.471],[70.77,41.239],[71.18,41.108],[71.416,41.127],[71.419,41.347],[71.586,41.324],[71.671,41.547],[71.872,41.194],[72.158,41.188],[72.165,40.999],[72.332,41.073],[72.658,40.867],[73.149,40.814],[72.625,40.511],[72.352,40.602],[72.394,40.389],[72.166,40.454],[71.957,40.316],[72.019,40.24],[71.693,40.141],[71.628,40.259],[71.254,40.324],[70.622,40.2],[70.371,40.365],[70.37,40.476],[70.767,40.738],[70.401,41.04],[69.718,40.636],[69.369,40.789],[69.198,40.567],[69.285,40.195],[68.581,40.164],[68.987,40.092],[68.775,40.08],[68.881,39.878],[68.759,39.981],[68.517,39.548],[67.718,39.623],[67.427,39.477],[67.35,39.22],[67.668,39.132],[67.691,38.99],[68.101,38.979],[68.173,38.845],[68.055,38.536],[68.356,38.213],[67.829,37.528],[67.781,37.189],[67.503,37.282],[67.259,37.185],[67.006,37.384],[66.52,37.364],[66.624,37.994],[65.877,38.273],[65.604,38.237],[64.337,38.971],[64.151,38.949],[63.709,39.191],[62.453,40.009],[62.353,40.43],[62.134,40.578],[61.878,41.125],[61.433,41.3],[61.281,41.157],[60.478,41.212],[60.094,41.39],[60.165,41.585],[60.049,41.753],[60.253,41.78],[59.906,41.967],[60.028,42.2],[59.258,42.348],[59.146,42.527],[58.894,42.548],[58.588,42.791],[58.535,42.655],[58.121,42.624],[58.491,42.298],[58.016,42.5],[57.85,42.191],[57.382,42.164],[56.978,41.895],[57.02,41.466],[57.161,41.368],[57.03,41.263],[55.978,41.322],[55.976,44.993]],[[70.566,41.018],[70.55,41.015],[70.561,40.995],[70.566,41.018]]],[[[71.244,40.047],[71.208,39.889],[71.022,39.881],[70.953,40.079],[71.009,40.158],[71.244,40.047]]]]}},{"type":"Feature","properties":{"iso3":"KAZ","name":"Kazakhstan"},"geometry":{"type":"MultiPolygon","coordinates":[[[[87.324,49.085],[86.859,49.105],[86.709,48.954],[86.752,48.715],[86.565,48.527],[85.719,48.359],[85.515,47.92],[85.679,47.275],[85.499,47.052],[84.74,46.815],[84.664,46.984],[83.905,46.974],[83.021,47.206],[82.291,45.533],[82.632,45.416],[82.54,45.124],[82.245,45.232],[81.95,45.144],[81.665,45.348],[79.858,44.904],[80.492,44.728],[80.356,44.653],[80.339,44.121],[80.793,43.149],[80.368,43.028],[80.549,42.878],[80.227,42.791],[80.14,42.623],[80.249,42.205],[79.918,42.424],[79.426,42.47],[79.148,42.791],[76.957,42.989],[75.797,42.936],[75.62,42.805],[75.179,42.85],[74.179,43.262],[73.571,43.032],[73.413,42.627],[73.505,42.403],[71.848,42.834],[71.245,42.747],[71.003,42.564],[71.064,42.47],[70.853,42.306],[70.948,42.248],[70.61,42.027],[70.358,42.062],[69.912,41.713],[69.036,41.374],[69.031,41.209],[68.571,40.914],[68.614,40.609],[68.462,40.585],[67.991,40.811],[68.131,41.03],[67.937,41.2],[66.733,41.158],[66.504,41.993],[66.009,42.003],[66.101,42.99],[65.795,42.877],[65.517,43.297],[64.923,43.719],[64.427,43.547],[63.208,43.627],[62.026,43.481],[61.036,44.383],[58.555,45.557],[55.976,44.995],[55.978,41.322],[55.45,41.279],[54.907,41.932],[54.123,42.338],[52.979,42.127],[52.438,41.749],[52.402,42.093],[52.676,42.538],[52.564,42.742],[52.71,42.585],[52.736,42.701],[52.169,42.887],[51.912,42.842],[51.651,43.191],[51.276,43.154],[51.315,43.462],[50.847,44.189],[50.278,44.336],[50.225,44.568],[50.311,44.662],[51.56,44.511],[50.962,44.864],[50.959,44.979],[51.273,45.025],[51.416,45.39],[53.261,45.343],[52.732,45.554],[53.118,46.114],[53.157,46.342],[52.997,46.505],[53.208,46.695],[53.06,46.892],[52.456,47.001],[52.113,46.813],[52.019,46.937],[51.744,46.927],[51.68,47.057],[51.592,46.987],[51.213,47.121],[50.569,46.829],[50.43,46.897],[49.817,46.54],[49.305,46.588],[49.371,46.399],[49.223,46.471],[49.227,46.328],[48.455,46.661],[49.006,46.769],[48.174,47.713],[47.412,47.836],[47.36,47.683],[47.124,47.808],[47.044,47.986],[47.192,48.072],[47.099,48.265],[46.478,48.411],[46.754,48.914],[47.021,49.097],[47.029,49.201],[46.775,49.333],[46.923,49.861],[47.329,50.073],[47.306,50.295],[47.599,50.453],[48.239,49.865],[48.785,49.933],[48.874,50.07],[48.568,50.637],[48.83,50.596],[49.369,50.827],[49.437,51.112],[49.779,51.102],[50.325,51.303],[50.582,51.635],[50.791,51.597],[50.767,51.759],[51.372,51.63],[51.237,51.536],[51.304,51.472],[51.693,51.454],[51.869,51.673],[52.308,51.775],[52.546,51.46],[53.407,51.484],[53.674,51.22],[54.479,50.853],[54.38,50.619],[54.499,50.523],[54.676,50.603],[54.638,50.886],[54.503,50.928],[54.638,51.028],[55.66,50.53],[56.478,51.073],[56.688,50.969],[56.716,51.072],[57.154,51.1],[57.468,50.858],[57.722,50.909],[57.769,51.12],[58.168,51.055],[58.308,51.15],[58.595,51.023],[58.55,50.893],[58.664,50.79],[59.438,50.631],[59.563,50.58],[59.452,50.537],[59.523,50.475],[59.816,50.563],[60.021,50.854],[60.3,50.685],[60.718,50.653],[61.372,50.782],[61.534,51.206],[61.664,51.258],[61.474,51.426],[60.376,51.663],[60.452,51.805],[59.986,51.952],[61.04,52.335],[60.673,52.672],[61.058,52.922],[60.975,52.971],[62.094,52.992],[62.051,53.125],[61.163,53.299],[61.235,53.503],[61.555,53.506],[60.88,53.633],[61.199,53.797],[60.996,53.941],[61.211,53.908],[61.194,54.018],[61.338,54.063],[62.004,53.932],[62.003,54.017],[62.413,54.027],[62.525,53.872],[62.581,54.054],[63.157,54.18],[63.897,54.194],[64.004,54.32],[64.579,54.386],[65.184,54.31],[65.198,54.516],[65.45,54.627],[68.166,54.956],[68.308,55.073],[68.177,55.171],[68.605,55.196],[68.701,55.36],[68.971,55.279],[68.943,55.435],[70.214,55.132],[70.441,55.283],[70.82,55.294],[71.006,54.774],[71.265,54.662],[71.141,54.564],[71.191,54.318],[70.971,54.305],[71.161,54.102],[71.321,54.201],[71.647,54.109],[71.762,54.248],[72.178,54.136],[72.043,54.378],[72.483,54.136],[72.358,54.093],[72.392,53.908],[72.7,53.958],[72.503,54.051],[72.624,54.135],[73.36,53.938],[73.741,54.058],[73.683,53.874],[73.432,53.865],[73.23,53.662],[73.411,53.43],[73.904,53.639],[74.388,53.462],[74.438,53.673],[74.772,53.831],[75.028,53.808],[75.434,53.987],[75.429,54.09],[76.896,54.464],[76.665,54.134],[76.377,54.154],[76.495,53.992],[77.867,53.272],[80.021,50.767],[80.439,50.958],[80.422,51.188],[80.683,51.302],[81.152,51.187],[81.052,50.956],[81.401,50.959],[81.46,50.73],[82.476,50.714],[82.726,50.901],[83.434,50.993],[83.951,50.78],[84.25,50.26],[84.987,50.067],[84.955,49.907],[85.224,49.596],[86.177,49.463],[86.748,49.783],[86.599,49.574],[87.324,49.085]],[[63.967,45.978],[63.796,46.27],[63.384,46.391],[62.971,46.27],[62.801,45.978],[62.971,45.687],[63.384,45.566],[63.796,45.687],[63.967,45.978]]],[[[50.26,45.01],[50.268,45.034],[50.272,45.056],[50.26,45.01]]],[[[49.986,44.947],[50.113,45.08],[50.021,44.944],[50.189,44.861],[49.986,44.947]]],[[[50.744,44.886],[50.758,44.871],[50.761,44.865],[50.744,44.886]]],[[[52.693,45.46],[52.699,45.441],[52.703,45.425],[52.693,45.46]]],[[[49.822,46.314],[49.838,46.286],[49.841,46.263],[49.822,46.314]]]]}},{"type":"Feature","properties":{"iso3":"TJK","name":"Tajikistan"},"geometry":{"type":"MultiPolygon","coordinates":[[[[70.566,41.018],[70.593,41.009],[70.617,40.994],[70.566,41.018]]],[[[75.164,37.401],[74.892,37.231],[74.316,37.427],[73.709,37.217],[73.597,37.262],[73.753,37.428],[73.296,37.465],[72.791,37.22],[72.658,37.029],[71.653,36.687],[71.431,37.067],[71.598,37.898],[71.258,37.926],[71.358,38.251],[70.951,38.473],[70.665,38.405],[70.172,37.946],[70.283,37.705],[70.158,37.541],[69.529,37.586],[69.324,37.121],[68.888,37.338],[68.02,36.926],[67.772,37.125],[67.829,37.528],[68.361,38.174],[68.055,38.536],[68.174,38.867],[68.085,38.994],[67.691,38.99],[67.668,39.132],[67.343,39.26],[67.488,39.538],[67.718,39.623],[68.517,39.548],[68.759,39.981],[68.881,39.878],[68.775,40.08],[68.987,40.092],[68.581,40.164],[69.285,40.195],[69.198,40.567],[69.355,40.78],[69.718,40.636],[70.401,41.04],[70.767,40.738],[70.37,40.476],[70.371,40.365],[70.622,40.2],[70.963,40.19],[70.477,39.901],[70.525,40.034],[70.005,40.209],[69.518,40.125],[69.502,39.922],[69.314,39.987],[69.241,39.829],[69.3,39.516],[70.477,39.601],[70.77,39.382],[71.46,39.612],[71.513,39.459],[71.74,39.448],[71.751,39.274],[72.05,39.369],[72.229,39.189],[72.519,39.376],[73.604,39.46],[73.608,39.207],[73.826,38.977],[73.681,38.873],[73.816,38.587],[74.029,38.527],[74.123,38.669],[74.334,38.667],[74.833,38.464],[74.791,38.081],[74.965,37.767],[74.892,37.599],[75.164,37.401]]],[[[70.706,39.84],[70.582,39.767],[70.483,39.867],[70.706,39.84]]]]}},{"type":"Feature","properties":{"iso3":"LTU","name":"Lithuania"},"geometry":{"type":"MultiPolygon","coordinates":[[[[26.801,55.273],[25.783,54.87],[25.74,54.569],[25.53,54.346],[25.787,54.242],[25.74,54.146],[25.516,54.145],[25.459,54.299],[24.822,54.135],[24.789,53.97],[23.627,53.898],[23.486,53.939],[23.354,54.217],[22.707,54.419],[22.701,54.68],[22.848,54.814],[22.565,55.068],[22.077,55.029],[21.268,55.249],[21.045,55.874],[21.053,56.073],[21.29,56.207],[22.094,56.417],[24.139,56.257],[24.871,56.443],[25.073,56.198],[25.662,56.141],[26.595,55.667],[26.45,55.327],[26.801,55.273]]],[[[20.925,55.283],[21.085,55.723],[21.134,55.568],[20.925,55.283]]]]}},{"type":"Feature","properties":{"iso3":"BRA","name":"Brazil"},"geometry":{"type":"MultiPolygon","coordinates":[[[[-74.018,-7.544],[-73.983,-7.356],[-73.713,-7.305],[-73.759,-6.887],[-73.148,-6.476],[-73.235,-6.078],[-72.977,-5.652],[-72.918,-5.132],[-72.645,-5.061],[-71.907,-4.518],[-70.969,-4.385],[-70.647,-4.116],[-70.331,-4.143],[-70.206,-4.343],[-69.972,-4.291],[-69.399,-1.183],[-69.62,-0.525],[-70.068,-0.16],[-70.054,0.588],[-69.478,0.733],[-69.137,0.65],[-69.289,1.038],[-69.852,1.059],[-69.856,1.708],[-68.163,1.721],[-68.28,1.829],[-68.192,2.015],[-67.929,1.741],[-67.425,2.138],[-67.117,1.71],[-67.086,1.176],[-66.875,1.223],[-66.285,0.746],[-65.596,0.984],[-65.498,0.659],[-65.137,1.127],[-64.731,1.248],[-64.409,1.508],[-64.353,1.366],[-64.093,1.623],[-64.037,1.927],[-63.412,2.149],[-63.373,2.267],[-63.385,2.421],[-64.048,2.471],[-63.998,2.715],[-64.223,3.124],[-64.203,3.595],[-64.643,3.973],[-64.792,4.284],[-64.59,4.119],[-64.147,4.111],[-64.038,3.883],[-63.672,3.946],[-63.511,3.855],[-63.352,3.959],[-62.889,3.561],[-62.75,3.66],[-62.766,4.021],[-62.428,4.183],[-61.888,4.15],[-61.552,4.255],[-61.316,4.521],[-60.977,4.535],[-60.592,4.95],[-60.74,5.202],[-60.213,5.267],[-59.983,5.086],[-60.16,4.528],[-59.687,4.381],[-59.738,4.203],[-59.528,3.94],[-59.863,3.582],[-59.822,3.357],[-59.994,2.857],[-59.913,2.379],[-59.742,2.264],[-59.759,1.862],[-59.26,1.387],[-58.834,1.186],[-58.519,1.267],[-58.514,1.439],[-58.32,1.601],[-58.027,1.517],[-57.985,1.658],[-57.561,1.709],[-57.319,1.977],[-55.954,1.853],[-55.918,2.05],[-56.147,2.256],[-55.971,2.53],[-55.724,2.397],[-54.959,2.609],[-54.88,2.447],[-54.703,2.446],[-54.704,2.325],[-54.135,2.111],[-53.765,2.369],[-52.96,2.175],[-52.59,2.505],[-52.355,3.152],[-51.585,4.234],[-51.437,3.93],[-51.516,4.441],[-51.187,4.079],[-51.176,3.648],[-51.08,3.882],[-51.017,3.036],[-50.679,2.172],[-50.78,2.071],[-50.62,2.105],[-50.467,1.815],[-49.951,1.721],[-49.883,1.308],[-50.15,1.221],[-49.888,1.175],[-50.791,0.17],[-51.327,-0.08],[-51.251,-0.127],[-51.58,-0.525],[-51.935,-1.34],[-52.238,-1.346],[-52.708,-1.6],[-52.279,-1.518],[-52.204,-1.69],[-50.84,-0.913],[-50.956,-1.129],[-50.655,-1.738],[-50.788,-1.897],[-50.88,-1.852],[-50.844,-1.955],[-50.611,-1.814],[-50.416,-2.073],[-50.313,-1.909],[-49.977,-1.826],[-49.812,-2.108],[-49.847,-1.902],[-49.593,-2.012],[-49.655,-1.895],[-49.422,-1.779],[-49.381,-1.991],[-49.664,-2.678],[-49.527,-2.628],[-48.966,-1.6],[-48.856,-1.559],[-49.033,-1.847],[-48.657,-1.383],[-48.428,-1.662],[-48.483,-1.511],[-48.325,-1.47],[-48.497,-1.461],[-48.483,-1.281],[-48.335,-1.314],[-48.038,-0.662],[-47.962,-0.782],[-47.809,-0.565],[-47.729,-0.757],[-47.585,-0.578],[-47.393,-0.813],[-47.462,-0.593],[-47.407,-0.682],[-47.294,-0.593],[-47.14,-0.799],[-47.078,-0.666],[-47.057,-0.867],[-46.969,-0.696],[-46.947,-0.901],[-46.819,-0.712],[-46.749,-0.943],[-46.656,-0.802],[-46.599,-0.867],[-46.749,-1.019],[-46.428,-0.869],[-46.475,-1.045],[-46.248,-1.094],[-46.2,-0.908],[-46.262,-1.183],[-46.102,-1.073],[-46.05,-1.21],[-45.979,-1.055],[-45.948,-1.251],[-45.867,-1.063],[-45.811,-1.326],[-45.722,-1.135],[-45.676,-1.366],[-45.544,-1.27],[-45.53,-1.416],[-45.416,-1.288],[-45.543,-1.491],[-45.461,-1.546],[-45.326,-1.313],[-45.324,-1.745],[-45.163,-1.483],[-45.063,-1.429],[-44.967,-1.594],[-44.868,-1.421],[-44.934,-1.655],[-44.837,-1.566],[-44.822,-1.759],[-44.708,-1.717],[-44.81,-1.813],[-44.598,-1.745],[-44.66,-1.84],[-44.53,-1.834],[-44.488,-1.987],[-44.617,-2.039],[-44.494,-2.046],[-44.824,-2.279],[-44.666,-2.271],[-44.653,-2.429],[-44.462,-2.145],[-44.364,-2.334],[-44.551,-2.391],[-44.656,-2.593],[-44.54,-2.538],[-44.686,-2.917],[-44.622,-3.051],[-44.796,-3.3],[-44.433,-2.95],[-44.293,-2.481],[-44.034,-2.415],[-44.349,-2.81],[-44.187,-2.759],[-44.2,-2.869],[-43.923,-2.547],[-43.878,-2.635],[-43.537,-2.436],[-43.453,-2.553],[-43.426,-2.338],[-42.239,-2.834],[-41.839,-2.729],[-41.245,-3.015],[-41.257,-2.875],[-39.986,-2.848],[-38.477,-3.697],[-38.03,-4.237],[-37.293,-4.718],[-37.183,-4.911],[-36.544,-5.128],[-35.997,-5.048],[-35.511,-5.144],[-35.223,-5.583],[-35.151,-6.216],[-35.038,-6.237],[-34.86,-6.915],[-34.915,-7.131],[-34.84,-6.973],[-34.794,-7.176],[-34.805,-7.514],[-34.929,-7.556],[-34.805,-7.623],[-34.907,-7.734],[-34.812,-7.933],[-35.305,-9.193],[-35.696,-9.673],[-35.8,-9.585],[-35.858,-9.735],[-35.963,-9.611],[-35.811,-9.745],[-36.408,-10.502],[-36.903,-10.773],[-37.138,-11.126],[-37.275,-11.023],[-37.149,-11.187],[-37.33,-11.421],[-37.299,-11.195],[-37.47,-11.359],[-37.396,-11.437],[-37.492,-11.516],[-37.361,-11.455],[-37.655,-12.05],[-38.32,-12.935],[-38.533,-13.017],[-38.509,-12.723],[-38.691,-12.571],[-38.807,-12.835],[-38.862,-12.654],[-38.924,-12.737],[-38.724,-12.873],[-39.116,-13.599],[-39.012,-13.497],[-38.98,-13.836],[-39.149,-13.737],[-38.994,-13.863],[-39.04,-14.175],[-38.93,-13.898],[-39.067,-14.675],[-38.862,-15.854],[-39.209,-17.162],[-39.137,-17.68],[-39.659,-18.274],[-39.786,-19.602],[-40.027,-19.764],[-40.233,-20.267],[-40.369,-20.233],[-40.26,-20.321],[-40.349,-20.5],[-40.758,-20.864],[-41.057,-21.484],[-40.973,-21.987],[-41.966,-22.535],[-41.993,-22.7],[-41.87,-22.752],[-42.014,-22.982],[-43.031,-22.974],[-43.131,-22.92],[-43.076,-22.666],[-43.27,-22.747],[-43.171,-22.97],[-43.56,-23.067],[-44.004,-23.091],[-43.604,-23.008],[-43.85,-22.892],[-44.186,-23.049],[-44.411,-22.937],[-44.701,-23.108],[-44.651,-23.285],[-44.501,-23.296],[-44.919,-23.349],[-45.413,-23.618],[-45.427,-23.831],[-45.864,-23.756],[-46.288,-24.021],[-46.385,-23.873],[-46.376,-24.025],[-48.052,-25.037],[-47.887,-25.057],[-48.209,-25.458],[-48.127,-25.28],[-48.333,-25.358],[-48.325,-25.229],[-48.456,-25.248],[-48.473,-25.476],[-48.743,-25.352],[-48.711,-25.496],[-48.361,-25.571],[-48.541,-25.845],[-48.769,-25.867],[-48.563,-25.866],[-48.593,-26.184],[-48.734,-26.225],[-48.796,-26.068],[-48.798,-26.305],[-48.608,-26.437],[-48.607,-27.104],[-48.476,-27.154],[-48.62,-27.247],[-48.636,-28.23],[-48.761,-28.487],[-48.874,-28.346],[-48.756,-28.528],[-49.343,-28.924],[-49.811,-29.443],[-50.721,-31.045],[-52.077,-32.167],[-52.087,-31.828],[-51.836,-31.855],[-51.423,-31.485],[-51.245,-31.464],[-51.162,-31.078],[-50.976,-31.131],[-50.978,-30.893],[-50.693,-30.726],[-50.726,-30.363],[-50.565,-30.45],[-50.615,-30.186],[-50.936,-30.432],[-51.284,-30.007],[-51.327,-30.225],[-51.091,-30.352],[-51.25,-30.462],[-51.27,-30.782],[-51.377,-30.642],[-51.443,-31.081],[-51.964,-31.332],[-52.008,-31.646],[-52.083,-31.559],[-52.219,-31.741],[-52.134,-31.931],[-52.259,-32.054],[-52.081,-32.032],[-52.169,-32.101],[-52.091,-32.166],[-52.253,-32.282],[-52.645,-33.137],[-53.411,-33.742],[-53.54,-33.649],[-53.537,-33.171],[-53.111,-32.722],[-53.561,-32.45],[-53.757,-32.055],[-54.274,-31.823],[-54.605,-31.46],[-55.244,-31.245],[-55.592,-30.848],[-56.011,-31.082],[-56.011,-30.798],[-56.831,-30.102],[-57.077,-30.106],[-57.245,-30.293],[-57.612,-30.183],[-56.428,-29.07],[-55.906,-28.378],[-55.694,-28.4],[-55.773,-28.232],[-55.03,-27.851],[-55.081,-27.778],[-54.913,-27.737],[-54.805,-27.526],[-54.287,-27.428],[-54.177,-27.243],[-53.83,-27.157],[-53.662,-26.26],[-53.91,-25.629],[-54.116,-25.495],[-54.447,-25.689],[-54.6,-25.575],[-54.245,-24.051],[-54.639,-23.804],[-55.165,-24.017],[-55.421,-23.955],[-55.624,-22.639],[-55.861,-22.29],[-56.214,-22.275],[-56.408,-22.076],[-56.856,-22.293],[-57.986,-22.074],[-57.818,-20.954],[-58.159,-20.165],[-57.86,-19.98],[-58.125,-19.73],[-57.716,-19.045],[-57.782,-18.91],[-57.466,-18.218],[-57.801,-17.533],[-58.399,-17.237],[-58.48,-16.684],[-58.34,-16.289],[-60.161,-16.265],[-60.246,-15.478],[-60.582,-15.099],[-60.27,-15.083],[-60.473,-13.798],[-61.047,-13.465],[-61.836,-13.541],[-62.115,-13.15],[-62.79,-13.001],[-63.075,-12.653],[-63.318,-12.702],[-63.801,-12.455],[-64.288,-12.497],[-64.49,-12.374],[-64.489,-12.239],[-64.997,-11.996],[-65.387,-11.278],[-65.3,-10.97],[-65.45,-10.468],[-65.285,-10.207],[-65.398,-9.687],[-65.584,-9.837],[-65.789,-9.733],[-66.643,-9.908],[-67.585,-10.502],[-67.722,-10.705],[-68.044,-10.667],[-68.293,-10.979],[-68.616,-11.112],[-69.396,-10.935],[-70.641,-11.011],[-70.638,-9.852],[-70.542,-9.708],[-70.624,-9.566],[-70.525,-9.431],[-71.3,-9.993],[-72.196,-10.006],[-72.313,-9.533],[-73.215,-9.409],[-72.976,-8.985],[-73.541,-8.359],[-73.785,-7.94],[-73.712,-7.788],[-74.018,-7.544]]],[[[-38.893,-13.639],[-39.046,-13.458],[-38.906,-13.389],[-38.893,-13.639]]],[[[-38.587,-12.987],[-38.793,-13.075],[-38.683,-12.873],[-38.587,-12.987]]],[[[-44.481,-2.793],[-44.604,-3.036],[-44.481,-2.704],[-44.481,-2.793]]],[[[-42.041,-2.704],[-42.035,-2.704],[-42.036,-2.715],[-42.041,-2.704]]],[[[-43.627,-2.252],[-43.607,-2.256],[-43.604,-2.266],[-43.627,-2.252]]],[[[-49.288,-1.758],[-49.277,-1.767],[-49.282,-1.786],[-49.288,-1.758]]],[[[-44.892,-1.272],[-44.879,-1.285],[-44.876,-1.296],[-44.892,-1.272]]],[[[-48.339,-1.067],[-48.324,-1.076],[-48.311,-1.112],[-48.339,-1.067]]],[[[-48.156,-0.866],[-48.207,-1.018],[-48.319,-0.974],[-48.156,-0.866]]],[[[-47.949,-0.641],[-47.935,-0.637],[-47.915,-0.642],[-47.949,-0.641]]],[[[-50.813,-0.655],[-51.112,-0.782],[-50.91,-0.583],[-50.813,-0.655]]],[[[-47.639,-0.628],[-47.702,-0.71],[-47.761,-0.576],[-47.639,-0.628]]],[[[-51.15,-0.659],[-51.435,-1.187],[-51.786,-1.45],[-51.954,-1.422],[-51.505,-0.607],[-51.347,-0.532],[-51.382,-0.655],[-51.308,-0.519],[-51.15,-0.659]]],[[[-51.165,-0.14],[-51.121,-0.14],[-51.12,-0.145],[-51.165,-0.14]]],[[[-50.813,-1.336],[-50.793,-1.086],[-50.56,-1.183],[-50.617,-1.12],[-50.477,-1.039],[-50.735,-1.09],[-50.798,-0.984],[-50.737,-0.552],[-50.548,-0.678],[-50.724,-0.48],[-50.574,-0.188],[-50.35,-0.099],[-49.387,-0.258],[-49.326,-0.155],[-48.894,-0.153],[-48.366,-0.315],[-48.629,-1.063],[-48.819,-1.203],[-48.921,-1.142],[-48.793,-1.28],[-48.833,-1.416],[-48.99,-1.292],[-48.839,-1.443],[-48.918,-1.505],[-49.066,-1.532],[-49.198,-1.388],[-49.168,-1.587],[-49.294,-1.618],[-49.387,-1.484],[-49.372,-1.647],[-49.531,-1.498],[-49.552,-1.721],[-49.688,-1.769],[-49.744,-1.58],[-49.809,-1.819],[-50.028,-1.655],[-50.225,-1.739],[-50.258,-1.484],[-50.265,-1.745],[-50.307,-1.655],[-50.297,-1.803],[-50.405,-1.831],[-50.604,-1.772],[-50.813,-1.336]]],[[[-51.039,-0.2],[-50.818,0.035],[-50.627,-0.086],[-50.923,-0.33],[-51.039,-0.2]]],[[[-49.832,-0.103],[-49.497,0.086],[-49.346,-0.021],[-49.463,-0.128],[-49.832,-0.103]]],[[[-50.649,0.15],[-50.49,0.159],[-50.433,0.036],[-50.572,0.002],[-50.649,0.15]]],[[[-50.091,0.306],[-50.107,0.293],[-50.166,0.262],[-50.091,0.306]]],[[[-49.529,0.301],[-50.005,-0.053],[-50.384,0.13],[-49.65,0.386],[-49.529,0.301]]],[[[-50.518,0.215],[-50.367,0.62],[-50.317,0.309],[-50.419,0.168],[-50.518,0.215]]],[[[-50.317,0.458],[-50.082,0.648],[-50.025,0.541],[-50.25,0.361],[-50.317,0.458]]],[[[-50.283,0.769],[-50.016,0.892],[-50.103,0.756],[-50.283,0.769]]],[[[-50.063,0.923],[-50.072,0.931],[-50.099,0.939],[-50.063,0.923]]],[[[-50.312,1.947],[-50.419,1.863],[-50.524,2.001],[-50.4,2.115],[-50.312,1.947]]],[[[-50.544,2.146],[-50.553,2.151],[-50.554,2.156],[-50.544,2.146]]],[[[-29.338,-20.584],[-29.348,-20.561],[-29.344,-20.551],[-29.338,-20.584]]],[[[-28.883,-20.519],[-28.882,-20.515],[-28.881,-20.512],[-28.883,-20.519]]],[[[-48.377,-27.458],[-48.565,-27.814],[-48.517,-27.428],[-48.377,-27.458]]],[[[-48.703,-26.312],[-48.548,-26.167],[-48.489,-26.236],[-48.579,-26.421],[-48.703,-26.312]]],[[[-47.517,-24.701],[-47.507,-24.7],[-47.483,-24.701],[-47.517,-24.701]]],[[[-46.328,-23.926],[-46.319,-23.928],[-46.319,-23.931],[-46.328,-23.926]]],[[[-45.214,-23.907],[-45.453,-23.891],[-45.308,-23.721],[-45.214,-23.907]]],[[[-44.082,-23.17],[-44.367,-23.165],[-44.235,-23.069],[-44.082,-23.17]]],[[[-32.403,-3.838],[-32.392,-3.834],[-32.387,-3.841],[-32.403,-3.838]]],[[[-29.408,0.885],[-29.381,0.891],[-29.356,0.883],[-29.408,0.885]]],[[[-48.251,-25.365],[-48.27,-25.476],[-48.34,-25.426],[-48.251,-25.365]]],[[[-34.853,-7.697],[-34.846,-7.696],[-34.836,-7.697],[-34.853,-7.697]]],[[[-42.229,-2.693],[-42.217,-2.702],[-42.199,-2.72],[-42.229,-2.693]]],[[[-43.849,-2.424],[-43.757,-2.448],[-43.826,-2.514],[-43.849,-2.424]]],[[[-43.565,-2.361],[-43.546,-2.36],[-43.542,-2.371],[-43.565,-2.361]]],[[[-49.48,-1.655],[-49.465,-1.654],[-49.436,-1.665],[-49.48,-1.655]]]]}},{"type":"Feature","properties":{"iso3":"URY","name":"Uruguay"},"geometry":{"type":"Polygon","coordinates":[[[-53.111,-32.722],[-53.512,-33.099],[-53.54,-33.649],[-53.379,-33.741],[-53.765,-34.39],[-54.146,-34.668],[-54.329,-34.562],[-54.306,-34.708],[-54.939,-34.97],[-55.693,-34.765],[-56.156,-34.941],[-57.152,-34.451],[-57.855,-34.471],[-58.389,-33.942],[-58.439,-33.699],[-58.351,-33.122],[-58.138,-33.095],[-58.056,-32.952],[-58.203,-31.893],[-57.989,-31.643],[-58.075,-31.475],[-57.795,-30.858],[-57.89,-30.551],[-57.642,-30.193],[-57.245,-30.293],[-57.077,-30.106],[-56.831,-30.102],[-56.011,-30.798],[-56.011,-31.082],[-55.592,-30.848],[-55.244,-31.245],[-54.605,-31.46],[-54.274,-31.823],[-53.757,-32.055],[-53.561,-32.45],[-53.111,-32.722]]]}},{"type":"Feature","properties":{"iso3":"MNG","name":"Mongolia"},"geometry":{"type":"Polygon","coordinates":[[[119.907,46.718],[119.68,46.592],[118.847,46.765],[118.269,46.723],[117.798,46.52],[117.394,46.571],[117.337,46.357],[116.568,46.291],[116.17,45.709],[115.667,45.454],[114.534,45.386],[114.089,44.962],[113.605,44.74],[111.958,45.085],[111.739,44.966],[111.397,44.387],[111.933,43.697],[110.973,43.316],[110.407,42.769],[109.485,42.449],[108.177,42.454],[106.768,42.287],[104.974,41.586],[104.505,41.657],[104.501,41.871],[103.691,41.759],[103.073,42.005],[102.034,42.185],[101.525,42.537],[100.017,42.677],[99.474,42.564],[97.193,42.787],[96.358,42.724],[96.319,42.91],[95.874,43.247],[95.535,43.958],[95.319,44.017],[95.398,44.281],[94.698,44.343],[93.525,44.951],[90.873,45.186],[90.651,45.493],[90.711,45.752],[91.002,46.022],[90.896,46.302],[91.047,46.566],[90.885,46.945],[90.469,47.309],[90.345,47.659],[90.045,47.88],[89.751,47.824],[89.542,48.031],[89.075,47.984],[88.636,48.176],[88.503,48.393],[87.952,48.575],[88.059,48.708],[87.736,48.887],[87.873,48.968],[87.816,49.166],[88.144,49.271],[88.175,49.444],[89.161,49.503],[89.216,49.634],[89.702,49.72],[89.668,49.927],[90.684,50.216],[91.012,50.425],[91.416,50.461],[91.75,50.684],[92.159,50.689],[92.361,50.868],[92.65,50.674],[92.962,50.778],[93.105,50.599],[94.259,50.558],[94.354,50.224],[94.603,50.02],[95.501,49.887],[96.056,49.999],[97.343,49.734],[97.567,49.917],[98.048,50.023],[98.262,50.284],[98.293,50.519],[98.038,50.623],[97.806,51.001],[98.04,51.457],[98.22,51.475],[98.332,51.718],[98.683,51.819],[98.928,52.13],[99.918,51.749],[102.075,51.375],[102.193,51.307],[102.303,50.564],[103.277,50.198],[104.122,50.148],[105.329,50.476],[106.222,50.292],[106.657,50.327],[107.192,50.006],[107.947,49.933],[107.927,49.67],[108.538,49.327],[110.731,49.138],[111.338,49.365],[112.777,49.501],[113.58,50.02],[114.286,50.277],[114.754,50.236],[115.388,49.891],[116.301,49.993],[116.684,49.823],[115.8,48.53],[115.8,48.242],[115.514,48.132],[115.6,47.887],[115.915,47.684],[116.244,47.863],[116.822,47.876],[117.361,47.651],[117.767,47.993],[118.473,47.989],[119.7,47.16],[119.907,46.718]]]}},{"type":"Feature","properties":{"iso3":"RUS","name":"Russia"},"geometry":{"type":"MultiPolygon","coordinates":[[[[27.328,57.583],[27.525,57.807],[27.799,57.861],[27.495,58.221],[27.555,58.395],[27.411,58.755],[27.882,59.276],[28.182,59.356],[28.019,59.482],[28.007,59.758],[28.375,59.666],[28.476,59.852],[28.833,59.787],[29.161,60.003],[30.162,59.868],[30.246,59.975],[29.948,60.03],[29.849,60.167],[29.052,60.184],[28.617,60.382],[28.439,60.56],[28.703,60.461],[28.69,60.738],[28.216,60.548],[27.808,60.553],[30.926,62.302],[31.57,62.906],[31.204,63.213],[29.981,63.742],[30.552,64.022],[30.558,64.22],[30.032,64.397],[29.955,64.569],[30.181,64.643],[30.119,64.768],[29.634,64.907],[29.598,65.034],[29.85,65.122],[29.58,65.235],[29.839,65.565],[29.703,65.629],[30.112,65.712],[29.9,66.108],[29.052,66.908],[30.009,67.686],[29.331,68.073],[28.69,68.183],[28.447,68.515],[28.801,68.835],[28.41,68.899],[29.12,69.047],[29.377,69.302],[29.967,69.373],[30.225,69.541],[30.119,69.635],[30.853,69.527],[30.928,69.672],[30.841,69.806],[31.409,69.716],[31.297,69.613],[31.811,69.688],[31.711,69.827],[32.099,69.792],[31.913,69.936],[32.054,69.964],[33.133,69.729],[32.872,69.583],[32.17,69.655],[32.112,69.753],[31.968,69.654],[32.016,69.564],[32.502,69.517],[32.194,69.435],[33.085,69.476],[32.823,69.301],[33.524,69.428],[33.235,69.27],[33.544,69.209],[33.061,69.083],[33.023,68.955],[33.724,69.337],[35.874,69.195],[37.681,68.713],[38.389,68.343],[38.765,68.291],[38.51,68.365],[38.639,68.385],[39.86,68.047],[39.71,68.169],[39.793,68.165],[40.467,67.761],[41.04,67.678],[41.109,67.254],[41.39,67.125],[41.178,66.81],[40.085,66.289],[38.554,66.055],[35.558,66.387],[34.804,66.614],[34.48,66.538],[34.356,66.63],[34.522,66.657],[34.092,66.672],[34.141,66.774],[33.947,66.685],[33.101,66.858],[32.805,67.01],[32.93,67.1],[31.851,67.153],[32.262,67.125],[32.55,67.0],[32.42,66.886],[33.324,66.646],[32.901,66.575],[33.537,66.536],[32.941,66.528],[33.735,66.426],[33.311,66.317],[34.103,66.247],[34.852,65.9],[34.969,65.728],[34.689,65.81],[34.777,65.597],[34.682,65.453],[34.297,65.385],[34.774,65.1],[34.702,64.98],[34.942,64.858],[34.757,64.774],[35.009,64.743],[34.832,64.698],[34.978,64.612],[34.743,64.556],[35.349,64.296],[35.589,64.322],[35.583,64.411],[35.811,64.342],[36.292,64.01],[37.438,63.792],[38.074,64.017],[37.902,64.24],[38.02,64.309],[37.749,64.442],[37.122,64.395],[36.56,64.717],[36.44,64.917],[36.807,64.959],[36.82,65.147],[37.008,65.173],[38.385,64.845],[38.067,64.781],[38.048,64.646],[38.448,64.818],[39.567,64.545],[39.924,64.603],[39.786,64.597],[39.85,64.676],[40.517,64.541],[40.411,64.737],[40.517,64.774],[39.741,65.357],[39.749,65.552],[40.71,65.972],[41.644,66.173],[42.201,66.532],[42.661,66.443],[42.549,66.385],[43.302,66.426],[43.693,66.237],[43.288,66.09],[43.353,66.041],[43.515,65.974],[43.382,66.072],[43.836,66.186],[44.18,65.864],[44.096,66.262],[44.563,66.666],[44.364,66.782],[44.522,66.919],[44.303,67.056],[44.378,67.104],[43.815,67.177],[43.767,67.278],[44.145,67.679],[44.087,67.885],[44.268,67.927],[44.138,67.995],[44.412,68.063],[44.181,68.036],[44.228,68.297],[43.317,68.667],[45.582,68.514],[46.535,68.133],[46.698,67.816],[45.35,67.73],[45.315,67.592],[45.028,67.532],[44.912,67.372],[45.594,67.158],[46.025,66.833],[46.598,66.858],[46.407,66.746],[47.581,66.87],[47.742,67.031],[47.77,67.338],[47.948,67.444],[47.846,67.601],[48.7,67.716],[49.107,67.639],[48.778,67.727],[48.794,67.831],[48.586,67.934],[49.133,67.863],[50.779,68.379],[52.177,68.582],[52.052,68.492],[52.361,68.475],[52.136,68.379],[52.402,68.338],[52.731,68.474],[52.491,68.592],[52.634,68.659],[52.328,68.633],[53.879,68.974],[54.561,69.0],[53.595,68.907],[54.026,68.845],[53.72,68.657],[53.944,68.406],[53.211,68.269],[53.993,68.221],[54.185,68.321],[54.203,68.21],[54.504,68.312],[54.832,68.173],[54.937,68.398],[55.393,68.564],[55.997,68.66],[57.33,68.565],[58.171,68.889],[58.424,68.743],[58.271,68.894],[58.879,69.003],[59.224,69.0],[58.892,68.934],[59.423,68.757],[59.056,68.62],[59.087,68.417],[59.675,68.336],[59.964,68.466],[59.811,68.688],[60.467,68.722],[60.969,68.907],[60.903,69.122],[60.591,69.133],[60.542,69.316],[60.139,69.578],[60.654,69.673],[60.706,69.824],[60.927,69.867],[64.128,69.55],[65.004,69.304],[64.831,69.294],[64.786,69.147],[65.068,69.268],[67.09,68.856],[67.196,68.707],[68.135,68.423],[68.288,68.188],[68.651,68.318],[68.561,68.373],[69.109,68.879],[68.951,68.903],[69.219,68.962],[68.458,68.985],[68.026,69.319],[68.107,69.549],[67.017,69.703],[66.855,69.637],[66.958,69.537],[66.796,69.586],[66.885,70.013],[67.143,69.983],[67.328,70.106],[67.094,70.221],[67.334,70.758],[67.138,70.842],[66.689,70.77],[66.608,70.881],[66.889,71.079],[66.62,71.058],[66.912,71.295],[68.349,71.675],[69.054,72.662],[68.976,72.696],[69.354,72.953],[71.563,72.916],[72.837,72.71],[72.721,72.703],[72.874,72.281],[72.351,71.864],[72.345,71.708],[71.803,71.48],[72.636,71.132],[72.837,70.86],[72.683,70.617],[72.771,70.425],[72.436,70.286],[72.622,70.162],[72.492,70.041],[72.692,69.837],[72.502,69.647],[72.638,69.441],[72.488,69.414],[72.648,69.292],[72.478,69.177],[72.577,68.94],[73.646,68.458],[73.091,68.214],[73.204,67.957],[73.072,67.816],[73.114,67.69],[72.581,67.62],[72.392,67.467],[72.403,67.328],[72.048,67.303],[72.226,67.159],[71.913,67.132],[71.995,67.056],[71.748,66.916],[71.302,66.954],[71.515,66.878],[71.577,66.659],[70.689,66.515],[70.295,66.638],[70.723,66.762],[70.316,66.68],[69.898,66.872],[68.965,66.81],[69.206,66.569],[69.903,66.415],[72.076,66.236],[72.347,66.306],[72.412,66.509],[72.289,66.501],[72.474,66.611],[72.942,66.657],[73.869,67.001],[73.9,67.296],[74.73,67.686],[74.825,67.94],[74.725,68.152],[74.332,68.386],[74.454,68.694],[74.628,68.775],[76.582,68.975],[76.663,68.763],[77.326,68.523],[77.162,68.294],[77.357,68.233],[77.193,67.985],[77.305,67.91],[77.08,67.79],[77.693,67.545],[79.053,67.571],[77.494,67.751],[77.537,68.129],[78.173,68.274],[77.787,68.515],[77.647,68.911],[76.042,69.239],[75.509,69.261],[74.773,69.081],[73.759,69.169],[73.9,69.421],[73.516,69.746],[73.765,70.079],[73.708,70.161],[74.316,70.52],[74.318,70.668],[73.928,70.855],[73.556,71.255],[73.022,71.429],[73.499,71.665],[73.526,71.822],[74.995,72.138],[75.111,72.346],[75.059,72.595],[74.751,72.82],[75.319,72.819],[75.531,72.741],[75.338,72.683],[75.708,72.566],[75.556,72.498],[75.742,72.266],[75.254,71.942],[75.228,71.777],[75.533,71.542],[75.242,71.454],[75.263,71.366],[76.889,71.19],[76.914,71.072],[77.005,71.184],[77.558,71.174],[78.411,70.895],[79.115,71.004],[78.442,70.914],[78.56,71.045],[78.238,71.11],[78.279,71.259],[76.272,71.573],[75.997,71.908],[76.878,72.05],[77.585,71.831],[78.11,71.88],[78.226,71.983],[77.986,72.11],[77.377,72.11],[77.474,72.222],[78.498,72.408],[79.391,72.386],[80.835,72.083],[80.632,72.046],[81.737,71.7],[83.252,71.726],[83.305,71.658],[83.012,71.529],[83.048,71.415],[82.273,71.279],[82.353,71.096],[82.208,70.987],[82.417,70.777],[82.082,70.565],[82.349,70.202],[82.157,70.572],[82.465,70.613],[82.579,70.911],[82.902,71.001],[83.134,70.882],[83.137,70.764],[83.011,70.427],[82.644,70.181],[83.111,70.069],[83.183,70.139],[82.952,70.325],[83.534,70.332],[83.775,70.477],[83.382,71.033],[83.116,71.113],[83.257,71.117],[83.148,71.245],[83.619,71.631],[83.361,71.841],[82.678,71.879],[82.185,72.093],[82.307,72.183],[82.198,72.282],[81.208,72.355],[80.704,72.545],[80.834,72.621],[80.632,72.734],[80.814,72.974],[80.231,73.176],[80.563,73.222],[80.255,73.33],[80.677,73.505],[80.513,73.567],[85.427,73.712],[86.016,73.867],[87.08,73.872],[85.787,73.481],[85.833,73.332],[86.782,73.001],[86.66,73.152],[85.844,73.44],[87.165,73.611],[87.664,73.891],[87.296,73.841],[86.94,74.033],[87.362,74.048],[85.906,74.355],[86.297,74.313],[86.049,74.416],[86.475,74.458],[86.954,74.389],[86.716,74.302],[87.262,74.355],[86.535,74.512],[86.782,74.561],[85.74,74.636],[86.101,74.736],[86.091,74.821],[86.958,74.609],[86.762,74.704],[87.064,74.725],[87.061,74.84],[87.386,74.944],[87.173,74.985],[87.574,74.93],[87.79,75.026],[86.899,75.088],[87.025,75.164],[87.953,75.1],[89.246,75.507],[89.704,75.444],[89.613,75.492],[90.058,75.52],[89.954,75.578],[91.58,75.638],[91.7,75.736],[94.163,75.944],[93.419,75.873],[93.277,75.982],[93.007,75.887],[92.827,75.965],[93.231,76.054],[93.121,76.096],[93.999,76.054],[93.686,76.132],[96.196,76.088],[95.575,75.889],[95.74,75.856],[96.665,75.965],[96.461,75.872],[97.251,76.043],[97.397,76.047],[97.185,75.931],[97.824,75.988],[97.548,76.054],[98.816,76.267],[98.713,76.205],[99.235,76.224],[99.09,76.164],[99.755,76.049],[99.679,75.876],[99.424,75.793],[99.571,75.78],[99.902,75.927],[99.866,76.108],[98.818,76.494],[100.851,76.54],[102.25,76.383],[100.878,76.555],[101.235,76.767],[100.858,76.873],[102.076,77.391],[104.023,77.733],[105.874,77.569],[105.977,77.425],[106.292,77.37],[104.142,77.089],[105.928,77.144],[105.435,77.0],[106.83,77.055],[107.5,76.925],[106.724,76.719],[106.799,76.675],[106.612,76.56],[106.397,76.604],[106.417,76.509],[107.845,76.535],[107.985,76.623],[107.946,76.737],[111.09,76.762],[112.199,76.472],[111.829,76.341],[112.257,76.454],[112.748,76.335],[112.501,76.239],[112.858,76.144],[112.57,76.047],[113.303,76.116],[112.932,76.26],[113.259,76.266],[113.549,76.021],[113.481,75.856],[113.781,75.939],[113.89,75.854],[113.556,75.54],[113.426,75.54],[113.617,75.656],[112.337,75.848],[112.871,75.711],[112.748,75.698],[112.878,75.647],[112.814,75.557],[113.267,75.651],[113.72,75.41],[112.88,74.993],[112.147,74.878],[111.772,74.669],[111.403,74.691],[109.561,74.314],[109.98,74.296],[108.067,73.635],[107.147,73.618],[106.785,73.341],[106.063,73.273],[105.834,73.002],[105.073,72.765],[106.036,72.953],[107.103,72.856],[106.255,72.967],[106.176,73.094],[106.36,73.194],[108.317,73.222],[108.396,73.258],[108.198,73.279],[109.435,73.427],[109.194,73.552],[109.714,73.453],[110.925,73.704],[110.664,73.787],[109.737,73.662],[109.531,73.775],[110.021,74.014],[110.959,73.909],[111.536,74.051],[111.198,73.978],[111.436,73.813],[112.372,73.705],[112.945,73.79],[112.847,73.995],[113.428,73.634],[113.131,73.45],[113.498,73.336],[113.487,72.964],[113.118,72.861],[113.177,72.733],[114.09,72.601],[113.391,72.681],[113.158,72.823],[113.542,72.977],[113.562,73.253],[114.036,73.347],[113.467,73.505],[115.413,73.71],[118.45,73.589],[118.998,73.491],[118.467,73.478],[118.346,73.403],[118.394,73.238],[119.723,72.959],[120.534,72.874],[119.764,73.008],[121.791,72.977],[122.732,72.827],[122.308,72.941],[122.953,72.892],[122.43,72.985],[122.614,73.031],[123.235,72.935],[123.468,73.08],[123.401,73.174],[123.671,73.203],[123.218,73.409],[123.417,73.444],[123.246,73.546],[123.424,73.581],[123.37,73.663],[123.974,73.627],[123.877,73.773],[124.06,73.685],[124.383,73.806],[125.652,73.525],[125.563,73.409],[126.288,73.557],[126.391,73.464],[126.158,73.381],[126.42,73.409],[126.565,73.233],[126.659,73.303],[126.563,73.381],[127.05,73.549],[127.988,73.471],[127.899,73.436],[128.077,73.406],[127.96,73.347],[128.969,73.177],[128.777,73.071],[129.444,73.029],[128.291,72.909],[128.129,72.786],[129.358,72.703],[129.198,72.655],[127.905,72.667],[129.258,72.464],[129.501,72.332],[129.358,72.263],[129.564,72.231],[129.242,72.134],[129.489,72.128],[128.934,72.073],[127.666,72.43],[128.442,72.1],[128.927,71.739],[129.184,71.809],[129.041,72.019],[129.544,71.723],[128.82,71.658],[129.249,71.55],[129.763,71.148],[129.626,71.086],[130.08,71.083],[130.62,70.866],[130.769,70.978],[130.888,70.763],[131.042,70.739],[131.546,70.887],[131.851,71.208],[132.188,71.216],[131.942,71.267],[132.264,71.682],[132.718,71.946],[133.341,71.886],[133.031,71.955],[132.715,71.811],[133.152,71.579],[134.739,71.368],[134.669,71.264],[134.81,71.482],[135.622,71.623],[136.775,71.523],[137.492,71.347],[137.403,71.285],[137.532,71.246],[137.705,71.285],[137.526,71.22],[137.813,71.12],[138.074,71.134],[137.739,71.229],[138.363,71.319],[137.829,71.387],[138.099,71.581],[138.756,71.643],[139.192,71.415],[140.033,71.472],[139.735,71.672],[139.692,71.792],[139.809,71.861],[139.336,71.95],[139.635,71.955],[139.874,72.178],[140.197,72.214],[139.257,72.179],[139.35,72.134],[139.094,72.248],[139.542,72.498],[141.111,72.587],[140.583,72.867],[140.726,72.899],[146.854,72.354],[144.943,72.438],[144.521,72.225],[144.105,72.278],[144.416,72.175],[146.929,72.313],[145.973,71.856],[145.993,72.03],[146.347,72.128],[146.079,72.17],[145.968,72.071],[145.88,72.219],[145.613,72.244],[145.75,72.21],[145.621,72.08],[145.806,71.929],[145.329,71.871],[144.971,71.98],[145.216,71.843],[144.886,71.771],[144.893,71.675],[146.036,71.786],[147.196,72.33],[149.611,72.148],[150.074,71.894],[149.709,71.773],[149.369,71.904],[149.149,71.771],[148.834,71.812],[149.039,71.758],[148.827,71.675],[150.102,71.595],[149.868,71.462],[150.671,71.49],[150.047,71.21],[150.657,71.39],[150.739,71.394],[150.595,71.278],[151.033,71.394],[151.591,71.31],[152.137,71.017],[151.681,70.976],[152.541,70.791],[155.48,71.062],[155.53,70.976],[155.936,71.099],[157.989,71.048],[159.238,70.829],[159.843,70.582],[160.094,70.31],[159.938,70.128],[159.689,70.134],[159.915,70.099],[159.692,69.911],[159.769,69.762],[161.006,69.577],[160.963,69.106],[161.415,68.982],[161.107,68.605],[160.821,68.527],[161.134,68.561],[161.574,68.921],[161.415,69.331],[161.703,69.496],[162.327,69.702],[164.027,69.774],[164.834,69.567],[166.894,69.496],[167.802,69.775],[168.254,69.544],[168.192,69.38],[168.288,69.243],[169.371,69.077],[169.454,68.845],[169.625,68.777],[170.625,68.749],[170.449,68.863],[170.633,68.918],[170.728,68.822],[170.68,68.94],[171.159,69.044],[170.9,69.171],[170.913,69.304],[170.606,69.59],[170.161,69.613],[170.592,69.765],[170.557,70.092],[170.407,70.113],[170.482,70.142],[172.725,69.981],[173.198,69.783],[173.479,69.836],[173.164,69.887],[173.279,69.942],[173.928,69.845],[175.716,69.881],[175.53,69.856],[175.997,69.769],[176.158,69.821],[175.782,69.885],[176.128,69.894],[176.735,69.675],[178.773,69.415],[179.068,69.325],[178.654,69.317],[179.261,69.272],[179.959,68.996],[179.548,69.113],[179.692,69.016],[180.0,68.981],[180.0,65.066],[178.562,64.592],[178.756,64.682],[177.625,64.72],[177.389,64.836],[177.492,64.85],[177.433,64.929],[176.937,65.083],[176.306,65.055],[176.959,65.047],[177.3,64.823],[176.436,64.811],[176.046,64.963],[175.715,64.794],[174.442,64.692],[175.712,64.775],[176.082,64.919],[176.424,64.71],[176.114,64.542],[176.458,64.692],[176.743,64.571],[177.492,64.768],[177.362,64.548],[177.454,64.421],[178.184,64.206],[178.075,64.254],[178.283,64.354],[178.2,64.44],[178.589,64.035],[178.383,63.973],[178.643,64.001],[178.759,63.623],[178.269,63.565],[178.711,63.57],[178.595,63.411],[178.699,63.386],[178.838,63.435],[178.777,63.595],[179.006,63.321],[178.809,63.35],[179.386,63.161],[179.418,63.068],[179.242,63.006],[179.541,62.849],[179.563,62.625],[179.149,62.496],[179.074,62.287],[178.061,62.541],[177.307,62.582],[177.458,62.815],[177.189,62.71],[176.992,62.869],[176.928,62.673],[177.266,62.588],[176.662,62.535],[176.279,62.317],[175.306,62.075],[175.395,62.123],[175.258,62.169],[175.174,62.022],[174.6,61.985],[174.727,61.886],[174.073,61.842],[173.805,61.65],[173.545,61.749],[173.481,61.555],[173.128,61.397],[172.716,61.431],[172.955,61.314],[172.338,61.211],[172.434,61.143],[172.263,61.115],[172.49,61.081],[172.373,61.013],[172.009,61.101],[172.201,60.976],[172.047,60.861],[171.958,60.953],[171.949,60.848],[171.537,60.807],[171.633,60.745],[171.413,60.69],[171.396,60.783],[171.372,60.643],[171.179,60.559],[170.516,60.451],[170.662,60.332],[170.265,59.92],[169.849,60.182],[169.975,60.232],[169.214,60.629],[167.768,60.553],[167.192,60.355],[167.025,60.428],[167.048,60.328],[166.245,59.831],[166.103,59.909],[166.285,60.197],[166.233,60.396],[166.373,60.499],[165.445,60.259],[165.229,60.097],[164.999,60.135],[165.212,59.991],[164.839,59.787],[164.489,60.111],[164.118,59.941],[164.19,59.854],[164.042,59.908],[164.205,59.998],[163.629,60.047],[163.794,59.991],[163.362,59.827],[163.39,59.632],[163.18,59.558],[163.313,59.288],[163.067,59.234],[163.262,59.081],[162.883,59.133],[163.069,58.968],[162.89,58.979],[162.405,58.654],[161.993,58.087],[162.082,57.882],[162.456,57.784],[162.355,57.689],[162.69,57.97],[163.33,57.709],[162.8,57.346],[162.784,56.763],[163.239,56.733],[163.366,56.181],[163.051,56.005],[162.557,56.229],[163.116,56.501],[163.02,56.538],[162.91,56.426],[162.414,56.384],[162.593,56.268],[162.057,56.069],[161.764,55.555],[161.813,55.179],[162.152,54.863],[162.128,54.76],[161.724,54.509],[160.741,54.535],[160.053,54.176],[159.818,53.66],[159.96,53.497],[159.791,53.516],[160.059,53.097],[159.771,53.204],[159.825,53.283],[158.709,52.892],[158.592,53.062],[158.438,53.025],[158.436,52.92],[158.647,52.899],[158.5,52.779],[158.565,52.647],[158.421,52.659],[158.53,52.488],[158.421,52.412],[158.558,52.313],[158.287,51.968],[156.67,50.864],[156.762,51.078],[156.524,51.312],[156.439,52.216],[156.282,52.529],[156.447,52.511],[156.266,52.598],[156.111,52.935],[155.551,55.284],[155.686,56.039],[155.947,56.622],[156.552,57.109],[156.684,57.048],[157.001,57.426],[156.931,57.658],[156.749,57.73],[156.981,57.857],[157.47,57.804],[157.64,58.025],[158.338,57.953],[158.229,58.039],[159.237,58.468],[159.194,58.542],[159.728,58.883],[159.803,59.096],[160.497,59.552],[160.847,59.618],[161.897,60.203],[161.939,60.417],[162.917,60.76],[163.325,60.805],[163.315,60.722],[163.751,60.883],[163.487,61.002],[164.029,61.347],[163.751,61.443],[163.866,61.647],[164.045,61.683],[164.127,62.262],[164.538,62.451],[165.297,62.323],[165.124,62.451],[165.651,62.459],[164.447,62.689],[163.399,62.576],[163.168,62.432],[163.369,62.328],[163.091,62.227],[163.193,62.067],[162.977,61.8],[163.327,61.658],[163.017,61.517],[162.839,61.708],[162.623,61.659],[162.775,61.594],[162.417,61.676],[160.915,60.9],[160.792,60.718],[160.431,60.749],[160.186,60.578],[160.17,60.825],[160.444,61.036],[159.798,60.931],[160.0,61.106],[159.943,61.244],[159.776,61.242],[160.285,61.554],[160.259,61.69],[160.414,61.765],[160.346,61.945],[159.577,61.653],[159.566,61.817],[159.118,61.917],[157.028,61.651],[156.67,61.516],[156.655,61.197],[155.943,60.923],[155.914,60.704],[154.952,60.367],[154.488,59.946],[154.564,60.094],[154.408,60.063],[154.473,59.879],[154.221,59.87],[154.368,59.575],[154.22,59.664],[154.138,59.457],[154.963,59.496],[155.21,59.344],[155.194,59.176],[154.438,59.216],[154.049,59.053],[153.692,59.185],[153.769,59.247],[153.369,59.241],[153.337,59.09],[153.007,59.061],[152.9,58.904],[152.363,59.06],[152.02,58.875],[151.354,58.833],[151.088,59.102],[152.322,59.207],[151.734,59.307],[151.396,59.604],[150.907,59.559],[150.942,59.461],[150.78,59.432],[150.504,59.489],[150.774,59.562],[149.375,59.772],[149.041,59.643],[149.212,59.469],[148.846,59.553],[148.743,59.472],[148.736,59.368],[148.99,59.375],[148.935,59.233],[148.437,59.262],[148.219,59.409],[147.546,59.238],[146.504,59.463],[146.319,59.402],[146.323,59.18],[146.05,59.139],[145.825,59.241],[145.957,59.417],[143.904,59.423],[143.494,59.319],[143.165,59.381],[142.056,59.022],[141.584,58.618],[140.74,58.271],[140.496,57.845],[138.623,56.959],[138.582,56.785],[138.454,56.839],[138.13,56.586],[138.223,56.424],[137.914,56.36],[137.391,55.946],[136.43,55.565],[135.173,54.821],[135.244,54.701],[135.75,54.571],[136.823,54.648],[136.841,54.432],[136.739,54.414],[136.814,54.159],[136.659,53.935],[136.775,53.773],[137.186,53.851],[137.291,54.036],[137.061,54.146],[137.736,54.321],[137.484,54.085],[137.308,54.118],[137.591,53.956],[137.863,53.968],[137.218,53.601],[137.335,53.529],[138.15,53.673],[138.579,53.999],[138.58,53.828],[138.216,53.492],[138.439,53.514],[138.772,54.016],[138.644,54.297],[139.302,54.191],[139.768,54.304],[140.241,54.057],[140.331,53.97],[140.257,53.869],[140.581,53.639],[141.407,53.304],[141.433,53.149],[141.189,52.987],[140.707,53.111],[141.261,52.852],[141.316,52.659],[141.128,52.423],[141.556,52.162],[141.355,52.106],[141.426,51.925],[140.915,51.624],[140.8,51.454],[140.874,51.372],[140.686,51.313],[140.707,51.032],[140.442,50.53],[140.523,50.151],[140.691,50.08],[140.415,49.875],[140.561,49.575],[140.336,49.288],[140.344,49.047],[140.219,49.014],[140.398,48.993],[140.213,48.767],[140.177,48.462],[139.262,47.788],[138.969,47.318],[138.563,47.03],[138.034,46.156],[136.355,44.789],[136.165,44.497],[135.838,44.363],[135.426,43.763],[135.182,43.711],[135.128,43.501],[133.927,42.883],[133.158,42.688],[132.99,42.827],[132.816,42.756],[132.763,42.908],[132.578,42.84],[132.404,42.942],[132.312,42.845],[132.346,43.298],[131.93,43.07],[131.85,43.1],[132.052,43.315],[131.816,43.337],[131.394,42.945],[131.472,42.873],[131.273,42.777],[131.22,42.555],[131.12,42.667],[130.657,42.664],[130.873,42.528],[130.704,42.295],[130.572,42.622],[130.38,42.697],[131.103,42.91],[131.281,43.38],[131.161,43.533],[131.264,44.054],[130.933,44.842],[131.434,44.961],[131.853,45.338],[132.921,45.028],[133.099,45.108],[133.18,45.494],[133.477,45.628],[133.687,46.142],[133.902,46.259],[133.846,46.471],[134.227,47.118],[134.184,47.328],[134.557,47.471],[134.773,47.711],[134.559,48.01],[134.719,48.263],[134.386,48.381],[133.738,48.251],[133.524,48.095],[133.092,48.107],[132.675,47.951],[132.525,47.708],[130.966,47.704],[130.675,48.064],[130.824,48.294],[130.759,48.486],[130.53,48.616],[130.674,48.871],[130.202,48.883],[129.481,49.421],[129.115,49.349],[128.672,49.611],[127.855,49.585],[127.539,49.79],[127.487,50.026],[127.591,50.209],[127.331,50.328],[127.287,50.751],[126.932,51.064],[126.972,51.324],[126.809,51.289],[126.909,51.391],[126.439,51.998],[126.556,52.131],[126.317,52.2],[126.439,52.275],[126.212,52.533],[125.991,52.586],[126.088,52.775],[125.646,52.885],[125.734,52.982],[125.621,53.062],[125.074,53.212],[124.87,53.108],[123.614,53.563],[120.874,53.28],[120.033,52.761],[120.079,52.59],[120.724,52.542],[120.626,52.347],[120.784,52.158],[120.706,51.98],[120.1,51.66],[119.138,50.393],[119.357,50.341],[119.316,50.093],[118.644,49.955],[117.874,49.513],[117.058,49.673],[116.218,50.014],[115.388,49.891],[114.754,50.236],[114.286,50.277],[113.58,50.02],[112.777,49.501],[111.338,49.365],[110.731,49.138],[108.538,49.327],[107.927,49.67],[107.947,49.933],[107.192,50.006],[106.657,50.327],[106.222,50.292],[105.329,50.476],[104.122,50.148],[103.277,50.198],[102.303,50.564],[102.193,51.307],[102.075,51.375],[99.918,51.749],[98.928,52.13],[98.683,51.819],[98.332,51.718],[98.22,51.475],[98.04,51.457],[97.806,51.001],[98.038,50.623],[98.293,50.519],[98.262,50.284],[98.048,50.023],[97.567,49.917],[97.343,49.734],[96.056,49.999],[95.501,49.887],[94.603,50.02],[94.354,50.224],[94.259,50.558],[93.105,50.599],[92.962,50.778],[92.65,50.674],[92.361,50.868],[92.159,50.689],[91.75,50.684],[91.416,50.461],[91.012,50.425],[90.684,50.216],[89.668,49.927],[89.702,49.72],[89.216,49.634],[89.161,49.503],[88.2,49.454],[87.975,49.176],[87.4,49.071],[86.599,49.574],[86.748,49.783],[86.177,49.463],[85.224,49.596],[84.955,49.907],[84.987,50.067],[84.25,50.26],[83.951,50.78],[83.434,50.993],[82.726,50.901],[82.476,50.714],[81.46,50.73],[81.401,50.959],[81.052,50.956],[81.152,51.187],[80.683,51.302],[80.422,51.188],[80.439,50.958],[80.021,50.767],[77.867,53.272],[76.495,53.992],[76.377,54.154],[76.665,54.134],[76.896,54.464],[75.429,54.09],[75.434,53.987],[75.028,53.808],[74.772,53.831],[74.438,53.673],[74.388,53.462],[73.904,53.639],[73.411,53.43],[73.23,53.662],[73.432,53.865],[73.683,53.874],[73.741,54.058],[73.36,53.938],[72.624,54.135],[72.503,54.051],[72.7,53.958],[72.392,53.908],[72.358,54.093],[72.483,54.136],[72.043,54.378],[72.178,54.136],[71.762,54.248],[71.647,54.109],[71.321,54.201],[71.161,54.102],[70.971,54.305],[71.191,54.318],[71.141,54.564],[71.265,54.662],[71.006,54.774],[70.82,55.294],[70.441,55.283],[70.214,55.132],[68.943,55.435],[68.971,55.279],[68.701,55.36],[68.605,55.196],[68.177,55.171],[68.308,55.073],[68.166,54.956],[65.45,54.627],[65.198,54.516],[65.184,54.31],[64.579,54.386],[64.004,54.32],[63.897,54.194],[63.157,54.18],[62.581,54.054],[62.525,53.872],[62.413,54.027],[62.003,54.017],[62.004,53.932],[61.338,54.063],[61.194,54.018],[61.211,53.908],[60.996,53.941],[61.199,53.797],[60.88,53.633],[61.555,53.506],[61.235,53.503],[61.163,53.299],[62.051,53.125],[62.094,52.992],[60.975,52.971],[61.058,52.922],[60.673,52.672],[61.04,52.335],[59.986,51.952],[60.452,51.805],[60.376,51.663],[61.474,51.426],[61.664,51.258],[61.534,51.206],[61.372,50.782],[60.718,50.653],[60.3,50.685],[60.021,50.854],[59.816,50.563],[59.523,50.475],[59.452,50.537],[59.563,50.58],[59.438,50.631],[58.664,50.79],[58.55,50.893],[58.595,51.023],[58.308,51.15],[58.168,51.055],[57.769,51.12],[57.722,50.909],[57.468,50.858],[57.154,51.1],[56.716,51.072],[56.688,50.969],[56.478,51.073],[55.66,50.53],[54.638,51.028],[54.503,50.928],[54.638,50.886],[54.676,50.603],[54.499,50.523],[54.38,50.619],[54.479,50.853],[53.674,51.22],[53.407,51.484],[52.546,51.46],[52.308,51.775],[51.869,51.673],[51.693,51.454],[51.304,51.472],[51.237,51.536],[51.372,51.63],[50.767,51.759],[50.791,51.597],[50.582,51.635],[50.325,51.303],[49.779,51.102],[49.437,51.112],[49.369,50.827],[48.83,50.596],[48.568,50.637],[48.874,50.07],[48.785,49.933],[48.239,49.865],[47.808,50.32],[47.47,50.412],[47.295,50.275],[47.309,50.045],[46.9,49.82],[46.775,49.333],[47.04,49.15],[46.754,48.914],[46.478,48.411],[47.099,48.265],[47.192,48.072],[47.044,47.986],[47.124,47.808],[47.36,47.683],[47.412,47.836],[48.174,47.713],[49.006,46.769],[48.455,46.661],[49.306,46.263],[49.15,46.336],[49.115,46.151],[48.627,46.087],[48.752,45.966],[48.716,45.814],[48.555,45.967],[48.243,45.71],[47.859,45.724],[47.818,45.608],[47.56,45.772],[47.654,45.559],[47.385,45.75],[47.572,45.567],[47.381,45.411],[47.37,45.186],[47.099,44.956],[47.078,44.785],[47.003,44.922],[46.962,44.765],[46.722,44.655],[46.711,44.432],[47.246,44.212],[47.489,43.816],[47.404,43.511],[47.544,43.865],[47.702,43.874],[47.491,43.463],[47.493,43.296],[47.586,43.3],[47.462,43.021],[48.579,41.845],[47.895,41.219],[47.547,41.206],[47.251,41.316],[47.141,41.552],[46.741,41.851],[46.568,41.787],[45.631,42.201],[45.699,42.508],[45.356,42.52],[44.859,42.76],[44.773,42.61],[44.508,42.75],[43.94,42.552],[43.723,42.625],[43.801,42.746],[42.83,43.169],[41.578,43.215],[40.652,43.539],[40.097,43.563],[39.963,43.393],[38.758,44.274],[38.217,44.387],[37.778,44.73],[37.8,44.635],[37.499,44.668],[37.192,44.991],[36.593,45.165],[36.962,45.283],[36.668,45.326],[36.833,45.443],[37.139,45.336],[37.078,45.239],[37.519,45.369],[37.729,45.302],[37.635,45.608],[37.586,45.432],[37.595,45.635],[37.829,45.753],[37.94,46.02],[38.098,46.058],[38.04,45.816],[38.167,46.121],[38.56,46.033],[37.905,46.411],[37.731,46.67],[38.575,46.654],[38.378,46.708],[38.415,46.833],[39.389,47.115],[39.088,47.286],[38.478,47.142],[38.81,47.288],[38.217,47.103],[38.301,47.276],[38.191,47.317],[38.319,47.591],[38.735,47.677],[38.831,47.848],[39.759,47.833],[39.76,48.015],[39.993,48.273],[39.816,48.308],[39.924,48.376],[39.835,48.573],[39.632,48.587],[39.779,48.808],[40.054,48.869],[39.759,48.895],[39.681,49.02],[40.142,49.246],[40.035,49.487],[40.131,49.58],[39.802,49.542],[39.156,49.874],[38.937,49.803],[38.3,50.061],[38.0,49.9],[37.415,50.432],[36.594,50.204],[36.106,50.421],[35.611,50.352],[35.378,50.622],[35.469,50.669],[35.285,50.944],[35.355,51.026],[35.144,51.058],[35.079,51.208],[34.186,51.249],[34.309,51.335],[34.089,51.667],[34.413,51.778],[34.096,51.952],[34.065,52.159],[33.804,52.355],[33.183,52.367],[32.909,52.241],[32.394,52.327],[32.233,52.081],[31.764,52.101],[31.567,52.311],[31.629,52.548],[31.481,52.682],[31.561,52.787],[31.247,53.014],[31.416,53.2],[32.201,53.098],[32.717,53.335],[32.701,53.462],[32.429,53.562],[32.442,53.714],[31.745,53.795],[31.823,54.053],[31.325,54.229],[31.065,54.492],[31.168,54.622],[30.771,54.786],[31.006,55.023],[30.794,55.286],[30.918,55.388],[30.886,55.6],[30.2,55.858],[29.481,55.681],[29.351,55.766],[29.377,55.954],[29.031,56.024],[28.809,55.935],[28.611,56.088],[28.169,56.125],[28.126,56.548],[27.865,56.743],[27.914,56.82],[27.628,56.844],[27.84,57.291],[27.328,57.583]]],[[[19.61,54.457],[19.9,54.667],[19.977,54.965],[20.482,54.976],[20.925,55.283],[20.534,54.96],[21.23,54.939],[21.183,55.202],[21.375,55.29],[22.077,55.029],[22.541,55.076],[22.848,54.814],[22.701,54.68],[22.698,54.343],[19.61,54.457]]],[[[36.638,45.351],[36.437,45.272],[36.44,45.067],[35.848,44.992],[35.506,45.114],[35.081,44.794],[34.5,44.743],[33.938,44.381],[33.372,44.576],[33.572,44.621],[33.537,45.117],[32.482,45.409],[33.169,45.784],[33.692,45.861],[33.777,45.93],[33.62,45.951],[33.67,46.218],[34.735,45.953],[35.481,45.298],[35.833,45.471],[35.986,45.363],[36.284,45.477],[36.638,45.351]]],[[[-180.0,65.066],[-180.0,68.982],[-178.845,68.752],[-178.485,68.592],[-178.725,68.676],[-178.7,68.543],[-178.021,68.416],[-177.951,68.338],[-178.074,68.259],[-177.705,68.345],[-178.375,68.557],[-177.492,68.292],[-177.766,68.263],[-177.635,68.195],[-177.338,68.245],[-176.565,68.01],[-176.789,67.979],[-176.539,67.895],[-176.209,67.902],[-176.533,68.003],[-175.921,67.851],[-176.341,67.696],[-176.206,67.645],[-175.682,67.59],[-176.012,67.727],[-175.824,67.813],[-175.266,67.659],[-175.127,67.5],[-175.367,67.358],[-174.969,67.425],[-175.08,67.481],[-174.756,67.303],[-174.908,67.037],[-174.7,66.917],[-174.688,66.732],[-174.971,66.665],[-174.436,66.532],[-174.464,66.28],[-174.016,66.472],[-173.999,66.219],[-173.691,66.439],[-174.264,66.566],[-173.931,66.668],[-174.026,66.961],[-174.612,67.061],[-173.646,67.116],[-173.071,67.044],[-173.272,67.052],[-173.143,67.0],[-173.295,66.981],[-173.303,66.822],[-173.087,66.847],[-173.226,66.911],[-173.074,66.993],[-172.362,66.933],[-172.986,67.039],[-171.719,66.951],[-171.353,66.772],[-171.363,66.675],[-170.385,66.317],[-170.626,66.235],[-170.274,66.29],[-170.106,66.193],[-170.338,66.186],[-169.641,66.068],[-170.606,65.861],[-170.489,65.671],[-170.588,65.605],[-171.463,65.833],[-170.982,65.592],[-171.039,65.467],[-172.034,65.474],[-171.744,65.5],[-172.86,65.7],[-172.39,65.582],[-172.389,65.432],[-172.093,65.484],[-172.189,65.242],[-172.702,65.248],[-172.202,65.217],[-172.227,65.1],[-172.08,65.076],[-173.164,64.765],[-172.806,64.803],[-172.755,64.733],[-173.043,64.66],[-172.845,64.649],[-172.967,64.561],[-172.465,64.558],[-172.22,64.407],[-172.59,64.37],[-172.883,64.495],[-173.013,64.462],[-172.788,64.438],[-172.822,64.32],[-173.106,64.241],[-173.368,64.285],[-173.264,64.446],[-173.415,64.617],[-173.385,64.395],[-173.635,64.332],[-174.652,64.725],[-174.653,64.898],[-175.411,64.771],[-175.368,64.847],[-175.865,64.999],[-175.735,65.147],[-176.044,65.452],[-176.977,65.608],[-177.416,65.441],[-178.461,65.473],[-178.424,65.713],[-178.628,65.73],[-178.978,66.049],[-178.684,66.013],[-178.496,66.14],[-178.477,66.383],[-178.785,66.167],[-179.118,66.243],[-179.164,66.414],[-179.171,66.289],[-179.424,66.344],[-179.252,66.145],[-179.693,66.184],[-179.829,65.947],[-179.767,65.82],[-179.261,65.532],[-179.663,65.141],[-180.0,65.066]]],[[[180.0,71.536],[180.0,70.992],[179.807,70.913],[178.793,70.805],[178.622,71.051],[178.905,71.237],[180.0,71.536]]],[[[-180.0,70.992],[-180.0,71.537],[-179.736,71.586],[-178.395,71.541],[-177.443,71.237],[-177.93,71.041],[-179.342,70.908],[-180.0,70.992]]],[[[131.92,43.02],[131.923,43.009],[131.924,43.006],[131.92,43.02]]],[[[144.757,48.643],[144.058,49.253],[143.259,49.393],[143.667,49.315],[143.009,49.123],[142.537,48.01],[142.545,47.767],[142.714,47.437],[143.016,47.254],[143.173,46.708],[143.39,46.708],[143.197,46.841],[143.478,46.828],[143.626,46.375],[143.431,46.025],[143.393,46.533],[142.797,46.594],[142.711,46.745],[142.457,46.631],[142.094,45.903],[141.942,46.024],[141.817,46.581],[142.057,47.054],[141.966,47.612],[142.191,47.967],[142.133,48.334],[141.857,48.774],[142.125,49.462],[142.174,50.086],[142.041,50.551],[142.269,51.112],[142.079,51.471],[141.687,51.747],[141.81,51.806],[141.639,51.885],[141.652,52.368],[141.844,52.591],[141.928,53.021],[141.769,53.372],[142.241,53.529],[142.264,53.38],[142.455,53.38],[142.687,53.529],[142.514,53.546],[142.498,53.658],[142.719,53.64],[142.776,53.824],[142.604,53.698],[142.708,53.948],[142.283,54.304],[142.57,54.235],[142.734,54.421],[143.013,54.119],[142.852,53.872],[143.121,53.518],[143.094,53.382],[143.211,53.363],[143.361,52.871],[143.297,52.454],[143.194,52.337],[143.261,52.598],[143.119,52.338],[143.125,51.967],[143.318,51.706],[143.224,51.522],[143.338,51.508],[143.365,51.645],[143.448,51.508],[143.475,51.343],[143.379,51.35],[143.483,51.214],[143.522,51.285],[143.79,50.309],[144.385,49.073],[144.685,48.873],[144.757,48.643]]],[[[28.635,60.601],[28.599,60.577],[28.576,60.58],[28.635,60.601]]],[[[-172.043,64.751],[-172.633,64.684],[-172.401,64.837],[-172.043,64.751]]],[[[70.131,66.556],[69.871,66.478],[69.545,66.591],[69.425,66.768],[69.131,66.797],[70.05,66.709],[70.131,66.556]]],[[[51.3,68.495],[51.498,68.489],[51.46,68.474],[51.3,68.495]]],[[[55.369,68.948],[55.442,68.94],[55.48,68.93],[55.369,68.948]]],[[[54.643,69.009],[54.66,69.009],[54.68,69.006],[54.643,69.009]]],[[[161.518,68.98],[161.409,68.893],[161.456,69.001],[161.135,69.092],[161.169,69.325],[161.066,69.417],[161.375,69.546],[161.319,69.243],[161.518,68.98]]],[[[161.361,69.414],[161.475,69.638],[161.636,69.57],[161.616,69.45],[161.361,69.414]]],[[[71.353,73.385],[71.333,73.373],[71.33,73.368],[71.353,73.385]]],[[[51.401,71.871],[51.61,72.092],[52.368,72.075],[52.49,72.164],[52.417,72.289],[52.868,72.347],[52.69,72.367],[52.82,72.45],[52.68,72.479],[53.102,72.601],[52.724,72.559],[52.755,72.638],[53.218,72.648],[52.375,72.73],[52.617,72.863],[53.382,72.889],[53.142,72.962],[53.382,73.012],[53.122,73.101],[53.323,73.221],[54.935,73.425],[56.435,73.23],[56.582,73.13],[55.808,73.066],[56.466,73.052],[56.377,73.007],[55.616,72.964],[56.252,72.972],[56.22,72.827],[55.481,72.806],[55.946,72.669],[55.616,72.697],[55.723,72.638],[55.618,72.542],[55.267,72.587],[55.536,72.472],[55.116,72.45],[55.466,72.436],[55.377,72.303],[55.575,72.2],[55.343,72.066],[55.453,72.059],[55.39,71.943],[55.225,71.929],[55.506,71.898],[56.106,71.259],[57.639,70.73],[57.433,70.744],[57.539,70.705],[57.452,70.606],[56.74,70.703],[57.296,70.565],[56.585,70.642],[56.552,70.754],[56.199,70.709],[56.655,70.59],[56.514,70.545],[55.405,70.75],[55.473,70.654],[55.25,70.679],[55.163,70.553],[54.513,70.825],[54.479,70.736],[54.767,70.648],[53.54,70.805],[53.3,70.866],[53.705,70.846],[53.725,70.969],[53.502,71.094],[54.244,71.123],[53.992,71.161],[54.164,71.21],[54.064,71.237],[53.796,71.155],[53.451,71.264],[53.951,71.462],[53.413,71.312],[53.252,71.456],[53.444,71.545],[52.882,71.394],[52.61,71.469],[52.547,71.635],[52.416,71.477],[52.269,71.588],[52.142,71.545],[52.279,71.477],[51.84,71.456],[51.532,71.566],[51.401,71.871]]],[[[127.405,73.519],[127.392,73.525],[127.428,73.537],[127.405,73.519]]],[[[86.892,73.697],[86.881,73.69],[86.81,73.658],[86.892,73.697]]],[[[97.158,76.088],[97.293,76.096],[97.335,76.109],[97.158,76.088]]],[[[95.177,76.171],[95.192,76.165],[95.197,76.164],[95.177,76.171]]],[[[94.999,76.273],[94.964,76.263],[94.889,76.251],[94.999,76.273]]],[[[96.575,76.341],[96.725,76.346],[96.767,76.335],[96.575,76.341]]],[[[96.716,76.209],[96.854,76.356],[97.075,76.308],[96.716,76.209]]],[[[94.163,76.596],[94.316,76.59],[94.362,76.575],[93.868,76.589],[93.886,76.6],[93.944,76.616],[94.163,76.596]]],[[[95.266,76.671],[95.312,76.668],[95.327,76.664],[95.266,76.671]]],[[[69.034,76.712],[68.788,76.589],[68.938,76.568],[68.178,76.315],[68.288,76.281],[63.762,75.642],[63.552,75.711],[61.694,75.376],[61.482,75.223],[61.277,75.328],[60.725,75.028],[60.571,75.118],[59.927,75.006],[60.688,74.924],[60.194,74.855],[60.372,74.794],[60.276,74.75],[59.509,74.8],[59.873,74.677],[59.755,74.587],[59.091,74.738],[59.29,74.643],[59.084,74.649],[59.221,74.615],[59.146,74.444],[58.187,74.581],[58.639,74.424],[58.728,74.239],[58.292,74.222],[58.522,74.149],[58.162,74.15],[58.097,74.06],[58.213,74.008],[58.123,73.987],[57.532,74.192],[57.412,74.184],[57.536,74.094],[57.261,74.08],[57.912,73.916],[57.809,73.895],[57.946,73.807],[57.749,73.726],[56.556,73.889],[57.35,73.828],[57.618,73.669],[57.35,73.553],[56.735,73.68],[57.254,73.457],[56.749,73.362],[56.73,73.245],[56.121,73.29],[55.917,73.448],[55.924,73.312],[54.9,73.448],[54.25,73.328],[54.033,73.375],[54.542,73.611],[55.35,73.717],[54.281,73.601],[53.631,73.76],[54.802,73.97],[54.589,74.019],[55.019,74.173],[55.864,74.106],[55.076,74.266],[55.747,74.296],[55.233,74.376],[55.388,74.445],[56.287,74.492],[55.657,74.52],[55.5,74.567],[55.53,74.655],[56.987,74.69],[55.817,74.807],[56.678,74.949],[55.726,75.081],[55.918,75.198],[56.371,75.188],[56.446,75.067],[57.046,75.398],[57.741,75.328],[57.501,75.499],[58.165,75.578],[57.926,75.629],[58.931,75.868],[60.348,76.006],[60.043,76.054],[60.268,76.11],[60.838,76.123],[60.468,76.013],[60.735,76.005],[61.146,76.116],[60.9,76.157],[61.077,76.28],[62.382,76.271],[62.504,76.178],[64.091,76.313],[65.485,76.575],[65.999,76.533],[65.753,76.683],[67.588,77.013],[68.463,76.967],[69.034,76.712]]],[[[93.868,78.147],[93.808,78.143],[93.765,78.146],[93.868,78.147]]],[[[92.457,79.11],[92.66,79.092],[92.724,79.077],[92.457,79.11]]],[[[92.991,79.42],[92.948,79.404],[92.904,79.398],[92.991,79.42]]],[[[92.305,79.453],[92.471,79.433],[92.446,79.426],[92.305,79.453]]],[[[91.372,79.486],[91.531,79.449],[91.463,79.46],[91.372,79.486]]],[[[100.31,79.666],[99.906,79.604],[99.983,79.698],[100.31,79.666]]],[[[94.328,80.029],[94.293,80.018],[94.25,80.011],[94.328,80.029]]],[[[146.175,43.538],[146.205,43.539],[146.221,43.537],[146.175,43.538]]],[[[146.882,43.859],[146.896,43.851],[146.91,43.845],[146.882,43.859]]],[[[146.572,44.45],[145.931,44.121],[145.589,43.848],[145.556,43.653],[145.41,43.829],[146.119,44.506],[146.572,44.45]]],[[[146.858,44.462],[146.937,44.625],[147.197,44.714],[147.109,44.827],[147.895,45.224],[147.94,45.426],[148.07,45.251],[148.629,45.501],[148.856,45.464],[148.817,45.333],[148.278,45.223],[147.913,44.963],[147.654,44.995],[147.226,44.581],[146.858,44.462]]],[[[150.569,46.232],[150.023,45.824],[149.437,45.587],[150.02,46.073],[150.569,46.232]]],[[[152.295,47.142],[151.851,46.79],[151.705,46.848],[152.295,47.142]]],[[[152.503,47.383],[152.521,47.373],[152.537,47.349],[152.503,47.383]]],[[[153.021,47.8],[153.049,47.808],[153.062,47.794],[153.021,47.8]]],[[[153.288,48.077],[153.291,48.065],[153.297,48.055],[153.288,48.077]]],[[[154.213,48.918],[154.231,48.897],[154.221,48.873],[154.213,48.918]]],[[[153.987,48.965],[154.001,48.96],[154.012,48.953],[153.987,48.965]]],[[[154.563,49.157],[154.584,49.149],[154.6,49.13],[154.563,49.157]]],[[[154.448,49.817],[154.48,49.811],[154.491,49.783],[154.448,49.817]]],[[[156.159,50.597],[155.885,50.254],[155.396,49.996],[155.217,50.067],[155.187,50.274],[155.69,50.404],[156.041,50.773],[156.159,50.597]]],[[[156.511,50.766],[156.406,50.63],[156.166,50.713],[156.434,50.876],[156.511,50.766]]],[[[155.563,50.808],[155.523,50.813],[155.492,50.828],[155.563,50.808]]],[[[142.55,54.302],[142.568,54.31],[142.587,54.313],[142.604,54.31],[142.588,54.304],[142.541,54.298],[142.55,54.302]]],[[[137.822,54.458],[137.832,54.491],[137.858,54.502],[137.822,54.458]]],[[[137.623,54.571],[137.627,54.554],[137.629,54.537],[137.623,54.571]]],[[[168.059,54.547],[168.07,54.539],[168.102,54.525],[168.059,54.547]]],[[[137.185,55.106],[137.075,54.933],[136.67,54.907],[137.185,55.106]]],[[[138.212,55.036],[137.719,54.624],[137.485,54.879],[137.226,54.778],[137.568,55.195],[137.952,55.147],[137.883,55.003],[138.212,55.036]]],[[[166.665,54.734],[165.746,55.297],[166.254,55.332],[166.25,55.152],[166.665,54.734]]],[[[150.725,59.128],[150.779,59.11],[150.783,59.091],[150.725,59.128]]],[[[163.413,58.535],[163.611,58.607],[163.913,58.994],[163.749,59.019],[164.558,59.24],[164.734,59.023],[164.632,58.865],[164.161,58.822],[163.49,58.445],[163.413,58.535]]],[[[155.508,59.328],[155.534,59.338],[155.567,59.34],[155.508,59.328]]],[[[29.791,59.995],[29.799,59.99],[29.801,59.986],[29.791,59.995]]],[[[27.885,60.011],[27.892,60.004],[27.892,59.995],[27.885,60.011]]],[[[27.022,60.042],[27.025,60.037],[27.027,60.027],[27.022,60.042]]],[[[28.712,60.295],[28.715,60.292],[28.721,60.288],[28.712,60.295]]],[[[28.517,60.338],[28.522,60.334],[28.524,60.331],[28.517,60.338]]],[[[35.943,64.405],[35.966,64.394],[36.031,64.373],[35.943,64.405]]],[[[35.867,65.031],[35.745,64.962],[35.505,65.096],[35.786,65.165],[35.867,65.031]]],[[[-169.083,65.816],[-169.063,65.828],[-169.041,65.827],[-169.083,65.816]]],[[[42.646,66.742],[42.665,66.723],[42.668,66.702],[42.646,66.742]]],[[[32.386,67.132],[32.408,67.12],[32.407,67.107],[32.386,67.132]]],[[[59.242,69.178],[59.241,69.16],[59.241,69.153],[59.242,69.178]]],[[[34.03,69.394],[34.122,69.406],[34.216,69.408],[34.03,69.394]]],[[[50.323,69.151],[49.539,68.835],[48.798,68.729],[48.236,68.882],[48.212,69.002],[48.334,69.3],[48.906,69.508],[49.272,69.508],[50.323,69.151]]],[[[169.453,69.826],[169.278,69.76],[169.235,69.592],[168.875,69.568],[167.754,69.832],[168.265,70.024],[169.453,69.826]]],[[[60.548,69.815],[60.254,69.689],[59.563,69.715],[59.624,69.804],[59.431,69.889],[58.94,69.942],[59.132,69.873],[59.016,69.86],[58.696,70.003],[58.412,70.26],[58.824,70.216],[58.495,70.332],[59.024,70.48],[60.414,69.963],[60.548,69.815]]],[[[57.117,70.559],[57.193,70.541],[57.222,70.526],[57.117,70.559]]],[[[162.382,70.681],[162.406,70.68],[162.435,70.673],[162.382,70.681]]],[[[161.662,70.791],[161.67,70.78],[161.689,70.761],[161.662,70.791]]],[[[160.723,70.838],[160.744,70.825],[160.764,70.804],[160.723,70.838]]],[[[53.232,71.216],[53.01,70.968],[52.756,71.177],[52.212,71.308],[52.741,71.406],[53.232,71.216]]],[[[137.966,71.511],[137.693,71.419],[136.992,71.518],[137.706,71.596],[137.966,71.511]]],[[[78.395,72.491],[77.586,72.285],[76.853,72.333],[77.61,72.635],[78.395,72.491]]],[[[128.974,72.594],[128.653,72.527],[128.104,72.635],[128.974,72.594]]],[[[128.317,72.812],[128.994,72.932],[129.417,72.813],[128.317,72.812]]],[[[79.572,72.741],[78.585,72.842],[79.173,73.101],[79.541,72.926],[79.572,72.741]]],[[[74.962,73.066],[74.703,73.079],[74.656,72.859],[74.093,73.028],[74.475,73.134],[74.962,73.066]]],[[[120.279,73.101],[119.721,73.034],[119.634,73.128],[120.279,73.101]]],[[[76.695,73.186],[76.72,73.174],[76.732,73.166],[76.695,73.186]]],[[[71.75,73.042],[71.375,73.179],[69.875,73.038],[70.065,73.237],[69.959,73.399],[70.949,73.517],[71.268,73.444],[71.112,73.447],[70.98,73.265],[71.459,73.348],[71.75,73.042]]],[[[76.757,73.45],[76.754,73.43],[76.724,73.436],[76.757,73.45]]],[[[75.304,73.409],[75.619,73.553],[76.079,73.56],[75.304,73.409]]],[[[143.565,73.231],[142.538,73.214],[140.789,73.41],[139.965,73.327],[139.767,73.418],[140.493,73.485],[141.127,73.882],[142.045,73.917],[143.407,73.543],[143.565,73.231]]],[[[124.586,73.916],[124.633,73.91],[124.657,73.903],[124.586,73.916]]],[[[84.355,74.019],[84.328,74.013],[84.351,73.998],[84.355,74.019]]],[[[83.513,74.121],[83.54,74.12],[83.57,74.114],[83.513,74.121]]],[[[82.568,74.163],[82.74,74.101],[82.711,74.086],[82.568,74.163]]],[[[136.27,73.932],[136.081,73.898],[135.354,74.259],[136.27,73.932]]],[[[140.165,74.071],[140.35,74.254],[140.891,74.277],[141.113,74.166],[141.038,74.004],[140.545,73.916],[140.165,74.071]]],[[[116.098,74.355],[116.117,74.339],[116.125,74.323],[116.098,74.355]]],[[[84.871,74.506],[84.907,74.502],[84.933,74.493],[84.871,74.506]]],[[[113.43,74.406],[112.775,74.088],[111.459,74.314],[111.951,74.371],[112.11,74.551],[113.43,74.406]]],[[[85.539,74.574],[85.564,74.57],[85.616,74.549],[85.539,74.574]]],[[[86.207,74.512],[85.658,74.471],[85.825,74.578],[86.207,74.512]]],[[[79.614,74.602],[79.49,74.517],[79.149,74.608],[79.614,74.602]]],[[[85.227,74.745],[85.115,74.746],[85.097,74.756],[85.227,74.745]]],[[[87.139,74.937],[86.687,74.896],[86.92,74.82],[86.213,74.903],[87.139,74.937]]],[[[82.137,75.142],[82.146,75.133],[82.15,75.121],[82.137,75.142]]],[[[82.294,75.334],[82.041,75.338],[81.985,75.177],[81.871,75.316],[81.492,75.362],[82.171,75.52],[82.013,75.444],[82.294,75.334]]],[[[150.958,75.142],[150.609,74.894],[149.209,74.758],[148.172,74.804],[146.072,75.24],[146.436,75.597],[146.771,75.507],[146.634,75.438],[146.797,75.366],[148.408,75.421],[148.58,75.383],[148.445,75.287],[148.61,75.216],[150.958,75.142]]],[[[136.975,75.592],[136.97,75.597],[136.968,75.602],[136.975,75.592]]],[[[137.06,75.641],[137.071,75.643],[137.084,75.643],[137.06,75.641]]],[[[135.45,75.394],[135.693,75.869],[136.184,75.616],[135.983,75.417],[135.45,75.394]]],[[[82.11,75.889],[82.228,75.887],[82.259,75.876],[82.11,75.889]]],[[[83.279,75.956],[83.297,75.943],[83.276,75.931],[83.279,75.956]]],[[[145.39,75.517],[144.729,75.432],[144.678,75.328],[144.941,75.273],[143.999,75.025],[142.884,75.147],[142.494,75.376],[143.014,75.602],[143.001,75.708],[142.338,75.726],[142.434,75.678],[142.008,75.623],[142.439,75.203],[143.708,74.947],[142.514,74.817],[141.974,74.934],[142.365,74.931],[142.199,75.004],[141.844,74.999],[140.069,74.828],[139.652,74.981],[139.459,74.931],[139.645,74.889],[139.496,74.768],[139.127,74.652],[137.895,74.846],[136.862,75.362],[137.422,75.37],[137.143,75.41],[137.301,75.471],[137.181,75.551],[137.294,75.602],[137.068,75.726],[137.743,75.749],[137.433,75.953],[139.049,76.239],[138.897,76.219],[139.825,75.97],[139.956,75.836],[140.51,75.79],[140.476,75.64],[141.062,75.65],[140.864,75.739],[141.001,76.047],[141.625,76.013],[141.31,76.184],[142.547,75.863],[143.947,75.835],[145.39,75.517]]],[[[96.646,76.248],[96.596,76.157],[96.447,76.272],[96.246,76.205],[96.396,76.178],[96.345,76.105],[95.266,76.219],[96.646,76.248]]],[[[113.292,76.363],[113.138,76.369],[113.118,76.377],[113.292,76.363]]],[[[111.959,76.602],[112.367,76.658],[112.714,76.52],[112.568,76.444],[111.959,76.602]]],[[[96.472,76.692],[96.394,76.68],[96.361,76.665],[96.472,76.692]]],[[[95.65,76.678],[95.671,76.68],[95.711,76.695],[95.65,76.678]]],[[[97.476,76.65],[97.485,76.63],[97.522,76.617],[97.476,76.65]]],[[[148.432,76.629],[149.453,76.769],[149.256,76.634],[148.432,76.629]]],[[[96.589,77.144],[96.235,76.99],[95.232,77.006],[96.589,77.144]]],[[[105.785,77.281],[105.903,77.304],[105.97,77.305],[105.785,77.281]]],[[[89.817,77.211],[89.135,77.218],[89.604,77.313],[89.817,77.211]]],[[[106.361,77.322],[106.383,77.329],[106.408,77.331],[106.361,77.322]]],[[[107.745,77.329],[107.205,77.234],[107.457,77.281],[107.28,77.302],[107.395,77.36],[107.745,77.329]]],[[[106.861,77.446],[106.882,77.434],[106.881,77.425],[106.861,77.446]]],[[[107.704,78.137],[107.451,78.053],[106.395,78.131],[107.704,78.137]]],[[[106.532,78.254],[106.5,78.241],[106.194,78.193],[106.532,78.254]]],[[[105.416,78.583],[104.787,78.336],[102.66,78.164],[101.21,78.194],[99.871,77.952],[99.268,78.042],[100.05,78.343],[100.001,78.418],[100.385,78.752],[101.166,78.761],[100.824,78.809],[100.907,78.985],[101.626,78.987],[100.988,79.063],[101.194,79.203],[101.818,79.371],[102.246,79.242],[102.14,79.357],[102.303,79.433],[103.153,79.31],[102.825,79.227],[102.379,78.822],[102.921,79.058],[103.624,79.171],[104.455,78.967],[104.525,78.885],[104.367,78.857],[104.655,78.83],[104.579,78.775],[105.175,78.809],[105.416,78.583]]],[[[77.614,79.509],[76.696,79.478],[76.051,79.649],[77.614,79.509]]],[[[93.814,79.899],[93.052,79.715],[91.922,79.679],[92.353,79.734],[91.073,79.851],[91.299,79.919],[90.867,80.063],[93.814,79.899]]],[[[51.505,79.933],[50.045,79.974],[51.001,80.103],[51.505,79.933]]],[[[36.594,80.159],[36.653,80.175],[36.854,80.152],[36.594,80.159]]],[[[92.854,79.556],[94.69,79.816],[94.225,79.899],[94.952,80.104],[95.242,80.022],[97.592,80.175],[98.09,80.056],[97.216,79.701],[97.926,79.902],[98.377,79.878],[98.557,80.059],[99.199,80.05],[100.077,79.783],[99.817,79.742],[99.886,79.693],[99.707,79.569],[99.789,79.522],[99.667,79.312],[99.035,79.296],[99.855,79.09],[99.926,78.946],[98.58,78.782],[95.697,78.998],[95.524,79.109],[95.018,79.039],[94.334,79.249],[94.312,79.479],[93.697,79.46],[93.991,79.494],[93.69,79.542],[93.882,79.604],[93.236,79.439],[93.114,79.467],[93.32,79.501],[92.854,79.556]]],[[[49.531,80.159],[50.336,80.182],[50.0,80.056],[49.531,80.159]]],[[[55.432,80.714],[56.53,80.787],[56.946,80.694],[55.432,80.714]]],[[[44.857,80.617],[47.536,80.857],[48.496,80.798],[48.655,80.755],[48.456,80.727],[48.764,80.66],[47.716,80.768],[47.304,80.653],[47.431,80.594],[46.084,80.44],[46.044,80.574],[44.857,80.617]]],[[[62.277,80.762],[62.037,80.666],[62.116,80.622],[61.045,80.405],[59.636,80.431],[59.242,80.529],[59.372,80.57],[59.221,80.653],[59.694,80.837],[61.603,80.896],[62.277,80.762]]],[[[57.816,80.81],[58.746,80.903],[59.029,80.824],[57.816,80.81]]],[[[53.98,80.816],[55.097,80.903],[55.987,80.804],[54.877,80.721],[53.98,80.816]]],[[[51.744,80.714],[50.95,80.537],[49.728,80.494],[49.83,80.409],[49.49,80.364],[48.84,80.388],[48.627,80.295],[49.107,80.19],[48.528,80.209],[48.372,80.092],[47.628,80.072],[48.085,80.207],[47.102,80.17],[46.618,80.295],[48.133,80.326],[47.619,80.405],[48.236,80.427],[47.379,80.454],[48.375,80.571],[49.188,80.521],[49.682,80.721],[48.955,80.735],[50.237,80.933],[50.443,80.906],[49.997,80.865],[50.856,80.919],[51.045,80.851],[50.251,80.742],[51.744,80.714]]],[[[80.437,80.94],[78.975,80.843],[79.211,80.961],[80.437,80.94]]],[[[58.697,81.025],[58.367,80.946],[57.841,81.048],[58.697,81.025]]],[[[56.096,81.091],[58.282,80.927],[57.534,80.863],[56.096,81.091]]],[[[54.417,81.008],[54.671,81.125],[56.019,81.044],[57.716,80.793],[57.059,80.692],[54.417,81.008]]],[[[50.477,81.07],[50.347,81.091],[50.388,81.105],[50.477,81.07]]],[[[91.574,81.136],[91.186,81.057],[89.894,81.174],[91.574,81.136]]],[[[97.973,80.721],[97.131,80.666],[97.021,80.526],[97.423,80.327],[97.188,80.234],[94.53,80.131],[93.75,79.997],[92.066,80.172],[92.888,80.172],[92.107,80.29],[93.32,80.276],[93.244,80.31],[91.422,80.31],[92.628,80.392],[91.888,80.46],[92.769,80.517],[92.825,80.651],[93.27,80.797],[92.497,80.776],[93.163,80.947],[93.053,80.995],[95.547,81.221],[95.104,81.271],[95.777,81.289],[96.766,80.95],[97.973,80.721]]],[[[56.74,81.454],[57.784,81.565],[58.57,81.413],[56.74,81.454]]],[[[62.504,81.653],[62.517,81.66],[62.106,81.673],[62.504,81.653]]],[[[57.891,81.708],[58.156,81.83],[59.44,81.818],[57.891,81.708]]],[[[150.843,46.448],[150.846,46.442],[150.833,46.441],[150.843,46.448]]],[[[154.905,49.631],[154.815,49.31],[154.603,49.303],[154.751,49.596],[154.905,49.631]]],[[[59.034,75.96],[59.069,75.968],[59.14,75.976],[59.034,75.96]]],[[[58.769,80.021],[59.529,80.121],[59.927,79.995],[59.372,79.92],[58.769,80.021]]],[[[55.712,80.103],[56.019,80.182],[55.973,80.323],[56.13,80.351],[57.022,80.364],[57.154,80.199],[56.957,80.066],[55.712,80.103]]],[[[52.183,80.276],[53.15,80.413],[53.869,80.271],[52.645,80.172],[52.183,80.276]]],[[[56.946,80.482],[58.452,80.468],[59.276,80.33],[58.195,80.291],[58.077,80.262],[58.475,80.222],[57.713,80.099],[57.29,80.169],[57.192,80.364],[57.274,80.392],[56.946,80.482]]],[[[53.798,80.473],[53.973,80.529],[53.883,80.611],[54.465,80.482],[53.798,80.473]]],[[[61.702,81.105],[60.988,80.922],[60.023,80.995],[61.702,81.105]]],[[[65.466,80.935],[64.587,80.755],[63.131,80.683],[62.504,80.824],[64.036,80.987],[64.275,81.169],[64.705,81.205],[65.23,81.137],[65.466,80.935]]],[[[57.336,81.205],[57.397,81.216],[57.612,81.223],[57.336,81.205]]],[[[55.432,81.276],[56.545,81.255],[56.336,81.385],[56.726,81.397],[57.905,81.297],[56.431,81.174],[55.432,81.276]]],[[[58.563,81.324],[58.511,81.321],[58.481,81.324],[58.563,81.324]]],[[[61.904,81.605],[62.011,81.603],[62.075,81.59],[61.904,81.605]]],[[[40.461,64.574],[39.824,64.68],[40.188,64.708],[40.461,64.574]]],[[[40.002,64.737],[39.98,64.729],[39.944,64.728],[39.95,64.742],[39.987,64.743],[40.002,64.737]]],[[[40.035,64.761],[40.334,64.772],[40.407,64.642],[40.035,64.761]]],[[[36.013,65.052],[36.024,65.046],[36.026,65.037],[36.013,65.052]]],[[[36.211,65.158],[36.25,65.159],[36.261,65.155],[36.211,65.158]]],[[[54.33,68.311],[54.341,68.307],[54.344,68.293],[54.33,68.311]]],[[[53.912,68.362],[53.967,68.358],[53.991,68.346],[53.912,68.362]]],[[[49.049,68.678],[49.073,68.676],[49.124,68.668],[49.12,68.663],[48.766,68.69],[48.766,68.697],[48.812,68.697],[49.049,68.678]]],[[[49.579,68.819],[49.595,68.82],[49.598,68.815],[49.579,68.819]]],[[[54.267,68.817],[54.375,68.791],[54.395,68.783],[54.267,68.817]]],[[[49.814,68.899],[49.824,68.903],[49.842,68.906],[49.814,68.899]]],[[[54.974,68.94],[55.013,68.936],[55.022,68.928],[54.974,68.94]]],[[[50.083,68.961],[50.094,68.964],[50.108,68.964],[50.083,68.961]]],[[[67.217,69.421],[67.287,69.438],[67.308,69.438],[67.217,69.421]]],[[[67.345,69.549],[67.259,69.439],[67.022,69.477],[67.345,69.549]]],[[[66.868,70.381],[66.59,70.473],[66.668,70.538],[66.868,70.381]]],[[[66.583,70.502],[66.387,70.695],[66.441,70.798],[66.583,70.502]]],[[[66.6,70.914],[66.597,70.908],[66.585,70.901],[66.6,70.914]]],[[[53.37,71.292],[53.38,71.285],[53.395,71.281],[53.37,71.292]]],[[[152.875,76.151],[152.886,76.145],[152.891,76.134],[152.875,76.151]]],[[[156.661,77.108],[156.665,77.104],[156.673,77.095],[156.661,77.108]]],[[[92.062,77.63],[92.079,77.628],[92.11,77.622],[92.062,77.63]]],[[[58.815,79.917],[58.861,79.911],[58.87,79.901],[58.815,79.917]]],[[[60.167,80.169],[60.199,80.157],[60.21,80.149],[60.167,80.169]]],[[[54.428,80.272],[54.158,80.189],[54.101,80.273],[54.428,80.272]]],[[[55.499,80.317],[55.516,80.313],[55.524,80.306],[55.499,80.317]]],[[[54.987,80.414],[55.065,80.42],[55.091,80.42],[54.987,80.414]]],[[[54.842,80.431],[54.845,80.43],[54.851,80.426],[54.842,80.431]]],[[[54.821,80.465],[54.631,80.502],[54.622,80.511],[54.821,80.465]]],[[[59.737,81.19],[59.756,81.185],[59.759,81.179],[59.737,81.19]]],[[[60.563,81.274],[60.566,81.272],[60.571,81.268],[60.563,81.274]]],[[[58.369,81.58],[58.298,81.585],[58.276,81.593],[58.369,81.58]]],[[[132.45,42.828],[132.467,42.811],[132.478,42.804],[132.45,42.828]]],[[[47.851,43.999],[47.862,43.994],[47.867,43.991],[47.851,43.999]]],[[[47.997,45.468],[47.999,45.454],[47.999,45.451],[47.997,45.468]]],[[[139.225,54.589],[139.24,54.589],[139.261,54.599],[139.225,54.589]]],[[[138.19,54.716],[138.227,54.716],[138.241,54.714],[138.19,54.716]]],[[[149.033,59.192],[149.04,59.203],[149.051,59.203],[149.033,59.192]]],[[[-172.475,64.642],[-172.465,64.637],[-172.453,64.624],[-172.475,64.642]]],[[[67.381,68.792],[67.407,68.776],[67.407,68.768],[67.381,68.792]]],[[[-175.586,71.38],[-175.579,71.378],[-175.574,71.374],[-175.586,71.38]]],[[[161.908,69.647],[161.867,69.555],[161.666,69.621],[161.908,69.647]]],[[[170.125,69.773],[170.275,69.773],[170.271,69.764],[170.125,69.773]]],[[[83.469,70.738],[83.305,70.645],[83.31,70.443],[83.065,70.365],[83.257,70.801],[83.469,70.738]]],[[[97.646,76.756],[97.646,76.754],[97.648,76.749],[97.646,76.756]]],[[[89.136,77.127],[88.92,76.977],[88.664,77.08],[89.136,77.127]]]]}},{"type":"Feature","properties":{"iso3":"CZE","name":"Czechia"},"geometry":{"type":"Polygon","coordinates":[[[18.837,49.527],[18.19,49.277],[18.076,49.047],[17.727,48.863],[17.114,48.834],[16.945,48.604],[16.52,48.806],[16.085,48.743],[15.004,49.01],[14.94,48.763],[14.8,48.777],[14.676,48.576],[14.316,48.558],[14.041,48.601],[12.644,49.429],[12.384,49.743],[12.524,49.905],[12.247,50.045],[12.076,50.315],[12.3,50.161],[12.51,50.389],[12.953,50.404],[13.557,50.707],[14.347,50.88],[14.288,51.037],[14.482,51.037],[14.738,50.811],[15.144,51.012],[15.356,50.775],[15.792,50.743],[15.982,50.604],[16.332,50.644],[16.426,50.568],[16.2,50.406],[16.661,50.093],[17.015,50.218],[16.893,50.433],[17.424,50.241],[17.708,50.311],[17.633,50.106],[17.839,49.974],[18.002,50.047],[18.559,49.907],[18.837,49.527]]]}},{"type":"Feature","properties":{"iso3":"DEU","name":"Germany"},"geometry":{"type":"MultiPolygon","coordinates":[[[[5.852,51.043],[6.147,51.152],[6.057,51.212],[6.208,51.388],[5.931,51.816],[6.744,51.908],[6.809,51.98],[6.68,52.06],[7.029,52.236],[6.973,52.451],[6.672,52.542],[7.018,52.626],[7.195,53.245],[7.367,53.303],[7.038,53.349],[7.101,53.598],[7.951,53.722],[8.205,53.411],[8.315,53.475],[8.271,53.613],[8.552,53.544],[8.504,53.358],[8.486,53.7],[8.652,53.892],[9.275,53.865],[9.567,53.6],[9.832,53.544],[9.395,53.831],[8.916,53.937],[8.833,54.036],[9.018,54.098],[8.813,54.18],[8.963,54.318],[8.603,54.312],[9.011,54.482],[8.648,54.818],[8.824,54.906],[9.948,54.78],[10.027,54.56],[9.84,54.475],[10.143,54.492],[10.142,54.324],[10.318,54.443],[10.731,54.31],[11.136,54.386],[11.067,54.184],[10.753,54.05],[10.902,53.961],[11.175,54.018],[11.458,53.906],[11.69,54.155],[12.088,54.194],[12.115,54.098],[12.534,54.488],[12.921,54.433],[12.438,54.388],[12.369,54.269],[13.009,54.438],[13.484,54.091],[13.712,54.174],[13.906,53.943],[13.817,53.853],[14.264,53.752],[14.442,53.252],[14.124,52.851],[14.645,52.577],[14.545,52.382],[14.761,52.077],[14.586,51.804],[15.022,51.237],[14.775,50.813],[14.482,51.037],[14.288,51.037],[14.347,50.88],[13.557,50.707],[12.953,50.404],[12.51,50.389],[12.3,50.161],[12.076,50.315],[12.247,50.045],[12.524,49.905],[12.384,49.743],[12.644,49.429],[13.816,48.766],[13.717,48.522],[13.455,48.573],[13.406,48.377],[12.739,48.113],[12.991,47.847],[12.892,47.724],[13.064,47.674],[13.037,47.493],[12.779,47.555],[12.762,47.667],[12.242,47.732],[12.174,47.605],[11.62,47.59],[11.237,47.394],[10.429,47.577],[10.428,47.396],[10.16,47.271],[10.209,47.372],[9.946,47.541],[8.882,47.656],[8.583,47.8],[8.391,47.692],[8.607,47.656],[8.561,47.589],[7.586,47.585],[7.586,48.13],[7.81,48.615],[8.2,48.959],[7.41,49.169],[6.726,49.156],[6.345,49.455],[6.503,49.796],[6.096,50.049],[6.147,50.214],[6.375,50.315],[6.337,50.481],[6.171,50.518],[6.249,50.614],[6.012,50.709],[6.064,50.908],[5.852,51.043]]],[[[14.21,53.938],[13.84,53.85],[14.051,54.005],[13.774,54.023],[13.753,54.153],[14.21,53.938]]],[[[6.798,53.604],[6.776,53.602],[6.741,53.593],[6.798,53.604]]],[[[6.874,53.673],[6.911,53.684],[7.047,53.694],[7.085,53.687],[6.874,53.673]]],[[[7.133,53.708],[7.179,53.724],[7.233,53.729],[7.133,53.708]]],[[[7.367,53.728],[7.383,53.735],[7.403,53.737],[7.367,53.728]]],[[[8.12,53.721],[8.133,53.734],[8.152,53.739],[8.12,53.721]]],[[[7.517,53.762],[7.607,53.763],[7.627,53.755],[7.517,53.762]]],[[[7.661,53.762],[7.686,53.781],[7.728,53.787],[7.661,53.762]]],[[[7.874,53.776],[7.855,53.785],[7.859,53.791],[7.874,53.776]]],[[[11.376,53.982],[11.39,54.005],[11.427,54.023],[11.376,53.982]]],[[[11.528,54.075],[11.529,54.077],[11.534,54.085],[11.528,54.075]]],[[[8.963,54.524],[8.959,54.522],[8.956,54.519],[8.963,54.524]]],[[[11.314,54.414],[11.006,54.468],[11.121,54.536],[11.314,54.414]]],[[[13.143,54.598],[13.119,54.586],[13.113,54.57],[13.143,54.598]]],[[[13.766,54.345],[13.5,54.345],[13.407,54.228],[13.115,54.338],[13.267,54.386],[13.143,54.543],[13.507,54.488],[13.521,54.571],[13.253,54.565],[13.231,54.653],[13.391,54.688],[13.425,54.585],[13.671,54.566],[13.579,54.455],[13.766,54.345]]],[[[8.332,54.694],[8.382,54.639],[8.401,54.633],[8.332,54.694]]],[[[8.498,54.756],[8.553,54.754],[8.576,54.746],[8.498,54.756]]],[[[8.654,54.894],[8.277,54.783],[8.416,55.065],[8.355,54.913],[8.654,54.894]]],[[[8.635,54.543],[8.699,54.559],[8.701,54.548],[8.635,54.543]]],[[[7.904,54.18],[7.899,54.178],[7.898,54.182],[7.904,54.18]]],[[[7.912,54.192],[7.93,54.195],[7.933,54.19],[7.918,54.187],[7.912,54.192]]]]}},{"type":"Feature","properties":{"iso3":"EST","name":"Estonia"},"geometry":{"type":"MultiPolygon","coordinates":[[[[23.408,59.026],[23.518,59.073],[23.471,59.212],[24.081,59.271],[24.048,59.395],[24.773,59.45],[24.803,59.571],[25.409,59.491],[25.544,59.535],[25.485,59.67],[26.938,59.45],[28.019,59.482],[28.186,59.375],[27.882,59.276],[27.411,58.755],[27.555,58.395],[27.495,58.221],[27.799,57.861],[27.525,57.807],[27.32,57.516],[26.873,57.627],[26.5,57.516],[26.015,57.843],[25.282,58.073],[24.306,57.868],[24.551,58.334],[24.362,58.397],[24.112,58.241],[23.741,58.343],[23.498,58.697],[23.874,58.772],[23.429,58.765],[23.526,58.82],[23.422,58.929],[23.628,58.991],[23.408,59.026]]],[[[23.943,58.113],[23.938,58.137],[23.955,58.152],[23.943,58.113]]],[[[23.333,58.456],[22.323,58.207],[22.017,57.914],[21.963,57.984],[22.203,58.148],[21.868,58.265],[22.011,58.354],[21.832,58.511],[22.089,58.422],[22.583,58.635],[23.333,58.456]]],[[[23.4,58.555],[23.059,58.603],[23.198,58.681],[23.4,58.555]]],[[[23.364,59.029],[23.39,59.008],[23.394,58.996],[23.364,59.029]]],[[[22.045,58.936],[22.667,59.085],[23.041,58.841],[22.556,58.687],[22.382,58.882],[22.045,58.936]]],[[[24.516,59.598],[24.531,59.584],[24.55,59.558],[24.516,59.598]]],[[[23.261,57.814],[23.271,57.808],[23.275,57.799],[23.261,57.814]]]]}},{"type":"Feature","properties":{"iso3":"LVA","name":"Latvia"},"geometry":{"type":"Polygon","coordinates":[[[28.217,56.271],[27.593,55.794],[26.981,55.827],[26.595,55.667],[25.662,56.141],[25.073,56.198],[24.871,56.443],[24.139,56.257],[22.094,56.417],[21.053,56.073],[20.969,56.37],[21.006,56.52],[21.08,56.403],[21.053,56.829],[21.382,57.009],[21.421,57.289],[21.73,57.574],[22.6,57.758],[22.656,57.586],[23.13,57.371],[23.261,57.099],[23.866,56.99],[24.401,57.258],[24.306,57.868],[25.094,58.067],[25.232,57.985],[25.264,58.075],[26.015,57.843],[26.5,57.516],[26.873,57.627],[27.528,57.528],[27.511,57.43],[27.846,57.267],[27.628,56.844],[27.914,56.82],[28.217,56.271]]]}},{"type":"Feature","properties":{"iso3":"NOR","name":"Norway"},"geometry":{"type":"MultiPolygon","coordinates":[[[[4.927,60.8],[5.434,60.629],[5.236,60.776],[5.537,60.876],[5.131,60.812],[4.982,60.951],[5.101,60.878],[5.14,60.992],[5.016,61.047],[5.448,60.995],[6.098,61.122],[6.356,61.011],[6.601,61.175],[6.956,61.088],[7.01,61.009],[6.874,60.937],[7.051,60.965],[7.106,60.862],[7.161,60.951],[7.0,61.093],[7.695,61.232],[7.312,61.287],[7.572,61.485],[7.264,61.396],[7.305,61.163],[6.953,61.112],[7.004,61.184],[6.558,61.225],[6.702,61.403],[6.434,61.115],[5.961,61.163],[6.037,61.204],[5.194,61.105],[5.044,61.163],[5.25,61.184],[4.955,61.253],[5.633,61.362],[5.058,61.323],[5.112,61.431],[4.948,61.416],[5.804,61.458],[5.29,61.48],[5.14,61.554],[5.358,61.561],[5.146,61.595],[5.427,61.589],[4.94,61.678],[5.395,61.911],[5.941,61.845],[5.899,61.739],[5.992,61.835],[6.819,61.87],[5.156,61.896],[5.4,62.02],[5.092,62.123],[5.17,62.215],[5.462,62.007],[5.592,62.068],[5.391,62.123],[5.454,62.191],[5.75,62.089],[5.667,62.171],[5.906,62.191],[5.845,62.02],[5.955,62.14],[6.367,62.061],[5.926,62.225],[6.311,62.372],[6.531,62.109],[6.4,62.387],[6.709,62.452],[6.879,62.418],[6.988,62.089],[7.188,62.102],[6.979,62.113],[7.038,62.273],[7.415,62.232],[6.957,62.325],[6.791,62.478],[6.243,62.451],[6.675,62.493],[6.263,62.527],[6.291,62.603],[7.092,62.651],[7.127,62.534],[7.157,62.629],[7.542,62.504],[7.778,62.575],[7.418,62.633],[8.147,62.692],[8.073,62.78],[7.36,62.698],[7.681,62.794],[6.949,62.733],[7.216,62.815],[6.88,62.911],[7.076,62.983],[7.974,62.977],[8.545,62.657],[7.877,63.01],[8.087,63.11],[8.329,62.881],[8.703,62.822],[8.416,62.959],[8.669,62.979],[8.374,62.973],[8.47,63.02],[8.166,63.115],[8.943,63.212],[8.476,63.294],[8.764,63.349],[8.672,63.421],[9.018,63.467],[9.149,63.376],[9.093,63.294],[9.435,63.38],[9.169,63.421],[9.481,63.487],[9.149,63.486],[9.699,63.644],[9.961,63.428],[9.833,63.329],[10.259,63.267],[10.041,63.406],[10.908,63.456],[10.759,63.517],[10.923,63.602],[10.656,63.555],[11.458,63.79],[11.096,63.89],[11.498,64.021],[11.254,64.038],[11.3,64.107],[10.574,63.809],[11.056,63.861],[10.91,63.731],[9.98,63.493],[9.799,63.692],[10.101,63.768],[9.544,63.666],[9.778,63.768],[9.546,63.774],[10.197,63.938],[9.936,63.959],[10.014,64.119],[10.649,64.357],[10.483,64.424],[10.835,64.369],[10.656,64.452],[10.957,64.487],[10.971,64.603],[11.342,64.432],[11.247,64.326],[11.656,64.48],[11.438,64.466],[11.506,64.548],[11.78,64.597],[11.517,64.573],[11.396,64.707],[12.225,64.939],[11.261,64.734],[11.43,64.816],[11.253,64.838],[11.697,64.912],[11.267,64.87],[11.979,65.069],[12.194,64.995],[12.931,65.312],[12.503,65.145],[12.355,65.227],[12.712,65.254],[12.245,65.234],[12.499,65.371],[12.692,65.33],[12.479,65.447],[12.712,65.371],[12.629,65.432],[12.78,65.46],[12.355,65.604],[12.495,65.733],[12.787,65.638],[12.558,65.754],[12.718,65.789],[12.612,65.835],[12.682,65.927],[13.176,65.856],[12.924,65.994],[13.04,66.083],[12.67,66.063],[13.527,66.24],[13.536,66.111],[13.822,66.147],[13.61,66.186],[14.144,66.334],[13.04,66.18],[13.534,66.309],[13.037,66.32],[13.164,66.467],[12.972,66.522],[13.362,66.456],[13.26,66.522],[13.726,66.605],[13.239,66.548],[13.403,66.625],[13.191,66.667],[13.547,66.638],[13.225,66.714],[13.993,66.79],[13.544,66.922],[13.959,66.927],[14.06,67.061],[14.152,66.972],[14.568,67.018],[14.267,67.084],[14.75,67.124],[14.514,67.18],[14.604,67.204],[14.979,67.214],[14.891,67.153],[14.994,67.099],[14.932,67.153],[15.095,67.213],[15.501,67.07],[15.377,67.201],[15.74,67.173],[15.063,67.248],[15.165,67.31],[14.328,67.242],[14.623,67.421],[15.049,67.447],[14.727,67.489],[15.059,67.577],[15.159,67.536],[14.829,67.475],[15.429,67.483],[15.658,67.276],[15.529,67.467],[15.898,67.557],[15.239,67.529],[15.466,67.577],[15.179,67.618],[15.301,67.72],[15.837,67.694],[15.433,67.861],[14.836,67.643],[14.727,67.659],[15.117,67.742],[14.773,67.816],[15.86,67.9],[16.063,68.016],[15.282,68.037],[15.644,68.169],[15.737,68.103],[15.628,68.053],[15.844,68.096],[15.98,68.25],[16.104,68.16],[16.042,68.03],[16.485,67.798],[16.207,68.003],[16.467,67.9],[16.334,68.002],[16.542,67.961],[16.389,68.059],[16.689,68.071],[16.289,68.091],[16.59,68.167],[16.103,68.283],[16.803,68.132],[16.22,68.351],[17.127,68.373],[17.334,68.167],[17.42,68.236],[17.248,68.406],[17.872,68.393],[17.468,68.448],[17.547,68.53],[17.047,68.434],[16.465,68.51],[16.961,68.705],[17.679,68.66],[17.234,68.756],[17.783,68.749],[17.468,68.831],[17.826,68.894],[17.426,68.899],[17.659,69.117],[18.152,69.154],[17.989,69.235],[18.158,69.46],[18.487,69.382],[18.502,69.235],[18.565,69.365],[19.013,69.287],[18.455,69.454],[18.853,69.552],[19.379,69.322],[19.178,69.253],[19.477,69.221],[19.43,69.342],[18.993,69.483],[19.229,69.568],[18.944,69.615],[19.249,69.777],[19.784,69.804],[19.53,69.4],[19.688,69.445],[19.743,69.613],[20.113,69.585],[19.824,69.712],[20.293,69.971],[20.425,69.877],[20.383,69.599],[19.917,69.269],[20.482,69.578],[20.853,69.496],[20.492,69.627],[20.482,69.763],[21.093,69.948],[20.894,69.853],[21.179,69.819],[21.326,69.907],[21.209,69.935],[21.29,70.021],[22.098,69.75],[21.914,69.945],[22.114,70.03],[21.798,70.037],[22.099,70.12],[21.719,70.061],[21.209,70.208],[21.49,70.208],[21.553,70.321],[21.874,70.147],[21.806,70.257],[21.987,70.323],[22.306,70.287],[22.275,70.135],[22.559,70.127],[22.326,70.168],[22.401,70.258],[22.967,70.207],[22.285,70.044],[23.019,70.147],[23.094,69.955],[23.33,69.948],[23.539,70.024],[23.176,70.092],[23.422,70.195],[23.244,70.216],[23.532,70.244],[23.313,70.257],[23.614,70.305],[23.513,70.366],[23.918,70.509],[24.35,70.456],[24.103,70.541],[24.352,70.691],[24.723,70.621],[24.245,70.784],[24.396,70.867],[24.635,70.78],[24.725,70.873],[24.574,70.935],[24.666,70.978],[25.033,70.971],[24.916,70.873],[25.154,70.92],[25.246,70.791],[25.365,70.976],[25.536,70.923],[25.442,70.841],[25.926,70.864],[25.074,70.503],[25.287,70.456],[24.98,70.229],[25.004,70.064],[25.253,70.101],[25.54,70.298],[25.441,70.342],[26.614,70.949],[26.725,70.928],[26.691,70.736],[26.342,70.648],[26.657,70.641],[26.506,70.363],[27.102,70.47],[26.973,70.565],[27.267,70.585],[27.111,70.729],[27.63,70.805],[27.134,70.95],[27.554,70.955],[27.525,71.074],[27.65,71.127],[28.549,70.973],[28.266,70.795],[27.76,70.791],[28.131,70.736],[27.65,70.606],[28.301,70.703],[27.849,70.483],[28.335,70.518],[28.161,70.383],[28.167,70.135],[28.014,70.071],[28.184,70.116],[28.233,70.399],[28.507,70.449],[28.402,70.559],[28.795,70.873],[29.405,70.784],[29.306,70.653],[30.105,70.711],[30.347,70.596],[30.001,70.538],[30.582,70.542],[30.947,70.45],[31.077,70.284],[30.549,70.249],[30.159,70.071],[28.617,70.177],[29.686,69.97],[29.364,69.86],[29.741,69.907],[29.487,69.661],[30.03,69.776],[29.939,69.688],[30.186,69.688],[30.165,69.88],[30.289,69.887],[30.403,69.831],[30.337,69.674],[30.483,69.818],[30.841,69.806],[30.928,69.672],[30.755,69.521],[30.119,69.635],[30.232,69.558],[30.123,69.442],[29.377,69.302],[29.065,69.035],[28.827,69.107],[29.345,69.464],[29.147,69.664],[27.665,70.068],[27.1,69.902],[26.501,69.918],[26.005,69.689],[25.737,69.218],[25.796,68.993],[25.201,68.813],[24.905,68.557],[23.929,68.816],[23.198,68.618],[22.409,68.713],[21.663,69.263],[21.314,69.291],[21.063,69.215],[21.156,69.088],[21.072,69.037],[20.102,69.022],[20.357,68.805],[19.962,68.541],[20.246,68.477],[19.971,68.351],[18.436,68.574],[18.162,68.53],[18.189,68.199],[17.921,67.973],[17.321,68.105],[16.783,67.897],[16.587,67.626],[16.127,67.423],[16.438,67.2],[16.416,67.053],[15.426,66.491],[15.482,66.275],[14.541,66.125],[14.649,65.802],[14.514,65.318],[13.643,64.584],[14.097,64.465],[14.148,64.169],[13.964,64.01],[13.234,64.091],[12.755,63.991],[12.17,63.598],[12.22,63.474],[11.992,63.289],[12.223,63.001],[12.093,62.907],[12.091,62.586],[12.314,62.286],[12.162,61.725],[12.888,61.35],[12.704,61.046],[12.253,61.002],[12.605,60.419],[12.483,60.081],[11.85,59.872],[11.897,59.714],[11.675,59.607],[11.812,59.25],[11.612,58.893],[11.452,58.896],[11.176,59.197],[10.738,59.217],[10.56,59.726],[10.656,59.857],[10.718,59.738],[10.689,59.912],[10.475,59.85],[10.615,59.608],[10.543,59.536],[10.224,59.724],[10.379,59.658],[10.381,59.535],[10.237,59.56],[10.514,59.303],[10.361,59.271],[10.262,59.039],[10.224,59.114],[10.207,59.016],[9.846,58.956],[9.539,59.121],[9.724,58.984],[9.299,58.882],[9.45,58.833],[9.071,58.741],[9.216,58.703],[8.202,58.123],[8.004,58.223],[7.916,58.082],[7.007,57.993],[7.147,58.1],[6.901,58.052],[6.804,58.1],[6.989,58.141],[6.722,58.189],[6.783,58.065],[6.619,58.068],[6.531,58.121],[6.846,58.271],[6.01,58.385],[5.478,58.755],[5.537,58.956],[5.626,58.926],[5.551,59.039],[5.716,58.867],[5.854,58.965],[6.229,58.84],[6.058,58.902],[6.626,59.053],[6.034,58.905],[5.875,59.066],[6.462,59.32],[6.154,59.268],[6.236,59.32],[6.042,59.384],[6.544,59.56],[6.236,59.526],[6.286,59.649],[5.924,59.356],[5.886,59.447],[6.153,59.477],[5.807,59.539],[5.646,59.409],[5.86,59.351],[5.612,59.293],[5.587,59.416],[5.505,59.278],[5.182,59.511],[5.489,59.738],[5.417,59.505],[5.564,59.677],[5.754,59.61],[5.879,59.656],[5.746,59.676],[5.814,59.729],[6.312,59.854],[6.002,59.759],[5.969,59.861],[5.832,59.772],[5.646,59.854],[6.291,60.122],[6.105,60.107],[6.202,60.3],[6.64,60.416],[6.524,60.081],[6.654,60.382],[7.106,60.506],[6.901,60.506],[6.988,60.59],[6.656,60.433],[6.695,60.519],[6.297,60.389],[6.178,60.471],[6.152,60.268],[5.996,60.265],[5.756,59.991],[5.681,60.04],[5.791,60.211],[5.544,60.163],[5.708,60.232],[5.572,60.238],[5.737,60.392],[5.41,60.131],[5.141,60.351],[5.298,60.396],[5.306,60.528],[5.654,60.431],[5.75,60.718],[5.275,60.559],[4.927,60.8]]],[[[14.872,68.223],[14.844,68.227],[14.814,68.232],[14.872,68.223]]],[[[14.199,68.315],[14.241,68.314],[14.268,68.283],[14.199,68.315]]],[[[14.159,68.255],[13.457,68.071],[13.637,68.294],[14.159,68.255]]],[[[14.763,68.495],[14.717,68.491],[14.704,68.513],[14.763,68.495]]],[[[5.318,59.257],[5.236,59.141],[5.164,59.218],[5.186,59.415],[5.318,59.257]]],[[[5.345,59.71],[5.201,59.749],[5.153,59.592],[5.188,59.759],[5.071,59.783],[5.154,59.875],[5.345,59.71]]],[[[5.498,59.803],[5.363,59.764],[5.25,59.909],[5.388,59.958],[5.498,59.803]]],[[[5.66,60.066],[5.622,59.911],[5.362,59.995],[5.66,60.066]]],[[[5.112,60.201],[4.936,60.286],[5.037,60.313],[4.968,60.444],[5.112,60.201]]],[[[4.978,60.524],[4.961,60.56],[4.971,60.554],[4.978,60.524]]],[[[5.688,60.677],[5.609,60.444],[5.324,60.547],[5.688,60.677]]],[[[4.987,61.12],[4.803,61.047],[4.79,61.146],[4.987,61.12]]],[[[4.865,61.889],[4.91,61.898],[4.953,61.897],[4.865,61.889]]],[[[5.736,62.28],[5.781,62.281],[5.801,62.277],[5.736,62.28]]],[[[6.079,62.342],[5.811,62.246],[5.804,62.362],[6.079,62.342]]],[[[6.263,62.424],[6.303,62.425],[6.321,62.423],[6.263,62.424]]],[[[6.853,62.746],[6.879,62.743],[6.904,62.733],[6.853,62.746]]],[[[6.832,62.842],[6.86,62.845],[6.894,62.854],[6.832,62.842]]],[[[7.778,63.082],[7.849,63.098],[7.887,63.1],[7.778,63.082]]],[[[7.706,63.007],[7.367,62.997],[7.621,63.118],[7.706,63.007]]],[[[8.113,63.239],[8.133,63.229],[8.156,63.211],[8.113,63.239]]],[[[8.484,63.247],[8.548,63.219],[8.575,63.2],[8.484,63.247]]],[[[7.778,63.411],[8.182,63.39],[7.977,63.315],[7.778,63.411]]],[[[9.176,63.568],[8.278,63.467],[8.788,63.64],[9.176,63.568]]],[[[8.272,63.685],[8.805,63.815],[8.826,63.72],[8.272,63.685]]],[[[11.286,64.559],[11.312,64.54],[11.426,64.54],[11.286,64.559]]],[[[11.091,64.902],[11.081,64.898],[11.006,64.899],[11.091,64.902]]],[[[10.841,64.877],[10.817,64.869],[10.738,64.85],[10.841,64.877]]],[[[12.309,65.111],[11.979,65.083],[12.191,65.214],[12.309,65.111]]],[[[12.507,65.398],[12.053,65.22],[12.328,65.467],[12.197,65.474],[12.274,65.582],[12.507,65.398]]],[[[12.005,65.69],[12.0,65.678],[11.987,65.672],[12.005,65.69]]],[[[12.698,65.998],[12.741,66.014],[12.8,66.025],[12.698,65.998]]],[[[12.294,66.015],[12.551,66.22],[12.657,66.104],[12.294,66.015]]],[[[14.274,67.166],[14.192,67.004],[13.993,67.078],[14.274,67.166]]],[[[13.157,68.085],[13.05,68.025],[13.124,67.944],[12.787,67.81],[13.157,68.085]]],[[[13.438,68.126],[13.366,68.013],[13.164,68.026],[13.438,68.126]]],[[[14.198,68.153],[14.356,68.242],[14.303,68.312],[14.496,68.306],[14.384,68.373],[15.172,68.454],[14.198,68.153]]],[[[16.467,68.469],[16.095,68.398],[16.222,68.524],[16.467,68.469]]],[[[17.146,68.77],[16.817,68.736],[17.001,68.859],[17.146,68.77]]],[[[17.44,68.866],[17.224,68.793],[17.084,68.914],[17.44,68.866]]],[[[16.577,68.708],[16.498,68.554],[16.106,68.539],[15.904,68.37],[15.871,68.495],[15.624,68.3],[15.323,68.351],[15.554,68.511],[14.987,68.269],[15.357,68.461],[15.217,68.557],[15.631,68.612],[15.439,68.708],[15.714,68.701],[15.456,68.769],[15.638,68.825],[15.549,68.852],[15.645,68.955],[15.907,68.959],[15.761,68.736],[15.99,68.763],[15.74,68.53],[16.083,68.639],[16.033,68.711],[16.213,68.736],[16.097,68.831],[16.255,68.903],[16.556,68.825],[16.577,68.708]]],[[[16.566,68.968],[16.585,68.962],[16.599,68.947],[16.566,68.968]]],[[[14.37,68.687],[14.524,68.807],[14.624,68.736],[14.628,68.83],[15.159,68.818],[15.009,68.963],[15.124,69.015],[15.295,68.907],[15.241,68.825],[15.384,68.852],[15.275,68.763],[15.398,68.694],[15.063,68.579],[14.806,68.616],[15.151,68.756],[14.521,68.609],[14.37,68.687]]],[[[15.419,68.914],[15.57,69.106],[16.15,69.291],[15.858,69.034],[15.419,68.914]]],[[[18.099,69.376],[17.906,69.318],[17.958,69.18],[17.472,69.2],[17.129,69.012],[16.773,69.088],[17.172,69.201],[16.899,69.195],[17.146,69.256],[16.906,69.298],[17.132,69.311],[16.927,69.394],[17.496,69.428],[17.187,69.503],[17.343,69.538],[17.645,69.462],[17.468,69.6],[17.658,69.508],[17.659,69.6],[17.859,69.587],[17.831,69.448],[17.973,69.52],[18.051,69.496],[17.941,69.428],[18.099,69.376]]],[[[19.061,69.787],[18.769,69.572],[17.995,69.592],[18.4,69.641],[18.214,69.714],[18.633,69.702],[18.382,69.798],[18.653,69.804],[18.762,69.688],[18.679,69.886],[19.061,69.787]]],[[[21.668,69.948],[21.685,69.953],[21.702,69.955],[21.668,69.948]]],[[[19.9,70.017],[19.92,70.024],[19.948,70.027],[19.9,70.017]]],[[[20.959,70.003],[21.099,70.01],[20.981,69.982],[20.959,70.003]]],[[[21.041,70.061],[21.047,70.039],[21.02,70.028],[20.955,70.024],[20.966,70.035],[20.992,70.051],[21.021,70.064],[21.041,70.061]]],[[[19.685,70.007],[19.122,69.788],[18.729,69.948],[19.208,70.099],[19.685,70.007]]],[[[20.39,70.103],[20.561,70.233],[20.824,70.21],[20.771,70.058],[20.39,70.103]]],[[[20.154,70.12],[19.776,70.067],[19.537,70.25],[20.154,70.12]]],[[[23.019,70.265],[22.374,70.332],[22.756,70.395],[23.019,70.265]]],[[[23.662,70.47],[23.155,70.277],[23.135,70.415],[22.854,70.408],[23.539,70.545],[23.464,70.625],[23.662,70.47]]],[[[24.128,70.62],[23.804,70.513],[23.636,70.692],[23.816,70.751],[24.128,70.62]]],[[[21.95,70.648],[22.541,70.717],[22.725,70.604],[22.826,70.648],[22.723,70.748],[22.969,70.661],[23.182,70.736],[23.066,70.812],[23.484,70.799],[22.789,70.524],[22.154,70.472],[22.333,70.613],[21.95,70.648]]],[[[24.073,70.963],[24.21,70.967],[24.245,70.956],[24.073,70.963]]],[[[26.218,71.032],[25.553,70.928],[25.416,70.983],[25.561,71.017],[25.292,71.028],[25.719,71.052],[25.553,71.141],[25.667,71.165],[26.03,71.117],[25.89,71.052],[25.956,71.002],[26.218,71.032]]],[[[12.875,66.286],[12.882,66.277],[12.887,66.257],[12.875,66.286]]],[[[12.941,66.46],[12.961,66.459],[12.966,66.453],[12.941,66.46]]],[[[15.296,67.945],[15.304,67.945],[15.305,67.938],[15.296,67.945]]],[[[15.93,68.008],[15.933,68.004],[15.934,67.997],[15.93,68.008]]],[[[15.166,67.987],[15.16,67.993],[15.16,67.996],[15.166,67.987]]],[[[14.997,68.902],[14.988,68.885],[14.958,68.875],[14.997,68.902]]],[[[20.703,69.889],[20.698,69.884],[20.697,69.878],[20.703,69.889]]],[[[30.107,69.829],[29.713,69.763],[29.842,69.909],[30.107,69.829]]],[[[19.813,70.003],[19.834,69.995],[19.856,69.973],[19.813,70.003]]],[[[18.667,70.028],[18.66,70.034],[18.657,70.048],[18.667,70.028]]],[[[20.894,70.08],[20.862,70.069],[20.826,70.073],[20.894,70.08]]],[[[19.539,70.094],[19.491,70.094],[19.417,70.104],[19.539,70.094]]],[[[19.242,70.201],[19.249,70.194],[19.252,70.187],[19.242,70.201]]],[[[21.738,70.378],[21.793,70.358],[21.799,70.347],[21.738,70.378]]],[[[-7.938,71.157],[-8.006,71.033],[-8.987,70.811],[-9.117,70.875],[-8.326,71.148],[-7.938,71.157]]],[[[19.297,74.481],[19.074,74.347],[18.79,74.478],[19.297,74.481]]],[[[25.478,76.712],[25.505,76.714],[25.581,76.712],[25.478,76.712]]],[[[24.425,77.826],[23.235,77.264],[22.402,77.284],[22.505,77.336],[22.422,77.431],[22.778,77.555],[21.093,77.439],[20.832,77.541],[21.216,77.61],[21.662,77.918],[20.877,78.099],[21.697,78.211],[22.966,78.256],[23.47,78.158],[23.105,78.088],[23.12,77.986],[24.425,77.826]]],[[[20.154,78.475],[21.178,78.623],[22.065,78.597],[22.235,78.488],[22.271,78.268],[20.673,78.19],[20.792,78.274],[20.469,78.315],[20.661,78.391],[20.154,78.475]]],[[[27.021,78.699],[26.738,78.626],[26.396,78.775],[27.021,78.699]]],[[[12.163,78.211],[11.122,78.439],[10.484,78.891],[11.0,78.834],[11.259,78.528],[11.872,78.448],[12.163,78.211]]],[[[29.707,78.898],[27.842,78.843],[28.419,78.967],[29.707,78.898]]],[[[30.07,79.008],[30.309,79.008],[30.316,79.006],[30.07,79.008]]],[[[20.832,79.055],[20.044,79.041],[20.189,79.132],[20.832,79.055]]],[[[20.058,79.377],[20.155,79.364],[20.178,79.353],[20.058,79.377]]],[[[11.032,79.707],[11.023,79.694],[11.017,79.69],[11.032,79.707]]],[[[10.717,79.742],[10.684,79.744],[10.654,79.751],[10.717,79.742]]],[[[10.677,79.542],[11.458,79.632],[11.227,79.788],[11.822,79.845],[12.297,79.665],[12.163,79.809],[13.797,79.882],[13.973,79.775],[12.451,79.569],[13.452,79.592],[13.26,79.474],[13.617,79.481],[14.042,79.266],[14.158,79.343],[13.883,79.542],[14.549,79.811],[15.295,79.604],[15.497,79.33],[15.773,79.242],[15.682,79.112],[15.882,79.161],[16.435,78.911],[15.645,79.768],[15.716,79.877],[16.138,79.871],[15.956,79.945],[16.295,80.067],[16.82,79.876],[17.27,79.946],[18.098,79.727],[17.591,79.549],[17.783,79.494],[17.653,79.369],[18.347,79.63],[18.882,79.441],[18.879,79.316],[18.592,79.261],[18.945,79.157],[19.786,79.165],[19.906,79.014],[21.552,78.775],[21.362,78.655],[19.763,78.624],[19.583,78.581],[19.681,78.515],[18.993,78.467],[19.066,78.378],[18.954,78.282],[19.085,78.23],[18.921,78.179],[19.098,78.103],[18.406,78.021],[18.502,77.98],[18.33,77.905],[18.455,77.774],[18.3,77.52],[17.625,77.446],[17.337,77.047],[17.097,77.055],[17.324,76.979],[16.919,76.794],[17.192,76.697],[16.344,76.572],[16.284,76.708],[15.501,76.877],[16.529,77.0],[16.029,77.085],[15.346,77.009],[14.448,77.181],[13.911,77.534],[16.221,77.441],[16.31,77.466],[14.74,77.664],[17.125,77.781],[16.789,77.877],[17.008,77.939],[13.957,77.72],[13.737,77.75],[13.822,77.801],[13.651,77.85],[13.589,78.056],[13.958,78.096],[14.33,77.964],[14.233,78.093],[17.296,78.433],[16.33,78.452],[16.827,78.648],[16.554,78.719],[16.002,78.483],[15.439,78.458],[15.193,78.59],[15.465,78.655],[15.487,78.809],[15.382,78.851],[15.199,78.74],[15.261,78.665],[14.983,78.597],[14.815,78.734],[14.446,78.678],[14.59,78.555],[14.384,78.501],[14.734,78.391],[13.746,78.268],[13.856,78.213],[13.01,78.204],[12.886,78.348],[12.363,78.487],[13.198,78.542],[11.904,78.638],[11.643,78.747],[11.902,78.844],[11.334,78.973],[12.507,78.912],[11.684,79.069],[12.136,79.213],[12.115,79.302],[11.595,79.31],[11.723,79.188],[11.228,79.101],[10.841,79.371],[10.9,79.471],[10.677,79.542]]],[[[33.099,80.228],[33.299,80.248],[33.64,80.221],[33.099,80.228]]],[[[18.296,80.276],[18.159,80.279],[18.119,80.29],[18.296,80.276]]],[[[24.169,80.446],[24.193,80.458],[24.218,80.459],[24.169,80.446]]],[[[24.292,80.488],[24.26,80.473],[24.217,80.47],[24.292,80.488]]],[[[27.239,79.906],[25.826,79.626],[25.969,79.515],[25.646,79.398],[24.288,79.31],[24.053,79.189],[22.645,79.31],[22.895,79.42],[20.817,79.378],[19.633,79.611],[21.155,79.569],[20.476,79.686],[22.287,79.806],[18.784,79.723],[18.112,79.906],[18.934,80.056],[17.783,80.138],[19.585,80.152],[19.224,80.198],[19.033,80.358],[19.852,80.221],[19.715,80.248],[19.914,80.385],[19.469,80.409],[19.657,80.505],[20.39,80.423],[20.839,80.31],[20.749,80.269],[20.853,80.214],[21.847,80.272],[21.6,80.125],[22.065,80.111],[22.283,79.983],[22.477,80.015],[22.347,80.07],[22.463,80.07],[22.374,80.111],[22.576,80.299],[22.338,80.384],[22.682,80.427],[22.613,80.358],[22.75,80.33],[22.782,80.517],[23.361,80.433],[23.121,80.392],[23.354,80.338],[23.055,80.248],[23.007,80.162],[23.122,80.118],[23.805,80.185],[23.765,80.309],[24.402,80.323],[24.187,80.372],[24.601,80.317],[24.521,80.256],[24.83,80.356],[24.78,80.248],[27.192,80.11],[27.102,79.974],[27.239,79.906]]],[[[19.907,80.488],[19.882,80.49],[19.859,80.496],[19.907,80.488]]],[[[20.757,80.625],[20.725,80.628],[20.667,80.642],[20.757,80.625]]],[[[21.174,80.66],[21.138,80.656],[21.09,80.657],[21.174,80.66]]],[[[20.633,80.735],[20.561,80.74],[20.528,80.747],[20.633,80.735]]],[[[3.457,-54.39],[3.478,-54.397],[3.487,-54.402],[3.457,-54.39]]],[[[11.07,59.079],[11.076,59.08],[11.083,59.077],[11.07,59.079]]],[[[10.91,59.116],[10.914,59.112],[10.914,59.101],[10.91,59.116]]],[[[5.29,60.074],[5.298,60.06],[5.3,60.051],[5.29,60.074]]],[[[4.922,60.867],[4.928,60.864],[4.929,60.861],[4.922,60.867]]],[[[4.721,61.04],[4.733,61.035],[4.74,61.028],[4.721,61.04]]],[[[5.12,62.026],[5.134,62.02],[5.152,61.998],[5.12,62.026]]],[[[5.636,62.319],[5.614,62.325],[5.603,62.329],[5.636,62.319]]],[[[5.594,62.34],[5.577,62.335],[5.542,62.332],[5.594,62.34]]],[[[8.315,63.181],[8.318,63.178],[8.325,63.171],[8.315,63.181]]],[[[9.16,63.648],[9.167,63.647],[9.171,63.641],[9.16,63.648]]],[[[9.931,64.028],[9.94,64.022],[9.944,64.011],[9.931,64.028]]],[[[11.466,64.588],[11.473,64.569],[11.482,64.563],[11.466,64.588]]],[[[11.351,64.652],[11.344,64.639],[11.341,64.629],[11.351,64.652]]],[[[11.762,65.119],[11.777,65.118],[11.777,65.11],[11.762,65.119]]],[[[17.547,69.092],[17.558,69.092],[17.572,69.09],[17.547,69.092]]],[[[24.837,71.095],[24.817,71.086],[24.812,71.08],[24.837,71.095]]],[[[5.764,59.118],[5.776,59.113],[5.778,59.101],[5.764,59.118]]],[[[5.462,59.211],[5.466,59.205],[5.468,59.197],[5.462,59.211]]],[[[6.016,59.292],[6.073,59.285],[6.1,59.277],[6.016,59.292]]],[[[4.846,60.628],[4.852,60.621],[4.852,60.614],[4.846,60.628]]],[[[4.836,61.675],[4.832,61.681],[4.83,61.69],[4.836,61.675]]],[[[14.408,67.426],[14.412,67.425],[14.419,67.423],[14.408,67.426]]]]}},{"type":"Feature","properties":{"iso3":"SWE","name":"Sweden"},"geometry":{"type":"MultiPolygon","coordinates":[[[[24.163,65.841],[23.196,65.827],[23.103,65.705],[22.673,65.906],[22.648,65.755],[22.37,65.862],[22.326,65.736],[22.209,65.761],[22.388,65.673],[22.189,65.624],[22.309,65.669],[22.405,65.542],[21.764,65.728],[22.203,65.549],[21.449,65.357],[21.702,65.286],[21.623,65.241],[21.278,65.35],[21.61,65.169],[21.586,65.069],[21.037,64.833],[21.306,64.768],[21.305,64.666],[21.111,64.699],[21.606,64.452],[20.967,64.149],[20.675,63.789],[20.035,63.657],[19.687,63.431],[19.446,63.561],[19.517,63.415],[19.293,63.467],[19.053,63.179],[18.751,63.259],[18.913,63.212],[18.242,63.0],[18.577,62.958],[18.403,62.965],[18.523,62.925],[18.195,62.777],[17.694,62.994],[18.003,62.709],[17.872,62.671],[18.064,62.596],[17.707,62.437],[17.331,62.488],[17.381,62.333],[17.653,62.232],[17.509,62.218],[17.345,61.937],[17.496,61.635],[17.138,61.726],[17.269,61.691],[17.097,61.636],[17.248,61.609],[17.056,61.582],[17.187,61.561],[17.08,61.55],[17.22,61.448],[17.104,61.399],[17.276,61.314],[17.097,61.321],[17.213,61.235],[17.158,60.948],[17.336,60.767],[17.187,60.692],[17.575,60.648],[17.671,60.504],[17.975,60.588],[18.235,60.327],[18.605,60.238],[18.317,60.321],[18.578,60.074],[18.651,60.148],[18.797,60.005],[18.817,60.118],[19.072,59.896],[18.886,59.93],[18.924,59.852],[18.734,59.769],[19.085,59.772],[18.269,59.477],[18.307,59.397],[18.009,59.409],[18.221,59.32],[18.47,59.337],[18.485,59.434],[18.646,59.33],[18.291,59.323],[18.424,59.144],[18.014,59.045],[17.893,58.861],[17.659,59.169],[17.591,58.861],[17.447,58.895],[17.488,58.8],[17.358,58.751],[17.028,58.751],[17.146,58.697],[16.924,58.625],[16.179,58.635],[16.789,58.607],[16.94,58.491],[16.413,58.477],[16.799,58.324],[16.707,58.278],[16.777,58.131],[16.617,58.203],[16.769,57.888],[16.515,57.999],[16.573,57.894],[16.46,57.902],[16.707,57.751],[16.419,57.895],[16.715,57.703],[16.521,57.627],[16.689,57.472],[16.469,57.275],[16.583,57.045],[16.44,57.052],[16.472,56.777],[15.852,56.086],[15.586,56.209],[14.725,56.168],[14.768,56.031],[14.497,56.04],[14.235,55.863],[14.196,55.726],[14.368,55.545],[14.181,55.391],[12.833,55.383],[12.986,55.448],[12.917,55.547],[13.055,55.694],[12.451,56.304],[12.814,56.236],[12.622,56.419],[12.934,56.547],[12.356,56.924],[12.059,57.459],[11.903,57.394],[11.835,57.662],[11.924,57.703],[11.705,57.698],[11.81,57.781],[11.656,57.839],[11.883,58.333],[11.506,58.243],[11.67,58.422],[11.553,58.463],[11.396,58.265],[11.424,58.443],[11.221,58.346],[11.286,58.58],[11.108,58.954],[11.321,59.1],[11.452,58.896],[11.664,58.92],[11.812,59.25],[11.675,59.607],[11.897,59.714],[11.85,59.872],[12.483,60.081],[12.605,60.419],[12.253,61.002],[12.704,61.046],[12.888,61.35],[12.162,61.725],[12.314,62.286],[12.091,62.586],[12.093,62.907],[12.223,63.001],[11.992,63.289],[12.22,63.474],[12.17,63.598],[12.982,64.059],[13.964,64.01],[14.148,64.169],[14.097,64.465],[13.643,64.584],[14.514,65.318],[14.649,65.802],[14.541,66.125],[15.482,66.275],[15.426,66.491],[16.416,67.053],[16.438,67.2],[16.127,67.423],[16.587,67.626],[16.808,67.911],[17.321,68.105],[17.921,67.973],[18.189,68.199],[18.162,68.53],[18.436,68.574],[19.971,68.351],[20.246,68.477],[19.962,68.541],[20.357,68.805],[20.102,69.022],[20.911,68.981],[20.906,68.895],[22.072,68.477],[22.808,68.395],[23.662,67.95],[23.481,67.865],[23.554,67.587],[23.431,67.486],[23.765,67.42],[23.581,67.153],[24.004,66.805],[23.882,66.564],[23.652,66.459],[23.663,66.317],[24.163,65.841]]],[[[17.125,57.319],[16.45,56.219],[16.391,56.459],[16.966,57.305],[17.125,57.319]]],[[[19.085,57.826],[18.765,57.627],[18.773,57.472],[18.926,57.393],[18.406,57.143],[18.312,56.948],[18.139,56.922],[18.29,57.093],[18.099,57.259],[18.128,57.548],[18.499,57.827],[18.724,57.923],[19.085,57.826]]],[[[19.273,57.977],[19.306,57.976],[19.321,57.973],[19.273,57.977]]],[[[11.746,58.031],[11.595,57.936],[11.498,58.028],[11.746,58.031]]],[[[11.815,58.189],[11.407,58.131],[11.686,58.291],[11.815,58.189]]],[[[19.332,58.368],[19.291,58.35],[19.25,58.343],[19.332,58.368]]],[[[18.43,59.258],[18.427,59.261],[18.418,59.274],[18.43,59.258]]],[[[18.55,60.327],[18.555,60.325],[18.562,60.323],[18.55,60.327]]],[[[20.839,63.768],[20.865,63.797],[20.905,63.794],[20.839,63.768]]],[[[18.485,59.098],[18.488,59.095],[18.49,59.089],[18.485,59.098]]],[[[18.716,59.209],[18.744,59.207],[18.75,59.205],[18.716,59.209]]],[[[18.797,59.295],[18.803,59.294],[18.811,59.289],[18.797,59.295]]],[[[18.676,59.34],[18.664,59.347],[18.653,59.355],[18.676,59.34]]],[[[18.107,59.385],[18.123,59.389],[18.237,59.373],[18.107,59.385]]],[[[18.854,59.403],[18.865,59.4],[18.869,59.393],[18.865,59.39],[18.856,59.386],[18.848,59.389],[18.847,59.396],[18.854,59.403]]],[[[18.942,59.394],[18.946,59.389],[18.948,59.379],[18.942,59.394]]],[[[18.926,59.434],[18.909,59.418],[18.894,59.407],[18.926,59.434]]],[[[18.657,59.507],[18.646,59.504],[18.638,59.499],[18.657,59.507]]],[[[18.978,59.634],[18.982,59.633],[18.986,59.629],[18.978,59.634]]],[[[18.854,59.601],[18.831,59.592],[18.828,59.589],[18.854,59.601]]],[[[18.996,59.81],[18.999,59.809],[19.002,59.806],[18.996,59.81]]],[[[18.724,60.197],[18.729,60.197],[18.729,60.2],[18.724,60.197]]],[[[15.705,56.116],[15.718,56.117],[15.727,56.118],[15.705,56.116]]],[[[16.867,58.305],[16.877,58.3],[16.881,58.293],[16.867,58.305]]],[[[16.892,58.334],[16.91,58.338],[16.919,58.336],[16.892,58.334]]],[[[18.321,58.969],[18.351,58.98],[18.357,58.977],[18.321,58.969]]],[[[18.198,59.01],[18.195,58.998],[18.19,58.994],[18.198,59.01]]],[[[17.707,58.993],[17.691,58.902],[17.624,58.964],[17.652,59.072],[17.707,58.993]]],[[[18.125,62.688],[18.079,62.68],[18.027,62.685],[18.125,62.688]]],[[[20.871,63.669],[20.865,63.659],[20.856,63.651],[20.871,63.669]]],[[[20.898,63.754],[20.907,63.756],[20.92,63.764],[20.898,63.754]]],[[[22.408,65.455],[22.418,65.45],[22.41,65.441],[22.408,65.455]]],[[[22.154,65.43],[22.148,65.435],[22.143,65.446],[22.154,65.43]]],[[[22.595,65.528],[22.611,65.524],[22.617,65.517],[22.595,65.528]]],[[[22.219,65.507],[22.193,65.526],[22.187,65.538],[22.219,65.507]]],[[[22.578,65.583],[22.626,65.593],[22.641,65.589],[22.578,65.583]]],[[[22.57,65.595],[22.559,65.601],[22.554,65.605],[22.568,65.613],[22.595,65.613],[22.605,65.6],[22.589,65.594],[22.57,65.595]]],[[[22.963,65.716],[22.977,65.71],[22.985,65.7],[22.963,65.716]]],[[[23.797,65.754],[23.801,65.75],[23.803,65.744],[23.797,65.754]]],[[[22.741,65.714],[22.732,65.719],[22.726,65.724],[22.741,65.714]]]]}},{"type":"Feature","properties":{"iso3":"FIN","name":"Finland"},"geometry":{"type":"MultiPolygon","coordinates":[[[[31.57,62.906],[30.926,62.302],[27.718,60.488],[27.215,60.585],[26.962,60.447],[26.483,60.468],[26.753,60.574],[26.659,60.652],[26.342,60.376],[25.917,60.485],[26.108,60.336],[25.842,60.402],[25.93,60.245],[25.669,60.365],[25.029,60.148],[24.554,60.156],[24.594,60.06],[24.446,59.992],[24.32,60.076],[23.429,59.957],[23.546,60.074],[23.251,59.841],[22.905,59.811],[23.326,60.009],[23.111,59.923],[23.258,60.04],[22.875,60.15],[23.081,60.355],[22.525,60.204],[22.648,60.279],[22.459,60.265],[22.624,60.399],[21.785,60.478],[21.841,60.629],[21.558,60.492],[21.353,60.677],[21.47,60.731],[21.329,60.828],[21.428,60.903],[21.299,61.06],[21.482,61.06],[21.443,61.17],[21.558,61.204],[21.449,61.403],[21.572,61.416],[21.422,61.485],[21.592,61.485],[21.46,61.562],[21.716,61.527],[21.237,61.985],[21.39,62.208],[21.271,62.411],[21.134,62.404],[21.209,62.582],[21.065,62.596],[21.114,62.781],[21.391,62.88],[21.495,63.072],[21.688,63.027],[21.505,63.217],[21.895,63.26],[21.984,63.143],[22.374,63.321],[22.191,63.458],[22.402,63.418],[22.271,63.514],[22.436,63.473],[22.589,63.703],[22.773,63.628],[22.903,63.795],[23.416,63.925],[23.396,64.056],[23.605,64.028],[23.574,64.107],[24.344,64.531],[24.538,64.805],[25.095,64.918],[25.355,64.83],[25.191,64.967],[25.444,64.967],[25.211,65.124],[25.327,65.227],[25.324,65.507],[24.676,65.635],[24.55,65.763],[24.711,65.912],[24.206,65.779],[23.689,66.257],[23.652,66.459],[23.882,66.564],[24.004,66.805],[23.581,67.153],[23.765,67.42],[23.431,67.486],[23.554,67.587],[23.481,67.865],[23.662,67.95],[22.808,68.395],[22.072,68.477],[20.623,69.036],[21.072,69.037],[21.098,69.239],[21.639,69.271],[22.409,68.713],[23.198,68.618],[23.929,68.816],[24.879,68.555],[25.132,68.648],[25.201,68.813],[25.796,68.993],[25.737,69.218],[25.969,69.663],[26.501,69.918],[27.1,69.902],[27.867,70.075],[28.405,69.802],[29.131,69.674],[29.345,69.464],[28.852,69.204],[28.954,69.027],[28.41,68.899],[28.801,68.835],[28.447,68.515],[28.69,68.183],[29.331,68.073],[30.009,67.686],[29.052,66.908],[29.9,66.108],[30.112,65.712],[29.703,65.629],[29.839,65.565],[29.58,65.235],[29.85,65.122],[29.598,65.034],[29.634,64.907],[30.119,64.768],[30.181,64.643],[29.955,64.569],[30.032,64.397],[30.558,64.22],[30.552,64.022],[29.981,63.742],[31.204,63.213],[31.57,62.906]]],[[[22.408,60.053],[22.402,60.076],[22.412,60.085],[22.408,60.053]]],[[[21.497,60.135],[21.53,60.159],[21.571,60.17],[21.497,60.135]]],[[[21.744,60.191],[21.8,60.197],[21.854,60.197],[21.744,60.191]]],[[[21.353,60.211],[21.369,60.197],[21.394,60.191],[21.353,60.211]]],[[[22.059,60.211],[22.072,60.197],[22.011,60.17],[22.059,60.211]]],[[[25.814,60.208],[25.822,60.216],[25.841,60.219],[25.814,60.208]]],[[[22.209,60.204],[22.222,60.224],[22.246,60.243],[22.209,60.204]]],[[[25.622,60.238],[25.592,60.243],[25.57,60.258],[25.622,60.238]]],[[[22.956,60.293],[22.73,60.005],[22.47,59.998],[22.422,60.115],[22.6,60.142],[22.415,60.15],[22.956,60.293]]],[[[22.107,60.313],[22.132,60.316],[22.25,60.311],[22.107,60.313]]],[[[22.388,60.321],[22.37,60.315],[22.351,60.314],[22.388,60.321]]],[[[21.998,60.334],[21.785,60.385],[21.832,60.471],[21.998,60.334]]],[[[21.726,60.482],[21.715,60.471],[21.701,60.46],[21.726,60.482]]],[[[21.319,60.482],[21.3,60.488],[21.266,60.49],[21.319,60.482]]],[[[21.394,60.56],[21.411,60.543],[21.462,60.539],[21.394,60.56]]],[[[21.299,60.567],[21.281,60.566],[21.273,60.573],[21.299,60.567]]],[[[21.264,60.882],[21.232,60.882],[21.217,60.884],[21.264,60.882]]],[[[21.428,63.198],[21.243,63.151],[21.079,63.288],[21.428,63.198]]],[[[21.319,63.288],[21.315,63.304],[21.306,63.306],[21.319,63.288]]],[[[25.062,65.043],[24.735,64.951],[24.563,65.037],[25.062,65.043]]],[[[23.915,59.973],[23.924,59.969],[23.92,59.968],[23.915,59.973]]],[[[22.887,60.068],[22.918,60.069],[22.927,60.065],[22.887,60.068]]],[[[22.958,60.111],[22.962,60.104],[22.963,60.097],[22.958,60.111]]],[[[21.992,60.13],[22.0,60.128],[22.012,60.123],[21.992,60.13]]],[[[22.313,60.192],[22.375,60.204],[22.386,60.195],[22.313,60.192]]],[[[21.983,60.285],[21.977,60.285],[21.973,60.285],[21.983,60.285]]],[[[21.957,60.281],[21.945,60.277],[21.926,60.277],[21.957,60.281]]],[[[22.3,60.368],[22.29,60.358],[22.202,60.343],[22.3,60.368]]],[[[22.206,60.383],[22.208,60.376],[22.112,60.353],[22.104,60.354],[22.122,60.372],[22.138,60.379],[22.147,60.38],[22.206,60.383]]],[[[21.338,60.383],[21.352,60.37],[21.357,60.358],[21.338,60.383]]],[[[26.602,60.447],[26.644,60.432],[26.653,60.427],[26.602,60.447]]],[[[22.026,63.322],[22.033,63.322],[22.061,63.302],[22.026,63.322]]],[[[22.144,63.251],[22.136,63.251],[22.085,63.262],[22.144,63.251]]],[[[21.957,63.332],[21.949,63.334],[21.947,63.338],[21.957,63.332]]],[[[22.808,63.78],[22.823,63.779],[22.829,63.776],[22.808,63.78]]],[[[22.499,59.878],[22.51,59.876],[22.513,59.874],[22.499,59.878]]],[[[21.6,60.255],[21.616,60.255],[21.627,60.253],[21.6,60.255]]],[[[21.26,60.853],[21.267,60.851],[21.268,60.838],[21.26,60.853]]],[[[21.422,61.177],[21.429,61.173],[21.432,61.171],[21.422,61.177]]],[[[21.521,61.634],[21.524,61.633],[21.526,61.629],[21.521,61.634]]],[[[21.209,62.946],[21.191,62.954],[21.183,62.95],[21.209,62.946]]]]}},{"type":"Feature","properties":{"iso3":"VNM","name":"Vietnam"},"geometry":{"type":"MultiPolygon","coordinates":[[[[102.119,22.398],[102.468,22.769],[103.009,22.43],[103.322,22.79],[103.504,22.581],[103.647,22.799],[103.96,22.507],[104.087,22.792],[104.241,22.824],[104.34,22.686],[104.701,22.818],[104.87,23.164],[105.312,23.366],[105.854,22.905],[106.132,22.975],[106.255,22.855],[106.488,22.925],[106.79,22.797],[106.527,22.438],[106.653,21.969],[107.009,21.927],[107.003,21.811],[107.348,21.599],[107.778,21.656],[107.991,21.486],[107.767,21.52],[107.591,21.294],[107.415,21.329],[107.374,21.028],[107.197,20.938],[107.026,21.034],[106.854,20.992],[106.868,20.883],[106.798,21.025],[106.642,21.02],[106.806,20.678],[106.587,20.663],[106.519,20.541],[106.57,20.232],[105.956,19.925],[105.791,19.603],[105.809,19.28],[105.613,18.986],[106.093,18.259],[106.347,18.059],[106.435,18.124],[106.498,17.711],[106.285,17.772],[106.504,17.683],[107.112,17.088],[107.142,16.868],[107.635,16.587],[107.443,16.648],[107.812,16.313],[108.043,16.346],[108.204,16.217],[108.198,16.004],[108.331,16.155],[108.279,15.996],[108.629,15.456],[108.773,15.325],[108.827,15.429],[108.952,15.25],[108.862,15.152],[109.307,13.876],[109.304,13.759],[109.251,13.891],[109.221,13.806],[109.294,13.53],[109.21,13.631],[109.34,13.465],[109.232,13.393],[109.472,12.656],[109.44,12.565],[109.342,12.66],[109.359,12.797],[109.205,12.646],[109.346,12.396],[109.15,12.44],[109.294,11.871],[109.177,12.129],[109.126,11.864],[109.243,11.736],[109.136,11.57],[109.02,11.633],[109.006,11.344],[107.272,10.378],[106.991,10.481],[106.984,10.699],[106.964,10.467],[106.943,10.601],[106.748,10.674],[106.582,10.453],[106.741,10.468],[106.791,10.285],[106.422,10.317],[106.798,10.157],[106.649,9.974],[106.292,10.262],[106.669,9.843],[106.113,10.234],[106.575,9.739],[106.544,9.585],[106.385,9.548],[105.819,10.008],[106.197,9.541],[106.193,9.369],[105.539,9.129],[105.101,8.634],[104.723,8.603],[104.963,8.719],[104.775,8.818],[104.857,9.738],[105.107,9.953],[104.772,10.227],[104.613,10.144],[104.451,10.42],[104.854,10.531],[105.067,10.714],[105.078,10.947],[105.318,10.839],[105.41,10.963],[105.753,11.016],[105.879,10.828],[106.177,10.767],[106.16,11.054],[105.844,11.29],[105.805,11.625],[106.015,11.77],[106.426,11.662],[106.394,11.97],[106.702,11.971],[107.212,12.306],[107.514,12.344],[107.46,13.022],[107.604,13.499],[107.32,14.12],[107.532,14.678],[107.446,15.025],[107.589,15.058],[107.664,15.269],[107.149,15.773],[107.436,16.069],[106.957,16.307],[106.847,16.53],[106.671,16.444],[106.525,16.989],[105.723,17.673],[105.467,18.181],[105.166,18.307],[105.113,18.698],[104.71,18.796],[103.848,19.3],[104.09,19.484],[104.001,19.681],[104.614,19.607],[104.949,19.995],[104.908,20.175],[104.36,20.44],[104.615,20.646],[104.092,20.961],[103.785,20.846],[103.676,20.657],[103.13,20.855],[102.801,21.255],[102.948,21.737],[102.847,21.704],[102.807,21.836],[102.651,21.658],[102.591,21.901],[102.119,22.398]]],[[[106.211,9.621],[106.223,9.608],[106.279,9.596],[106.211,9.621]]],[[[106.724,10.269],[106.747,10.263],[106.756,10.258],[106.724,10.269]]],[[[107.172,10.465],[107.203,10.438],[107.211,10.426],[107.172,10.465]]],[[[106.977,10.405],[106.874,10.426],[106.928,10.521],[106.977,10.405]]],[[[106.909,10.532],[106.903,10.522],[106.89,10.525],[106.909,10.532]]],[[[109.328,12.221],[109.336,12.218],[109.342,12.213],[109.328,12.221]]],[[[106.663,8.74],[106.639,8.737],[106.639,8.726],[106.663,8.74]]],[[[106.498,9.891],[106.531,9.858],[106.544,9.838],[106.498,9.891]]],[[[104.085,10.354],[104.051,10.008],[103.846,10.371],[104.005,10.451],[104.085,10.354]]],[[[106.874,10.46],[106.752,10.567],[106.775,10.666],[106.874,10.46]]],[[[106.91,20.819],[107.108,20.8],[107.046,20.704],[106.91,20.819]]],[[[106.84,20.88],[106.846,20.866],[106.882,20.822],[106.84,20.88]]],[[[107.525,20.91],[107.55,20.956],[107.553,20.972],[107.525,20.91]]],[[[107.745,21.02],[107.758,21.017],[107.793,20.992],[107.745,21.02]]],[[[107.533,21.02],[107.546,21.035],[107.552,21.038],[107.533,21.02]]],[[[107.621,21.116],[107.628,21.12],[107.632,21.119],[107.621,21.116]]],[[[107.606,21.217],[107.373,21.06],[107.455,21.276],[107.606,21.217]]],[[[107.813,21.36],[107.816,21.358],[107.818,21.354],[107.813,21.36]]],[[[107.869,21.39],[107.998,21.404],[107.998,21.398],[107.869,21.39]]],[[[108.943,10.552],[108.959,10.538],[108.966,10.518],[108.943,10.552]]],[[[109.393,12.602],[109.401,12.583],[109.405,12.571],[109.393,12.602]]],[[[107.37,20.826],[107.381,20.819],[107.384,20.813],[107.37,20.826]]],[[[107.382,20.888],[107.392,20.885],[107.395,20.879],[107.382,20.888]]],[[[107.826,21.025],[107.842,21.036],[107.856,21.033],[107.826,21.025]]]]}},{"type":"Feature","properties":{"iso3":"KHM","name":"Cambodia"},"geometry":{"type":"MultiPolygon","coordinates":[[[[107.611,13.4],[107.46,13.022],[107.567,12.574],[107.5,12.326],[107.212,12.306],[106.702,11.971],[106.394,11.97],[106.426,11.662],[106.015,11.77],[105.793,11.607],[105.844,11.29],[106.16,11.054],[106.177,10.767],[105.879,10.828],[105.753,11.016],[105.41,10.963],[105.318,10.839],[105.078,10.947],[105.042,10.691],[104.47,10.416],[103.866,10.699],[103.821,10.544],[103.624,10.501],[103.502,10.617],[103.722,10.895],[103.533,11.163],[103.402,10.884],[103.127,10.881],[103.064,11.447],[103.174,11.426],[103.037,11.605],[102.955,11.557],[103.085,11.728],[102.893,11.83],[102.955,11.57],[102.7,12.139],[102.762,12.436],[102.479,12.677],[102.313,13.541],[102.598,13.605],[102.934,14.201],[103.637,14.443],[103.885,14.34],[104.788,14.438],[105.047,14.214],[105.184,14.346],[105.338,14.11],[105.533,14.164],[106.069,13.917],[106.149,14.054],[105.974,14.366],[106.512,14.59],[106.934,14.32],[107.52,14.705],[107.32,14.12],[107.611,13.4]]],[[[103.784,10.515],[103.799,10.505],[103.806,10.484],[103.784,10.515]]],[[[103.297,10.731],[103.301,10.727],[103.31,10.726],[103.297,10.731]]],[[[103.049,11.331],[102.998,11.26],[102.981,11.405],[103.049,11.331]]],[[[103.03,11.502],[103.035,11.492],[103.047,11.476],[103.03,11.502]]],[[[103.334,10.584],[103.336,10.583],[103.339,10.58],[103.334,10.584]]]]}},{"type":"Feature","properties":{"iso3":"LUX","name":"Luxembourg"},"geometry":{"type":"Polygon","coordinates":[[[6.503,49.796],[6.345,49.455],[5.961,49.441],[5.791,49.538],[5.885,49.644],[5.715,49.882],[5.998,50.175],[6.223,49.887],[6.503,49.796]]]}},{"type":"Feature","properties":{"iso3":"ARE","name":"United Arab Emirates"},"geometry":{"type":"MultiPolygon","coordinates":[[[[56.384,25.313],[56.383,24.978],[56.118,24.735],[55.978,24.972],[55.799,24.886],[55.756,24.23],[55.933,24.221],[55.998,24.081],[55.457,23.963],[55.538,23.77],[55.12,22.623],[52.558,22.939],[51.594,24.078],[51.569,24.256],[51.594,24.385],[51.649,24.219],[51.759,24.291],[51.799,24.018],[51.929,23.965],[52.341,24.008],[52.6,24.21],[53.59,24.047],[54.123,24.145],[54.427,24.292],[54.574,24.447],[54.417,24.535],[54.582,24.508],[54.643,24.749],[55.329,25.201],[55.551,25.579],[55.952,25.772],[56.077,26.061],[56.183,26.015],[56.145,25.671],[56.348,25.593],[56.384,25.313]],[[56.261,25.331],[56.234,25.313],[56.236,25.296],[56.261,25.331]]],[[[56.263,25.249],[56.26,25.276],[56.265,25.281],[56.274,25.281],[56.288,25.272],[56.283,25.255],[56.263,25.249]]],[[[53.628,24.172],[53.848,24.275],[53.965,24.173],[53.628,24.172]]],[[[54.191,24.227],[54.181,24.245],[54.159,24.254],[54.191,24.227]]],[[[52.574,24.344],[52.587,24.36],[52.611,24.373],[52.574,24.344]]],[[[53.323,24.263],[53.309,24.279],[53.295,24.28],[53.323,24.263]]],[[[54.335,24.453],[54.396,24.523],[54.471,24.425],[54.335,24.453]]],[[[54.266,24.295],[54.257,24.288],[54.248,24.283],[54.266,24.295]]],[[[54.326,24.373],[54.335,24.364],[54.336,24.35],[54.326,24.373]]],[[[52.31,24.539],[52.333,24.525],[52.339,24.502],[52.31,24.539]]]]}},{"type":"Feature","properties":{"iso3":"BEL","name":"Belgium"},"geometry":{"type":"Polygon","coordinates":[[[2.522,51.088],[3.349,51.375],[3.392,51.247],[3.927,51.206],[4.221,51.368],[4.308,51.271],[4.261,51.369],[4.411,51.357],[4.429,51.462],[4.779,51.495],[4.91,51.392],[5.028,51.477],[5.215,51.259],[5.829,51.156],[5.624,50.83],[6.249,50.614],[6.171,50.518],[6.337,50.481],[6.375,50.315],[6.117,50.12],[5.962,50.166],[5.719,49.891],[5.837,49.561],[5.456,49.499],[5.259,49.691],[4.849,49.794],[4.863,50.148],[4.465,49.936],[4.132,49.975],[4.198,50.258],[3.697,50.298],[3.608,50.477],[3.271,50.527],[3.129,50.779],[2.787,50.723],[2.587,50.845],[2.522,51.088]]]}},{"type":"Feature","properties":{"iso3":"GEO","name":"Georgia"},"geometry":{"type":"Polygon","coordinates":[[[39.986,43.389],[40.233,43.576],[41.578,43.215],[42.83,43.169],[43.801,42.746],[43.723,42.625],[43.94,42.552],[44.508,42.75],[44.773,42.61],[44.859,42.76],[45.155,42.693],[45.323,42.53],[45.74,42.471],[45.631,42.201],[46.407,41.915],[46.193,41.61],[46.695,41.27],[46.475,41.044],[45.282,41.453],[44.848,41.209],[43.45,41.105],[43.103,41.249],[43.184,41.299],[42.767,41.504],[42.801,41.579],[42.585,41.579],[42.463,41.432],[41.948,41.506],[41.813,41.422],[41.521,41.514],[41.774,41.907],[41.457,42.714],[39.986,43.389]]]}},{"type":"Feature","properties":{"iso3":"MKD","name":"North Macedonia"},"geometry":{"type":"Polygon","coordinates":[[[23.01,41.716],[22.941,41.35],[22.751,41.315],[22.716,41.146],[22.048,41.152],[21.582,40.866],[20.741,40.898],[20.444,41.55],[20.542,41.862],[20.723,41.867],[20.785,42.082],[21.098,42.196],[21.299,42.091],[21.436,42.247],[22.269,42.37],[22.838,42.019],[23.01,41.716]]]}},{"type":"Feature","properties":{"iso3":"ALB","name":"Albania"},"geometry":{"type":"Polygon","coordinates":[[[21.037,40.64],[20.771,40.422],[20.648,40.094],[20.298,39.987],[20.397,39.818],[20.246,39.663],[19.989,39.687],[19.863,40.045],[19.29,40.42],[19.475,40.348],[19.455,40.554],[19.304,40.653],[19.381,40.908],[19.523,40.921],[19.441,41.585],[19.613,41.605],[19.592,41.819],[19.365,41.852],[19.272,42.181],[19.699,42.655],[19.784,42.475],[20.039,42.558],[20.482,42.231],[20.599,41.961],[20.444,41.55],[20.5,41.236],[20.717,40.913],[20.957,40.895],[21.037,40.64]]]}},{"type":"Feature","properties":{"iso3":"AZE","name":"Azerbaijan"},"geometry":{"type":"MultiPolygon","coordinates":[[[[44.979,41.082],[45.019,41.075],[45.03,41.046],[44.979,41.082]]],[[[45.002,41.29],[45.465,41.43],[45.821,41.209],[46.211,41.2],[46.497,41.045],[46.688,41.284],[46.18,41.655],[46.431,41.89],[46.568,41.787],[46.741,41.851],[47.141,41.552],[47.268,41.303],[47.829,41.198],[48.579,41.845],[49.042,41.414],[49.539,40.654],[50.238,40.496],[50.391,40.235],[49.893,40.369],[49.493,40.154],[49.285,39.522],[49.407,39.289],[49.273,39.337],[49.079,38.963],[49.148,39.083],[48.968,39.184],[48.832,38.871],[48.874,38.434],[48.608,38.396],[47.993,38.85],[48.294,39.005],[48.106,39.269],[48.339,39.379],[47.971,39.705],[47.102,39.308],[46.514,38.882],[46.395,39.195],[46.603,39.215],[46.361,39.41],[46.524,39.555],[46.184,39.593],[45.579,39.97],[45.874,40.01],[45.979,40.224],[45.526,40.441],[45.374,40.675],[45.599,40.863],[45.419,41.017],[45.07,41.062],[45.2,41.143],[45.002,41.29]],[[45.514,40.602],[45.547,40.622],[45.561,40.648],[45.514,40.602]]],[[[46.136,38.864],[45.439,39.004],[44.775,39.703],[45.034,39.77],[45.148,39.575],[45.435,39.489],[45.788,39.549],[45.759,39.369],[45.986,39.249],[46.136,38.864]]],[[[45.21,40.968],[45.187,40.971],[45.177,40.994],[45.21,40.968]]],[[[50.619,40.3],[50.6,40.304],[50.588,40.301],[50.619,40.3]]],[[[50.388,40.402],[50.374,40.399],[50.354,40.4],[50.388,40.402]]]]}},{"type":"Feature","properties":{"iso3":"TUR","name":"Turkey"},"geometry":{"type":"MultiPolygon","coordinates":[[[[44.807,39.64],[44.566,39.766],[44.388,39.414],[44.015,39.374],[44.275,38.844],[44.29,38.382],[44.459,38.338],[44.202,37.897],[44.596,37.716],[44.566,37.447],[44.802,37.293],[44.766,37.142],[44.61,37.178],[44.285,36.969],[44.18,37.088],[44.235,37.237],[44.088,37.311],[43.809,37.2],[42.78,37.375],[42.545,37.141],[42.357,37.11],[42.211,37.325],[41.48,37.076],[40.709,37.1],[39.24,36.661],[38.725,36.694],[38.224,36.908],[37.446,36.634],[37.053,36.62],[36.64,36.828],[36.531,36.479],[36.67,36.237],[36.373,36.228],[36.358,35.994],[36.138,35.82],[35.911,35.918],[35.975,36.019],[35.787,36.304],[36.211,36.642],[36.02,36.926],[35.607,36.74],[35.709,36.72],[35.624,36.603],[35.346,36.541],[34.693,36.814],[34.276,36.587],[33.959,36.214],[33.871,36.315],[33.688,36.137],[32.804,36.027],[32.365,36.178],[32.019,36.547],[31.341,36.809],[30.687,36.891],[30.427,36.226],[30.159,36.299],[29.672,36.123],[29.096,36.391],[29.115,36.553],[29.014,36.548],[29.096,36.665],[28.939,36.751],[28.829,36.603],[28.452,36.884],[28.396,36.789],[28.257,36.846],[28.295,36.72],[28.036,36.565],[27.959,36.603],[28.09,36.644],[27.966,36.689],[28.118,36.801],[27.404,36.665],[27.645,36.806],[28.028,36.781],[28.042,36.939],[28.329,37.037],[27.263,36.963],[27.253,37.124],[27.565,37.126],[27.616,37.275],[27.464,37.252],[27.407,37.413],[27.191,37.357],[27.209,37.597],[27.011,37.666],[27.25,37.744],[27.239,37.988],[26.873,38.035],[26.76,38.217],[26.595,38.104],[26.233,38.28],[26.513,38.433],[26.388,38.454],[26.414,38.679],[26.63,38.519],[26.673,38.307],[26.702,38.43],[27.164,38.447],[26.935,38.435],[26.719,38.653],[27.063,38.887],[26.806,38.95],[26.875,39.091],[26.609,39.275],[26.938,39.575],[26.07,39.496],[26.168,39.974],[26.736,40.404],[27.287,40.468],[27.452,40.322],[27.763,40.315],[27.884,40.386],[27.684,40.496],[27.76,40.537],[28.034,40.474],[27.945,40.366],[29.034,40.364],[29.152,40.434],[28.793,40.553],[29.939,40.735],[29.255,40.811],[29.008,41.031],[29.17,41.233],[31.231,41.092],[31.404,41.316],[32.613,41.84],[33.324,42.019],[34.746,41.95],[34.948,42.099],[35.216,42.024],[35.099,41.913],[35.486,41.645],[36.045,41.701],[36.395,41.256],[36.758,41.366],[37.136,41.147],[37.525,41.037],[37.784,41.123],[37.896,40.982],[38.331,40.918],[39.43,41.112],[40.143,40.923],[41.521,41.514],[42.463,41.432],[42.585,41.579],[42.801,41.579],[42.767,41.504],[43.636,40.934],[43.729,40.677],[43.559,40.478],[43.665,40.11],[44.326,40.035],[44.807,39.64]]],[[[29.109,41.235],[28.992,41.008],[28.822,40.962],[28.528,41.085],[28.541,40.99],[28.165,41.085],[27.524,40.989],[27.288,40.704],[26.683,40.455],[26.178,40.051],[26.219,40.331],[26.829,40.602],[26.091,40.605],[26.033,40.735],[26.359,40.965],[26.321,41.246],[26.632,41.358],[26.595,41.612],[26.334,41.79],[27.047,42.083],[27.273,42.092],[27.546,41.901],[28.017,41.973],[27.972,41.822],[28.233,41.519],[29.109,41.235]]],[[[26.061,39.838],[26.077,39.845],[26.083,39.835],[26.061,39.838]]],[[[26.012,40.167],[25.663,40.126],[25.926,40.243],[26.012,40.167]]],[[[27.658,40.653],[27.673,40.656],[27.702,40.653],[27.658,40.653]]],[[[27.645,40.46],[27.653,40.46],[27.657,40.458],[27.645,40.46]]]]}},{"type":"Feature","properties":{"iso3":"ESP","name":"Spain"},"geometry":{"type":"MultiPolygon","coordinates":[[[[-5.341,35.847],[-5.363,35.864],[-5.378,35.882],[-5.341,35.847]]],[[[-2.948,35.33],[-2.922,35.288],[-2.913,35.277],[-2.913,35.277],[-2.943,35.268],[-2.964,35.286],[-2.967,35.314],[-2.948,35.33]]],[[[3.318,42.323],[3.119,42.218],[3.232,41.946],[2.933,41.712],[2.06,41.275],[1.017,41.052],[0.714,40.815],[0.858,40.686],[0.563,40.59],[-0.323,39.516],[-0.158,39.002],[0.235,38.742],[-0.51,38.338],[-0.856,37.742],[-0.728,37.603],[-1.324,37.562],[-1.671,37.363],[-2.127,36.736],[-2.362,36.837],[-2.718,36.682],[-4.403,36.724],[-4.659,36.508],[-5.187,36.411],[-5.339,36.141],[-5.612,36.006],[-6.037,36.19],[-6.31,36.534],[-6.179,36.514],[-6.395,36.637],[-6.433,36.751],[-6.195,36.932],[-6.388,36.808],[-6.893,37.167],[-6.853,37.295],[-6.928,37.172],[-7.414,37.193],[-7.529,37.557],[-7.273,37.977],[-7.024,38.023],[-6.948,38.197],[-7.104,38.174],[-7.359,38.446],[-6.986,39.067],[-7.244,39.196],[-7.314,39.457],[-7.557,39.68],[-7.021,39.694],[-6.88,40.009],[-7.043,40.181],[-6.794,40.356],[-6.816,40.857],[-6.942,41.016],[-6.206,41.57],[-6.542,41.659],[-6.609,41.962],[-8.18,41.811],[-8.095,42.041],[-8.222,42.154],[-8.881,41.893],[-8.895,42.119],[-8.622,42.31],[-8.868,42.256],[-8.655,42.441],[-8.943,42.469],[-8.827,42.462],[-8.731,42.688],[-9.012,42.531],[-9.03,42.708],[-8.888,42.831],[-9.1,42.758],[-9.135,42.918],[-9.292,42.923],[-9.17,43.189],[-8.83,43.341],[-8.331,43.406],[-8.21,43.313],[-8.175,43.416],[-8.305,43.451],[-8.169,43.492],[-8.333,43.472],[-8.313,43.567],[-7.686,43.793],[-7.045,43.479],[-5.852,43.663],[-4.482,43.384],[-3.579,43.518],[-3.008,43.321],[-2.769,43.453],[-2.128,43.287],[-1.811,43.395],[-1.404,43.243],[-1.457,43.045],[-1.286,43.109],[-0.569,42.773],[-0.323,42.843],[-0.039,42.685],[0.644,42.684],[0.724,42.845],[1.343,42.709],[1.448,42.435],[1.707,42.503],[1.996,42.349],[2.277,42.429],[2.515,42.326],[3.023,42.467],[3.318,42.323]]],[[[1.983,42.441],[1.961,42.444],[1.948,42.451],[1.983,42.441]]],[[[-17.879,27.815],[-17.979,27.643],[-18.167,27.758],[-17.879,27.815]]],[[[-15.364,28.01],[-15.378,27.852],[-15.578,27.734],[-15.822,27.968],[-15.706,28.167],[-15.405,28.178],[-15.364,28.01]]],[[[-17.098,28.101],[-17.233,28.019],[-17.343,28.133],[-17.259,28.218],[-17.098,28.101]]],[[[-16.916,28.355],[-16.118,28.572],[-16.546,28.024],[-16.693,28.0],[-16.916,28.355]]],[[[-13.821,28.637],[-13.934,28.244],[-14.507,28.071],[-14.224,28.219],[-13.989,28.727],[-13.821,28.637]]],[[[-17.721,28.731],[-17.837,28.455],[-18.002,28.75],[-17.801,28.849],[-17.721,28.731]]],[[[-13.418,29.209],[-13.51,28.977],[-13.876,28.889],[-13.781,29.065],[-13.418,29.209]]],[[[-13.487,29.285],[-13.478,29.266],[-13.492,29.243],[-13.487,29.285]]],[[[-0.733,37.748],[-0.742,37.726],[-0.74,37.702],[-0.733,37.748]]],[[[1.526,38.678],[1.566,38.691],[1.582,38.675],[1.526,38.678]]],[[[1.623,39.029],[1.403,38.832],[1.212,38.903],[1.357,39.078],[1.623,39.029]]],[[[3.474,39.75],[3.061,39.269],[2.787,39.376],[2.682,39.559],[2.493,39.47],[2.351,39.576],[3.179,39.969],[3.163,39.769],[3.474,39.75]]],[[[4.337,39.867],[3.803,40.018],[4.171,40.065],[4.337,39.867]]],[[[2.985,39.166],[2.982,39.139],[2.962,39.116],[2.931,39.118],[2.914,39.152],[2.94,39.172],[2.981,39.186],[2.985,39.166]]],[[[-4.3,35.173],[-4.299,35.173],[-4.297,35.172],[-4.3,35.173]]],[[[-3.903,35.215],[-3.902,35.216],[-3.902,35.215],[-3.903,35.215],[-3.903,35.215],[-3.903,35.215]]],[[[-3.901,35.218],[-3.9,35.218],[-3.9,35.217],[-3.9,35.217],[-3.901,35.217],[-3.901,35.217],[-3.901,35.218],[-3.901,35.218]]],[[[-2.434,35.185],[-2.429,35.186],[-2.427,35.182],[-2.431,35.179],[-2.436,35.181],[-2.434,35.185]]],[[[-5.419,35.916],[-5.416,35.914],[-5.418,35.911],[-5.42,35.912],[-5.421,35.914],[-5.419,35.916]]]]}},{"type":"Feature","properties":{"iso3":"LAO","name":"Laos"},"geometry":{"type":"Polygon","coordinates":[[[107.664,15.253],[107.589,15.058],[107.446,15.025],[107.558,14.887],[107.415,14.543],[107.287,14.599],[106.836,14.307],[106.512,14.59],[106.394,14.456],[106.23,14.49],[106.173,14.37],[105.969,14.355],[106.149,14.054],[106.069,13.917],[105.533,14.164],[105.338,14.11],[105.184,14.346],[105.508,14.564],[105.593,14.991],[105.444,15.134],[105.651,15.635],[105.412,15.8],[105.422,16.01],[105.058,16.121],[104.755,16.529],[104.789,17.429],[104.452,17.666],[104.0,18.318],[103.397,18.441],[103.244,18.38],[103.295,18.288],[103.038,17.991],[102.683,17.81],[102.079,18.214],[101.132,17.462],[100.902,17.562],[101.165,18.053],[101.155,18.323],[101.03,18.428],[101.326,19.021],[101.172,19.376],[101.255,19.547],[100.474,19.525],[100.379,19.746],[100.547,20.168],[100.344,20.39],[100.153,20.239],[100.097,20.348],[100.275,20.762],[100.652,20.877],[100.518,20.906],[100.725,21.312],[101.159,21.553],[101.26,21.179],[101.767,21.151],[101.804,21.626],[101.516,22.245],[101.713,22.492],[101.843,22.383],[102.095,22.423],[102.591,21.901],[102.651,21.658],[102.807,21.836],[102.847,21.704],[102.948,21.737],[102.801,21.255],[103.13,20.855],[103.676,20.657],[103.785,20.846],[104.092,20.961],[104.615,20.646],[104.36,20.44],[104.908,20.175],[104.949,19.995],[104.614,19.607],[104.001,19.681],[104.09,19.484],[103.848,19.3],[104.71,18.796],[105.113,18.698],[105.166,18.307],[105.467,18.181],[105.723,17.673],[106.525,16.989],[106.671,16.444],[106.847,16.53],[106.957,16.307],[107.436,16.069],[107.149,15.773],[107.664,15.253]]]}},{"type":"Feature","properties":{"iso3":"KGZ","name":"Kyrgyzstan"},"geometry":{"type":"Polygon","coordinates":[[[80.258,42.065],[78.658,41.532],[78.075,41.04],[76.861,41.013],[76.33,40.348],[76.244,40.441],[75.682,40.292],[75.56,40.633],[75.194,40.441],[74.835,40.512],[74.862,40.326],[73.966,40.033],[73.823,39.806],[73.927,39.593],[73.821,39.468],[72.519,39.376],[72.229,39.189],[72.05,39.369],[71.751,39.274],[71.74,39.448],[71.513,39.459],[71.46,39.612],[70.77,39.382],[70.477,39.601],[69.3,39.516],[69.226,39.751],[69.31,39.985],[69.502,39.922],[69.518,40.125],[70.005,40.209],[70.525,40.034],[70.477,39.901],[70.995,40.267],[71.254,40.324],[71.707,40.144],[72.019,40.24],[71.957,40.316],[72.166,40.454],[72.394,40.389],[72.352,40.602],[72.625,40.511],[73.149,40.814],[72.658,40.867],[72.332,41.073],[72.165,40.999],[72.158,41.188],[71.872,41.194],[71.671,41.547],[71.586,41.324],[71.419,41.347],[71.416,41.127],[71.18,41.108],[70.77,41.239],[70.668,41.471],[70.453,41.405],[70.167,41.52],[70.845,42.03],[71.238,42.16],[70.853,42.306],[71.064,42.47],[71.003,42.564],[71.405,42.795],[72.292,42.761],[73.505,42.403],[73.413,42.627],[73.571,43.032],[74.179,43.262],[75.179,42.85],[75.62,42.805],[75.797,42.936],[76.957,42.989],[79.148,42.791],[79.426,42.47],[79.96,42.404],[80.258,42.065]],[[71.786,39.99],[71.761,39.984],[71.724,39.963],[71.786,39.99]],[[70.953,40.079],[71.022,39.881],[71.208,39.889],[71.244,40.047],[71.009,40.158],[70.953,40.079]],[[70.483,39.867],[70.582,39.767],[70.706,39.84],[70.483,39.867]]]}},{"type":"Feature","properties":{"iso3":"ARM","name":"Armenia"},"geometry":{"type":"MultiPolygon","coordinates":[[[[46.603,39.215],[46.395,39.195],[46.514,38.882],[46.136,38.864],[45.986,39.249],[45.759,39.369],[45.765,39.562],[45.435,39.489],[45.148,39.575],[45.034,39.77],[44.775,39.703],[44.326,40.035],[43.665,40.11],[43.559,40.478],[43.721,40.763],[43.436,41.083],[45.002,41.29],[45.2,41.143],[45.07,41.062],[45.419,41.017],[45.599,40.863],[45.374,40.675],[45.526,40.441],[45.979,40.224],[45.874,40.01],[45.579,39.97],[46.184,39.593],[46.512,39.568],[46.361,39.41],[46.603,39.215]],[[44.979,41.082],[44.964,41.074],[44.961,41.06],[44.979,41.082]],[[45.21,40.968],[45.22,40.979],[45.192,40.998],[45.21,40.968]]],[[[45.514,40.602],[45.479,40.61],[45.473,40.619],[45.514,40.602]]]]}},{"type":"Feature","properties":{"iso3":"DNK","name":"Denmark"},"geometry":{"type":"MultiPolygon","coordinates":[[[[8.094,55.564],[8.128,55.988],[8.194,55.812],[8.393,55.909],[8.282,56.076],[8.108,56.024],[8.214,56.712],[8.298,56.558],[8.666,56.476],[8.763,56.563],[8.682,56.627],[9.063,56.813],[9.176,56.709],[9.061,56.566],[9.155,56.661],[9.326,56.53],[9.306,56.695],[9.169,56.689],[9.2,56.939],[9.916,57.059],[8.68,56.953],[8.408,56.689],[8.586,56.689],[8.56,56.593],[8.246,56.704],[8.27,56.843],[8.618,57.123],[9.498,57.197],[9.967,57.591],[10.649,57.737],[10.43,57.571],[10.539,57.237],[10.347,57.01],[9.927,57.059],[10.314,56.983],[10.341,56.717],[9.806,56.64],[10.334,56.704],[10.183,56.47],[10.33,56.603],[10.964,56.448],[10.739,56.155],[10.629,56.238],[10.519,56.103],[10.355,56.202],[10.491,56.216],[10.443,56.299],[10.258,56.19],[10.182,55.834],[9.867,55.852],[10.046,55.814],[10.005,55.701],[9.556,55.712],[9.854,55.627],[9.498,55.489],[9.66,55.478],[9.587,55.427],[9.71,55.249],[9.434,55.038],[9.731,54.995],[9.746,54.836],[9.615,54.933],[9.317,54.802],[8.661,54.896],[8.682,55.133],[8.459,55.103],[8.489,55.197],[8.689,55.142],[8.618,55.438],[8.094,55.564]]],[[[10.999,54.787],[11.108,54.832],[11.032,54.919],[11.232,54.961],[11.595,54.811],[11.649,54.914],[11.855,54.749],[11.474,54.626],[10.999,54.787]]],[[[10.45,54.9],[10.467,54.891],[10.486,54.884],[10.45,54.9]]],[[[12.554,54.968],[12.115,54.907],[12.262,55.064],[12.554,54.968]]],[[[10.065,54.891],[9.628,55.051],[9.793,55.081],[10.065,54.891]]],[[[10.957,55.154],[10.731,54.74],[10.601,54.838],[10.957,55.154]]],[[[15.151,55.133],[15.073,54.992],[14.684,55.101],[14.761,55.309],[15.151,55.133]]],[[[8.476,55.345],[8.452,55.34],[8.425,55.356],[8.476,55.345]]],[[[9.676,55.496],[10.308,55.618],[10.519,55.533],[10.472,55.443],[10.628,55.614],[10.742,55.487],[10.554,55.443],[10.834,55.29],[10.718,55.064],[10.197,55.064],[10.066,55.092],[10.113,55.184],[9.986,55.128],[9.676,55.496]]],[[[12.675,55.601],[12.52,55.619],[12.608,55.701],[12.675,55.601]]],[[[10.669,55.88],[10.582,55.76],[10.512,55.825],[10.544,55.998],[10.669,55.88]]],[[[10.875,55.737],[11.193,55.7],[11.505,55.869],[11.273,55.997],[11.768,55.971],[11.608,55.783],[11.739,55.797],[11.657,55.731],[11.78,55.66],[11.935,55.934],[12.052,55.737],[11.91,55.66],[12.06,55.654],[12.026,55.941],[11.866,55.973],[12.245,56.129],[12.622,56.044],[12.513,55.928],[12.602,55.709],[12.198,55.487],[12.465,55.29],[12.015,55.167],[12.169,55.128],[12.149,54.994],[11.897,54.995],[12.17,54.845],[11.961,54.694],[11.969,54.57],[11.711,54.941],[11.883,54.982],[11.616,55.092],[11.827,55.051],[11.718,55.126],[11.807,55.147],[11.261,55.201],[11.088,55.359],[11.214,55.404],[11.081,55.513],[11.146,55.576],[10.93,55.668],[11.088,55.66],[10.875,55.737]]],[[[11.512,56.695],[11.51,56.71],[11.521,56.715],[11.512,56.695]]],[[[8.515,56.738],[8.929,56.977],[8.766,56.699],[8.515,56.738]]],[[[11.197,57.313],[11.029,57.202],[10.855,57.265],[11.197,57.313]]]]}},{"type":"Feature","properties":{"iso3":"LBY","name":"Libya"},"geometry":{"type":"Polygon","coordinates":[[[25.156,31.663],[24.849,31.349],[24.995,30.785],[24.689,30.183],[24.981,29.181],[24.981,20.002],[23.981,19.995],[23.981,19.496],[15.985,23.445],[14.216,22.616],[13.482,23.18],[11.969,23.517],[11.509,24.314],[10.699,24.556],[10.392,24.48],[10.045,24.83],[10.008,25.331],[9.378,26.169],[9.483,26.353],[9.855,26.524],[9.911,26.843],[9.722,27.308],[9.936,27.867],[9.777,28.268],[9.826,29.129],[9.668,29.608],[9.287,30.117],[9.871,30.355],[10.192,30.731],[10.27,30.916],[10.106,31.429],[10.264,31.68],[10.499,31.744],[10.873,32.137],[11.546,32.434],[11.45,32.638],[11.505,33.181],[12.348,32.833],[13.352,32.904],[15.182,32.395],[15.365,32.175],[15.49,31.665],[15.761,31.388],[17.849,30.924],[19.057,30.266],[19.616,30.421],[20.1,30.935],[20.147,31.217],[19.917,31.759],[20.072,32.176],[20.563,32.558],[21.623,32.937],[22.15,32.948],[23.106,32.64],[23.081,32.334],[23.312,32.163],[24.982,31.968],[25.156,31.663]]]}},{"type":"Feature","properties":{"iso3":"TUN","name":"Tunisia"},"geometry":{"type":"MultiPolygon","coordinates":[[[[11.564,32.465],[10.264,31.68],[10.106,31.429],[10.254,30.842],[9.871,30.355],[9.52,30.229],[9.045,32.072],[8.331,32.528],[8.087,33.094],[7.725,33.231],[7.48,33.894],[7.517,34.095],[7.832,34.414],[8.229,34.636],[8.431,35.242],[8.294,35.325],[8.241,35.828],[8.358,36.43],[8.168,36.491],[8.43,36.663],[8.413,36.784],[9.192,37.226],[9.745,37.345],[9.859,37.329],[9.816,37.152],[9.882,37.264],[10.272,37.179],[10.128,37.159],[10.347,36.88],[10.188,36.798],[10.355,36.731],[11.033,37.087],[11.131,36.854],[10.8,36.452],[10.551,36.377],[10.475,36.112],[10.622,35.843],[11.041,35.638],[11.042,35.334],[11.159,35.219],[10.597,34.545],[10.005,34.171],[10.33,33.703],[10.717,33.707],[10.738,33.478],[11.043,33.618],[11.102,33.364],[11.294,33.287],[11.134,33.311],[11.18,33.211],[11.505,33.181],[11.45,32.638],[11.564,32.465]]],[[[11.06,33.801],[10.888,33.64],[10.728,33.758],[10.773,33.896],[11.06,33.801]]],[[[10.964,34.657],[10.974,34.663],[10.987,34.672],[10.964,34.657]]],[[[11.305,34.742],[11.122,34.68],[11.254,34.826],[11.305,34.742]]]]}},{"type":"Feature","properties":{"iso3":"ROU","name":"Romania"},"geometry":{"type":"Polygon","coordinates":[[[29.7,45.162],[29.562,44.82],[29.001,44.689],[29.139,44.804],[29.044,44.866],[29.111,44.97],[28.869,44.943],[28.946,44.765],[28.784,44.649],[28.988,44.675],[28.758,44.627],[28.758,44.465],[28.925,44.621],[28.635,44.316],[28.578,43.741],[27.027,44.177],[26.151,44.012],[25.781,43.732],[25.403,43.65],[23.485,43.881],[22.92,43.834],[22.875,43.972],[23.031,44.093],[22.477,44.464],[22.765,44.583],[22.426,44.734],[22.127,44.503],[21.994,44.659],[21.396,44.79],[21.536,44.889],[21.351,44.998],[21.493,45.145],[20.767,45.479],[20.786,45.753],[20.243,46.108],[21.144,46.284],[22.008,47.517],[23.119,48.092],[23.461,47.971],[24.562,47.941],[24.897,47.71],[25.262,47.899],[26.126,47.978],[26.303,48.212],[26.733,48.271],[27.048,48.122],[27.304,47.667],[28.102,46.935],[28.247,46.436],[28.083,46.015],[28.168,45.632],[28.062,45.594],[28.577,45.248],[29.322,45.444],[29.65,45.346],[29.7,45.162]]]}},{"type":"Feature","properties":{"iso3":"HUN","name":"Hungary"},"geometry":{"type":"Polygon","coordinates":[[[22.878,47.947],[22.008,47.517],[21.502,46.704],[21.051,46.236],[20.243,46.108],[19.55,46.164],[18.404,45.742],[17.345,45.956],[16.515,46.502],[16.325,46.839],[16.094,46.863],[16.486,46.999],[16.434,47.397],[16.689,47.538],[16.408,47.661],[16.568,47.754],[17.075,47.708],[17.004,47.863],[17.185,48.02],[17.826,47.75],[18.693,47.778],[18.816,47.833],[18.743,47.971],[18.838,48.04],[19.428,48.086],[19.623,48.227],[19.929,48.13],[20.324,48.28],[20.482,48.526],[21.425,48.561],[21.759,48.334],[22.272,48.403],[22.878,47.947]]]}},{"type":"Feature","properties":{"iso3":"SVK","name":"Slovakia"},"geometry":{"type":"Polygon","coordinates":[[[22.54,49.072],[22.096,48.379],[21.728,48.341],[21.425,48.561],[20.511,48.534],[20.324,48.28],[19.929,48.13],[19.623,48.227],[19.428,48.086],[18.838,48.04],[18.743,47.971],[18.816,47.833],[18.693,47.778],[17.742,47.765],[17.07,48.036],[16.844,48.366],[17.167,48.86],[17.727,48.863],[18.536,49.482],[19.142,49.394],[19.443,49.602],[19.769,49.393],[19.786,49.188],[20.05,49.173],[20.318,49.392],[20.919,49.29],[21.261,49.449],[21.82,49.377],[22.54,49.072]]]}},{"type":"Feature","properties":{"iso3":"POL","name":"Poland"},"geometry":{"type":"Polygon","coordinates":[[[14.124,52.851],[14.442,53.252],[14.289,53.742],[14.624,53.639],[14.545,53.704],[14.631,53.852],[14.319,53.818],[14.21,53.938],[16.179,54.263],[16.501,54.532],[17.337,54.749],[18.34,54.833],[18.814,54.643],[18.413,54.747],[18.588,54.434],[18.886,54.35],[19.61,54.457],[22.963,54.382],[23.449,54.155],[23.591,53.611],[23.894,53.152],[23.909,52.7],[23.392,52.51],[23.166,52.289],[23.637,52.084],[23.532,51.659],[23.698,51.404],[23.635,51.305],[24.143,50.856],[23.958,50.808],[24.108,50.63],[23.981,50.405],[23.682,50.368],[22.666,49.567],[22.682,49.161],[22.855,48.994],[22.041,49.197],[21.82,49.377],[21.261,49.449],[20.919,49.29],[20.318,49.392],[20.05,49.173],[19.786,49.188],[19.769,49.393],[19.457,49.598],[18.962,49.389],[18.559,49.907],[18.002,50.047],[17.839,49.974],[17.584,50.146],[17.738,50.202],[17.708,50.311],[17.424,50.241],[16.893,50.433],[17.015,50.218],[16.661,50.093],[16.2,50.406],[16.426,50.568],[16.332,50.644],[15.982,50.604],[15.792,50.743],[15.356,50.775],[15.144,51.012],[14.81,50.858],[15.019,51.272],[14.586,51.804],[14.761,52.077],[14.545,52.382],[14.645,52.577],[14.124,52.851]]]}},{"type":"Feature","properties":{"iso3":"IRL","name":"Ireland"},"geometry":{"type":"MultiPolygon","coordinates":[[[[-5.994,52.957],[-6.366,52.344],[-6.496,52.364],[-6.37,52.18],[-6.764,52.261],[-6.932,52.125],[-6.997,52.289],[-7.017,52.138],[-7.6,52.101],[-7.59,51.991],[-7.85,51.98],[-8.021,51.824],[-8.429,51.885],[-8.302,51.758],[-8.558,51.706],[-8.532,51.611],[-8.758,51.645],[-8.696,51.577],[-9.82,51.446],[-9.546,51.611],[-9.848,51.549],[-9.443,51.72],[-10.163,51.59],[-9.581,51.878],[-10.136,51.741],[-10.396,51.885],[-9.758,52.152],[-10.478,52.152],[-10.06,52.31],[-9.738,52.248],[-9.95,52.412],[-9.635,52.474],[-9.648,52.57],[-8.751,52.673],[-8.961,52.694],[-8.943,52.775],[-9.286,52.591],[-9.581,52.666],[-9.936,52.557],[-9.499,52.753],[-9.272,53.147],[-8.895,53.221],[-9.612,53.236],[-9.553,53.385],[-9.807,53.302],[-9.902,53.324],[-9.799,53.42],[-10.177,53.413],[-10.012,53.482],[-10.18,53.555],[-9.697,53.598],[-9.908,53.646],[-9.908,53.762],[-9.56,53.865],[-9.944,53.879],[-9.788,53.916],[-9.899,54.025],[-9.834,54.112],[-9.971,54.079],[-10.011,54.218],[-10.117,54.096],[-10.115,54.235],[-9.998,54.304],[-9.91,54.204],[-9.786,54.338],[-9.268,54.304],[-9.141,54.146],[-9.051,54.289],[-8.511,54.208],[-8.664,54.359],[-8.21,54.502],[-8.121,54.647],[-8.457,54.565],[-8.388,54.62],[-8.796,54.698],[-8.326,54.832],[-8.457,55.003],[-8.278,55.161],[-7.856,55.139],[-7.799,55.256],[-7.703,55.099],[-7.792,55.206],[-7.661,55.277],[-7.526,55.116],[-7.681,54.954],[-7.469,55.044],[-7.524,55.29],[-7.257,55.284],[-7.384,55.386],[-6.943,55.219],[-7.377,55.029],[-7.543,54.742],[-7.93,54.697],[-7.708,54.604],[-8.174,54.462],[-7.609,54.14],[-7.28,54.126],[-7.018,54.413],[-6.64,54.168],[-6.631,54.042],[-6.127,54.03],[-6.36,54.016],[-6.379,53.917],[-6.077,53.555],[-6.195,53.461],[-6.062,53.367],[-6.218,53.347],[-5.994,52.957]]],[[[-9.663,53.275],[-9.638,53.251],[-9.658,53.233],[-9.663,53.275]]],[[[-9.964,53.954],[-9.952,53.958],[-9.941,53.96],[-9.964,53.954]]],[[[-8.525,55.01],[-8.509,55.006],[-8.497,55.001],[-8.525,55.01]]],[[[-9.817,51.639],[-9.807,51.64],[-9.799,51.637],[-9.817,51.639]]],[[[-10.313,51.926],[-10.302,51.925],[-10.298,51.918],[-10.313,51.926]]],[[[-9.648,53.102],[-9.645,53.103],[-9.641,53.102],[-9.648,53.102]]]]}},{"type":"Feature","properties":{"iso3":"GBR","name":"United Kingdom"},"geometry":{"type":"MultiPolygon","coordinates":[[[[-5.431,54.485],[-5.516,54.338],[-5.702,54.578],[-5.626,54.441],[-5.709,54.352],[-5.553,54.299],[-6.08,54.035],[-6.631,54.042],[-6.64,54.168],[-7.018,54.413],[-7.28,54.126],[-7.609,54.14],[-8.174,54.462],[-7.708,54.604],[-7.93,54.697],[-7.543,54.742],[-7.367,55.036],[-6.476,55.249],[-6.047,55.179],[-5.986,54.982],[-5.69,54.793],[-5.907,54.606],[-5.575,54.68],[-5.431,54.485]]],[[[-6.236,56.719],[-5.757,56.785],[-5.851,56.829],[-5.66,56.873],[-5.921,56.894],[-5.832,56.997],[-5.523,56.997],[-5.791,57.059],[-5.716,57.12],[-5.4,57.106],[-5.681,57.158],[-5.407,57.23],[-5.441,57.319],[-5.729,57.298],[-5.448,57.422],[-5.808,57.355],[-5.839,57.579],[-5.513,57.541],[-5.806,57.643],[-5.674,57.71],[-5.811,57.833],[-5.606,57.77],[-5.613,57.929],[-5.222,57.847],[-5.366,57.943],[-5.071,57.833],[-5.447,58.084],[-5.242,58.148],[-5.392,58.261],[-4.934,58.223],[-5.173,58.354],[-5.016,58.388],[-5.106,58.506],[-4.988,58.628],[-4.66,58.556],[-4.761,58.448],[-4.427,58.546],[-4.495,58.45],[-4.029,58.595],[-3.019,58.64],[-3.13,58.369],[-4.084,57.964],[-4.009,57.868],[-4.392,57.908],[-3.779,57.856],[-4.428,57.578],[-4.009,57.689],[-4.263,57.552],[-4.195,57.492],[-3.409,57.723],[-1.998,57.703],[-1.759,57.474],[-2.515,56.591],[-3.323,56.366],[-2.885,56.458],[-2.577,56.284],[-2.648,56.229],[-3.343,56.027],[-3.837,56.106],[-3.078,55.947],[-2.635,56.058],[-2.138,55.915],[-1.631,55.585],[-1.204,54.626],[-0.563,54.477],[-0.076,54.112],[-0.219,54.023],[0.131,53.573],[-0.26,53.735],[-0.726,53.701],[-0.279,53.707],[0.219,53.42],[0.357,53.146],[0.01,52.886],[0.385,52.768],[0.57,52.969],[1.275,52.929],[1.673,52.756],[1.771,52.486],[1.582,52.081],[1.069,51.953],[1.282,51.947],[1.276,51.845],[0.98,51.844],[0.699,51.72],[0.93,51.744],[0.924,51.588],[0.385,51.453],[1.448,51.383],[1.384,51.152],[1.067,51.064],[0.98,50.918],[0.271,50.747],[-0.27,50.831],[-0.79,50.73],[-1.466,50.918],[-1.317,50.8],[-2.039,50.74],[-1.965,50.602],[-2.398,50.646],[-2.453,50.528],[-2.865,50.734],[-3.464,50.679],[-3.487,50.405],[-3.661,50.221],[-4.054,50.3],[-4.201,50.459],[-4.29,50.397],[-4.194,50.322],[-4.694,50.343],[-5.053,50.196],[-5.191,49.959],[-5.475,50.13],[-5.705,50.052],[-5.016,50.538],[-4.845,50.514],[-4.921,50.589],[-4.577,50.775],[-4.526,51.015],[-4.208,51.076],[-4.229,51.192],[-3.022,51.192],[-2.975,51.384],[-2.381,51.762],[-3.289,51.384],[-3.557,51.405],[-3.855,51.624],[-4.29,51.556],[-4.071,51.676],[-4.315,51.677],[-4.365,51.789],[-4.941,51.597],[-5.12,51.678],[-4.824,51.796],[-5.25,51.734],[-5.113,51.829],[-5.289,51.917],[-4.316,52.216],[-3.947,52.549],[-4.125,52.604],[-3.988,52.734],[-4.149,52.812],[-4.078,52.927],[-4.763,52.789],[-4.178,53.218],[-3.33,53.352],[-3.088,53.235],[-3.186,53.393],[-3.058,53.435],[-2.881,53.288],[-2.7,53.352],[-2.925,53.35],[-3.102,53.558],[-2.899,53.735],[-3.049,53.77],[-3.057,53.906],[-2.858,53.968],[-2.796,54.249],[-3.049,54.222],[-3.145,54.064],[-3.207,54.263],[-3.307,54.192],[-3.634,54.513],[-3.388,54.883],[-3.046,54.982],[-3.571,54.995],[-3.582,54.884],[-4.012,54.768],[-4.403,54.907],[-4.382,54.68],[-4.859,54.866],[-4.955,54.805],[-4.859,54.633],[-4.944,54.653],[-5.171,55.009],[-4.996,54.92],[-5.008,55.141],[-4.618,55.496],[-4.921,55.709],[-4.886,55.92],[-4.482,55.928],[-4.824,56.079],[-4.852,55.988],[-4.756,56.207],[-4.921,56.168],[-4.969,55.88],[-5.124,56.01],[-5.087,55.901],[-5.181,55.969],[-5.201,55.831],[-5.297,55.853],[-5.338,55.997],[-4.921,56.278],[-5.05,56.237],[-5.444,56.028],[-5.318,55.783],[-5.49,55.645],[-5.525,55.359],[-5.772,55.301],[-5.681,55.674],[-5.455,55.846],[-5.66,55.797],[-5.571,56.038],[-5.708,55.943],[-5.532,56.086],[-5.573,56.328],[-5.065,56.565],[-5.469,56.476],[-5.242,56.565],[-5.414,56.545],[-5.318,56.661],[-4.996,56.716],[-5.238,56.717],[-5.12,56.818],[-5.674,56.497],[-6.008,56.642],[-5.544,56.695],[-6.236,56.719]]],[[[-1.062,50.693],[-1.279,50.583],[-1.569,50.658],[-1.319,50.772],[-1.062,50.693]]],[[[-0.96,50.808],[-0.96,50.802],[-0.955,50.799],[-0.96,50.808]]],[[[0.911,51.412],[0.932,51.398],[0.942,51.383],[0.911,51.412]]],[[[-4.577,53.272],[-4.573,53.267],[-4.564,53.26],[-4.577,53.272]]],[[[-4.043,53.303],[-4.354,53.13],[-4.571,53.275],[-4.571,53.393],[-4.425,53.427],[-4.043,53.303]]],[[[-6.236,55.311],[-6.185,55.307],[-6.174,55.304],[-6.236,55.311]]],[[[-5.071,55.509],[-5.263,55.447],[-5.398,55.614],[-5.198,55.704],[-5.071,55.509]]],[[[-5.03,55.749],[-5.019,55.745],[-5.011,55.738],[-5.03,55.749]]],[[[-6.024,55.688],[-6.287,55.578],[-6.25,55.777],[-6.504,55.723],[-6.14,55.941],[-6.024,55.688]]],[[[-6.206,56.103],[-6.198,56.106],[-6.183,56.103],[-6.206,56.103]]],[[[-5.688,56.124],[-5.962,55.805],[-6.087,55.883],[-5.688,56.124]]],[[[-5.688,56.202],[-5.681,56.195],[-5.674,56.179],[-5.688,56.202]]],[[[-5.633,56.263],[-5.628,56.26],[-5.623,56.258],[-5.633,56.263]]],[[[-5.633,56.319],[-5.621,56.324],[-5.598,56.322],[-5.633,56.319]]],[[[-5.558,56.414],[-5.527,56.414],[-5.512,56.415],[-5.558,56.414]]],[[[-6.16,56.47],[-6.212,56.468],[-6.237,56.47],[-6.16,56.47]]],[[[-6.819,56.538],[-6.767,56.549],[-6.742,56.548],[-6.819,56.538]]],[[[-6.366,56.322],[-6.021,56.382],[-6.203,56.38],[-6.017,56.504],[-6.338,56.552],[-6.191,56.645],[-5.648,56.448],[-5.809,56.319],[-6.366,56.322]]],[[[-6.459,56.678],[-6.469,56.668],[-6.483,56.648],[-6.459,56.678]]],[[[-7.374,56.983],[-7.557,56.953],[-7.449,57.059],[-7.374,56.983]]],[[[-6.325,57.059],[-6.273,57.04],[-6.251,57.027],[-6.325,57.059]]],[[[-6.606,57.052],[-6.591,57.059],[-6.556,57.07],[-6.606,57.052]]],[[[-5.959,57.284],[-5.985,57.29],[-6.008,57.304],[-5.959,57.284]]],[[[-7.195,57.306],[-7.353,57.243],[-7.239,57.101],[-7.455,57.237],[-7.363,57.408],[-7.195,57.306]]],[[[-7.264,57.483],[-7.265,57.479],[-7.266,57.478],[-7.264,57.483]]],[[[-6.077,57.372],[-5.983,57.497],[-5.989,57.347],[-6.077,57.372]]],[[[-5.968,57.518],[-5.984,57.522],[-5.99,57.533],[-5.968,57.518]]],[[[-7.065,57.634],[-7.216,57.641],[-7.106,57.593],[-7.312,57.552],[-7.134,57.538],[-7.236,57.504],[-7.545,57.593],[-7.065,57.634]]],[[[-6.784,57.456],[-6.607,57.444],[-6.64,57.607],[-6.311,57.463],[-6.416,57.646],[-6.311,57.703],[-6.154,57.59],[-6.154,57.306],[-5.647,57.265],[-6.007,57.028],[-5.845,57.188],[-6.318,57.161],[-6.482,57.312],[-6.324,57.311],[-6.784,57.456]]],[[[-7.223,57.71],[-7.18,57.735],[-7.161,57.737],[-7.152,57.726],[-7.17,57.715],[-7.199,57.708],[-7.223,57.71]]],[[[-8.621,57.833],[-8.605,57.826],[-8.569,57.824],[-8.552,57.819],[-8.569,57.808],[-8.591,57.805],[-8.611,57.813],[-8.621,57.833]]],[[[-7.045,57.902],[-7.048,57.891],[-7.055,57.884],[-7.045,57.902]]],[[[-6.873,58.217],[-6.863,58.216],[-6.86,58.217],[-6.873,58.217]]],[[[-7.126,58.124],[-7.031,58.245],[-6.86,58.107],[-6.709,58.189],[-6.819,58.285],[-6.267,58.512],[-6.167,58.347],[-6.366,58.237],[-6.151,58.258],[-6.619,58.086],[-6.352,58.039],[-6.545,58.018],[-6.455,57.977],[-6.537,57.921],[-6.688,58.059],[-6.764,58.004],[-6.661,57.88],[-6.973,57.733],[-7.125,57.837],[-6.839,57.936],[-7.113,57.99],[-6.935,58.052],[-7.126,58.124]]],[[[-2.884,58.832],[-2.94,58.731],[-3.036,58.82],[-2.884,58.832]]],[[[-3.248,58.792],[-3.218,58.793],[-3.16,58.808],[-3.248,58.792]]],[[[-2.706,58.947],[-3.203,58.916],[-3.228,59.039],[-3.367,59.016],[-3.183,59.147],[-2.994,59.073],[-3.117,58.998],[-2.706,58.947]]],[[[-2.542,59.121],[-2.548,59.109],[-2.542,59.103],[-2.542,59.121]]],[[[-3.005,59.128],[-3.036,59.129],[-3.066,59.134],[-3.005,59.128]]],[[[-2.83,59.197],[-2.817,59.191],[-2.807,59.192],[-2.83,59.197]]],[[[-2.446,59.293],[-2.425,59.31],[-2.411,59.319],[-2.446,59.293]]],[[[-3.049,59.32],[-3.059,59.323],[-3.067,59.323],[-3.049,59.32]]],[[[-1.651,59.529],[-1.644,59.546],[-1.625,59.556],[-1.651,59.529]]],[[[-0.785,60.615],[-0.769,60.613],[-0.758,60.608],[-0.785,60.615]]],[[[-1.034,60.451],[-1.219,60.238],[-1.124,60.15],[-1.275,59.854],[-1.376,59.909],[-1.268,60.245],[-1.455,60.156],[-1.69,60.285],[-1.26,60.355],[-1.609,60.483],[-1.301,60.643],[-1.37,60.402],[-1.034,60.451]]],[[[-0.98,60.657],[-1.062,60.663],[-1.032,60.501],[-1.18,60.625],[-1.092,60.735],[-0.98,60.657]]],[[[-0.966,60.69],[-0.881,60.845],[-0.761,60.813],[-0.966,60.69]]],[[[-6.299,49.935],[-6.292,49.932],[-6.284,49.923],[-6.288,49.914],[-6.297,49.91],[-6.309,49.914],[-6.307,49.927],[-6.299,49.935]]],[[[-6.334,49.96],[-6.328,49.957],[-6.326,49.949],[-6.334,49.96]]],[[[-4.665,51.184],[-4.664,51.177],[-4.663,51.165],[-4.665,51.184]]],[[[-13.69,57.596],[-13.691,57.597],[-13.691,57.597],[-13.69,57.596]]],[[[-1.315,60.094],[-1.308,60.094],[-1.305,60.087],[-1.315,60.094]]],[[[-2.053,60.156],[-2.049,60.147],[-2.048,60.129],[-2.053,60.156]]],[[[-1.063,60.164],[-1.051,60.17],[-1.05,60.163],[-1.063,60.164]]],[[[-0.919,60.386],[-0.913,60.387],[-0.911,60.382],[-0.919,60.386]]]]}},{"type":"Feature","properties":{"iso3":"GRC","name":"Greece"},"geometry":{"type":"MultiPolygon","coordinates":[[[[26.637,41.378],[26.321,41.246],[26.359,40.965],[26.082,40.736],[26.054,40.831],[25.138,41.01],[24.802,40.853],[24.505,40.962],[24.11,40.728],[23.732,40.752],[23.915,40.539],[23.868,40.414],[24.011,40.449],[24.394,40.152],[23.73,40.359],[23.716,40.255],[23.991,40.119],[23.991,39.954],[23.438,40.279],[23.364,40.15],[23.748,39.93],[23.361,39.961],[23.299,40.235],[22.888,40.386],[22.822,40.502],[22.983,40.553],[22.91,40.645],[22.579,40.468],[22.661,40.369],[22.571,40.054],[23.344,39.18],[23.052,39.098],[23.217,39.18],[22.936,39.361],[22.826,39.221],[22.964,39.009],[23.073,39.036],[22.525,38.858],[23.306,38.653],[23.335,38.504],[23.567,38.501],[24.081,38.166],[23.989,38.123],[24.033,37.652],[23.575,38.047],[22.995,37.882],[23.182,37.809],[23.169,37.614],[23.337,37.535],[23.399,37.638],[23.526,37.439],[23.169,37.3],[23.132,37.449],[22.726,37.566],[23.196,36.433],[22.686,36.809],[22.484,36.607],[22.491,36.391],[22.153,37.021],[21.943,36.993],[21.883,36.727],[21.707,36.818],[21.57,37.116],[21.675,37.396],[21.106,37.878],[21.326,38.021],[21.374,38.221],[21.622,38.155],[21.849,38.341],[22.867,37.94],[22.975,37.979],[22.875,38.049],[23.223,38.159],[22.806,38.227],[22.646,38.39],[22.563,38.294],[22.402,38.453],[22.382,38.343],[21.958,38.412],[21.518,38.296],[21.323,38.496],[21.156,38.304],[20.988,38.664],[20.729,38.81],[20.77,38.959],[21.085,38.864],[21.16,38.998],[20.822,39.114],[20.735,38.95],[20.236,39.399],[20.182,39.624],[20.0,39.694],[20.246,39.663],[20.397,39.818],[20.298,39.987],[20.648,40.094],[20.771,40.422],[21.019,40.559],[20.965,40.849],[21.582,40.866],[22.048,41.152],[22.705,41.14],[22.781,41.335],[23.612,41.371],[24.251,41.563],[25.239,41.241],[25.96,41.315],[26.176,41.432],[26.048,41.689],[26.212,41.75],[26.595,41.612],[26.637,41.378]]],[[[24.128,34.855],[24.122,34.847],[24.121,34.836],[24.128,34.855]]],[[[26.976,35.431],[27.002,35.437],[27.012,35.438],[26.976,35.431]]],[[[26.321,35.315],[26.147,35.002],[25.019,34.932],[24.739,34.932],[24.743,35.077],[24.402,35.191],[23.518,35.294],[23.58,35.576],[23.718,35.513],[23.742,35.687],[23.817,35.535],[24.183,35.586],[24.072,35.498],[24.34,35.348],[24.721,35.427],[25.766,35.336],[25.795,35.115],[26.321,35.315]]],[[[27.237,35.493],[27.136,35.404],[27.068,35.589],[27.227,35.827],[27.237,35.493]]],[[[23.278,35.897],[23.296,35.886],[23.316,35.88],[23.278,35.897]]],[[[23.104,36.237],[22.991,36.137],[22.9,36.328],[23.104,36.237]]],[[[25.736,36.383],[25.75,36.388],[25.759,36.396],[25.736,36.383]]],[[[28.24,36.433],[28.09,36.055],[27.78,35.89],[27.684,36.158],[28.24,36.433]]],[[[25.491,36.398],[25.362,36.357],[25.382,36.48],[25.491,36.398]]],[[[27.397,36.439],[27.387,36.421],[27.4,36.41],[27.397,36.439]]],[[[26.362,36.638],[26.393,36.637],[26.431,36.619],[26.362,36.638]]],[[[27.877,36.562],[27.76,36.576],[27.861,36.647],[27.877,36.562]]],[[[24.868,36.665],[24.948,36.624],[24.964,36.603],[24.868,36.665]]],[[[25.146,36.72],[25.186,36.719],[25.183,36.716],[25.146,36.72]]],[[[21.764,36.754],[21.78,36.748],[21.782,36.736],[21.764,36.754]]],[[[24.474,36.747],[24.513,36.764],[24.533,36.768],[24.474,36.747]]],[[[24.642,36.789],[24.656,36.783],[24.666,36.775],[24.642,36.789]]],[[[25.273,36.72],[25.275,36.722],[25.276,36.723],[25.273,36.72]]],[[[21.696,36.74],[21.697,36.776],[21.701,36.791],[21.696,36.74]]],[[[24.608,36.836],[24.608,36.829],[24.6,36.822],[24.608,36.836]]],[[[25.423,36.833],[25.43,36.844],[25.447,36.857],[25.423,36.833]]],[[[27.356,36.863],[26.918,36.716],[27.164,36.891],[27.356,36.863]]],[[[25.609,36.884],[25.615,36.894],[25.625,36.899],[25.609,36.884]]],[[[26.006,36.939],[26.019,36.925],[26.035,36.913],[26.006,36.939]]],[[[25.081,36.953],[25.067,36.955],[25.047,36.969],[25.081,36.953]]],[[[24.704,37.035],[24.716,37.02],[24.752,36.986],[24.704,37.035]]],[[[26.886,37.076],[27.048,36.959],[26.912,36.946],[26.886,37.076]]],[[[25.807,37.103],[25.805,37.099],[25.805,37.098],[25.807,37.103]]],[[[25.103,37.024],[25.293,37.152],[25.232,37.005],[25.103,37.024]]],[[[25.595,37.1],[25.45,36.918],[25.342,37.077],[25.534,37.201],[25.595,37.1]]],[[[24.444,37.179],[24.436,37.185],[24.468,37.202],[24.444,37.179]]],[[[23.128,37.288],[23.134,37.285],[23.151,37.277],[23.128,37.288]]],[[[23.587,37.371],[23.571,37.358],[23.548,37.35],[23.587,37.371]]],[[[24.368,37.412],[24.483,37.412],[24.368,37.31],[24.368,37.412]]],[[[25.395,37.418],[25.383,37.42],[25.307,37.412],[25.395,37.418]]],[[[24.966,37.408],[24.861,37.398],[24.895,37.51],[24.966,37.408]]],[[[23.477,37.556],[23.482,37.556],[23.483,37.555],[23.477,37.556]]],[[[25.091,37.583],[25.081,37.587],[25.047,37.617],[25.091,37.583]]],[[[24.375,37.686],[24.403,37.656],[24.396,37.625],[24.375,37.686]]],[[[26.362,37.686],[26.345,37.659],[26.319,37.634],[26.362,37.686]]],[[[23.563,37.768],[23.484,37.679],[23.424,37.762],[23.563,37.768]]],[[[26.58,37.741],[27.068,37.774],[26.861,37.643],[26.58,37.741]]],[[[20.996,37.699],[20.815,37.652],[20.619,37.823],[20.709,37.925],[20.996,37.699]]],[[[24.994,37.754],[24.684,37.933],[24.954,37.906],[24.994,37.754]]],[[[23.408,37.899],[23.402,37.906],[23.402,37.912],[23.408,37.899]]],[[[20.339,38.2],[20.572,38.474],[20.808,38.1],[20.51,38.111],[20.435,38.279],[20.339,38.2]]],[[[20.716,38.392],[20.728,38.389],[20.739,38.384],[20.716,38.392]]],[[[20.941,38.604],[20.919,38.579],[20.909,38.563],[20.908,38.549],[20.894,38.549],[20.894,38.556],[20.932,38.603],[20.941,38.604]]],[[[26.164,38.543],[26.164,38.303],[26.01,38.157],[25.866,38.246],[25.989,38.379],[25.833,38.544],[26.164,38.543]]],[[[25.589,38.612],[25.595,38.604],[25.622,38.584],[25.589,38.612]]],[[[20.545,38.57],[20.645,38.828],[20.73,38.736],[20.545,38.57]]],[[[24.684,38.793],[24.435,38.888],[24.491,38.981],[24.684,38.793]]],[[[24.594,38.062],[24.372,37.972],[24.042,38.402],[23.649,38.406],[23.614,38.558],[23.202,38.83],[22.832,38.834],[23.309,39.038],[23.594,38.77],[24.156,38.653],[24.252,38.228],[24.588,38.159],[24.594,38.062]]],[[[23.436,39.146],[23.425,39.149],[23.415,39.15],[23.436,39.146]]],[[[23.67,39.118],[23.659,39.123],[23.628,39.147],[23.67,39.118]]],[[[20.14,39.242],[20.156,39.229],[20.173,39.217],[20.14,39.242]]],[[[23.937,39.221],[23.922,39.19],[23.896,39.162],[23.937,39.221]]],[[[26.612,39.049],[26.455,39.111],[26.547,38.988],[26.407,38.969],[26.088,39.077],[26.27,39.201],[26.064,39.091],[25.835,39.18],[26.343,39.383],[26.612,39.049]]],[[[25.012,39.564],[25.047,39.545],[25.04,39.521],[25.012,39.564]]],[[[20.118,39.371],[19.879,39.453],[19.626,39.748],[19.948,39.79],[19.845,39.653],[20.118,39.371]]],[[[25.45,40.036],[25.349,39.788],[25.251,39.919],[25.215,39.803],[25.047,39.838],[25.033,39.988],[25.45,40.036]]],[[[25.691,40.448],[25.695,40.433],[25.683,40.423],[25.691,40.448]]],[[[24.786,40.735],[24.642,40.571],[24.512,40.667],[24.642,40.804],[24.786,40.735]]],[[[23.884,36.844],[23.887,36.839],[23.889,36.834],[23.884,36.832],[23.877,36.836],[23.877,36.844],[23.884,36.844]]],[[[23.46,36.921],[23.464,36.917],[23.467,36.906],[23.46,36.921]]],[[[27.566,36.245],[27.616,36.243],[27.619,36.238],[27.566,36.245]]],[[[27.186,36.616],[27.195,36.607],[27.206,36.587],[27.186,36.616]]],[[[26.872,37.134],[26.878,37.129],[26.887,37.117],[26.872,37.134]]],[[[26.599,37.355],[26.604,37.349],[26.606,37.34],[26.599,37.355]]],[[[24.739,37.614],[24.738,37.608],[24.741,37.596],[24.739,37.614]]],[[[20.945,38.652],[20.952,38.649],[20.953,38.639],[20.945,38.652]]],[[[20.801,38.665],[20.805,38.666],[20.805,38.662],[20.801,38.665]]],[[[24.081,39.352],[24.091,39.349],[24.095,39.346],[24.081,39.352]]]]}},{"type":"Feature","properties":{"iso3":"ZMB","name":"Zambia"},"geometry":{"type":"Polygon","coordinates":[[[33.674,-10.577],[33.233,-10.883],[33.391,-11.165],[33.23,-11.417],[33.253,-12.14],[33.349,-12.328],[33.527,-12.356],[33.025,-12.613],[32.998,-13.202],[32.663,-13.596],[33.0,-14.05],[33.14,-13.925],[33.203,-14.014],[30.214,-14.981],[30.41,-15.63],[29.587,-15.656],[28.932,-15.964],[28.761,-16.532],[27.817,-16.96],[27.115,-17.882],[26.7,-18.069],[26.212,-17.883],[25.924,-17.999],[25.681,-17.811],[25.336,-17.841],[25.037,-17.581],[24.684,-17.492],[23.382,-17.641],[22.152,-16.598],[21.982,-16.144],[21.98,-13.001],[24.001,-13.001],[23.866,-12.79],[24.031,-12.385],[24.001,-10.873],[24.124,-11.043],[24.371,-11.1],[24.294,-11.399],[24.491,-11.462],[25.31,-11.195],[25.345,-11.642],[25.981,-11.903],[26.717,-12.013],[26.948,-11.909],[27.024,-11.596],[27.18,-11.57],[27.234,-11.809],[27.638,-12.294],[27.857,-12.262],[28.423,-12.521],[28.543,-12.886],[28.708,-12.89],[28.994,-13.396],[29.184,-13.437],[29.574,-13.225],[29.669,-13.281],[29.617,-13.421],[29.782,-13.456],[29.799,-12.154],[29.474,-12.243],[29.5,-12.453],[29.035,-12.379],[28.751,-11.992],[28.508,-11.873],[28.356,-11.518],[28.7,-10.643],[28.57,-10.22],[28.698,-9.792],[28.352,-9.272],[28.893,-8.766],[28.915,-8.473],[30.752,-8.194],[31.034,-8.6],[31.353,-8.587],[31.673,-8.913],[31.937,-8.933],[31.938,-9.062],[32.423,-9.144],[32.921,-9.408],[32.987,-9.628],[33.195,-9.616],[33.359,-9.871],[33.304,-10.064],[33.533,-10.231],[33.674,-10.577]]]}},{"type":"Feature","properties":{"iso3":"SLE","name":"Sierra Leone"},"geometry":{"type":"MultiPolygon","coordinates":[[[[-10.282,8.485],[-10.321,8.183],[-10.612,8.032],[-10.615,7.769],[-11.317,7.214],[-11.476,6.919],[-12.507,7.39],[-12.184,7.603],[-12.464,7.562],[-12.544,7.654],[-12.452,7.774],[-12.602,7.684],[-12.938,7.886],[-12.821,7.917],[-12.876,8.103],[-12.972,8.254],[-13.164,8.171],[-13.287,8.5],[-13.034,8.377],[-13.116,8.473],[-12.87,8.569],[-12.876,8.685],[-13.062,8.583],[-13.158,8.671],[-13.162,8.518],[-13.24,8.826],[-12.986,8.857],[-13.301,9.035],[-13.116,9.044],[-12.764,9.348],[-12.472,9.881],[-11.247,9.993],[-10.675,9.306],[-10.746,9.084],[-10.594,9.054],[-10.482,8.672],[-10.735,8.287],[-10.282,8.485]]],[[[-12.493,7.568],[-12.55,7.39],[-12.952,7.568],[-12.493,7.568]]]]}},{"type":"Feature","properties":{"iso3":"GIN","name":"Guinea"},"geometry":{"type":"Polygon","coordinates":[[[-15.081,10.878],[-14.711,11.498],[-13.73,11.71],[-13.724,12.003],[-13.973,12.152],[-13.695,12.293],[-13.728,12.673],[-13.076,12.636],[-13.052,12.472],[-12.913,12.536],[-12.361,12.306],[-11.482,12.428],[-11.389,12.384],[-11.508,12.192],[-11.335,12.026],[-10.952,12.219],[-10.711,11.89],[-10.267,12.218],[-9.723,12.025],[-9.337,12.27],[-9.398,12.473],[-9.147,12.465],[-8.976,12.369],[-8.922,12.045],[-8.82,12.013],[-8.847,11.658],[-8.375,11.368],[-8.696,10.963],[-8.327,11.024],[-8.284,10.511],[-7.971,10.282],[-8.174,9.942],[-8.158,9.531],[-8.054,9.389],[-7.865,9.41],[-7.93,9.184],[-7.747,9.076],[-7.932,8.997],[-7.969,8.813],[-7.697,8.625],[-7.662,8.375],[-7.824,8.478],[-8.249,8.454],[-8.266,8.246],[-8.003,8.184],[-7.963,8.015],[-8.069,8.029],[-8.2,7.576],[-8.485,7.558],[-8.687,7.694],[-8.858,7.273],[-9.125,7.19],[-9.234,7.381],[-9.491,7.376],[-9.355,7.742],[-9.499,8.343],[-9.774,8.563],[-10.062,8.422],[-10.375,8.495],[-10.735,8.287],[-10.482,8.672],[-10.594,9.054],[-10.746,9.084],[-10.675,9.306],[-11.2,9.982],[-12.472,9.881],[-12.764,9.348],[-13.116,9.044],[-13.301,9.041],[-13.158,9.185],[-13.233,9.267],[-13.315,9.182],[-13.301,9.357],[-13.408,9.287],[-13.487,9.569],[-13.726,9.511],[-13.561,9.788],[-13.729,9.744],[-13.685,9.946],[-13.843,9.861],[-14.058,10.025],[-14.0,10.2],[-14.153,10.056],[-14.138,10.179],[-14.222,10.106],[-14.453,10.215],[-14.535,10.508],[-14.658,10.48],[-14.5,10.891],[-14.7,10.643],[-14.651,10.81],[-14.76,10.699],[-14.82,10.912],[-14.685,11.064],[-14.919,11.029],[-14.96,10.768],[-15.081,10.878]]]}},{"type":"Feature","properties":{"iso3":"LBR","name":"Liberia"},"geometry":{"type":"Polygon","coordinates":[[[-11.476,6.919],[-11.317,7.214],[-10.615,7.769],[-10.612,8.032],[-10.321,8.183],[-10.282,8.485],[-10.062,8.422],[-9.774,8.563],[-9.499,8.343],[-9.355,7.742],[-9.491,7.376],[-9.234,7.381],[-9.125,7.19],[-8.912,7.25],[-8.687,7.694],[-8.567,7.688],[-8.284,7.018],[-8.337,6.777],[-8.619,6.493],[-8.418,6.451],[-8.412,6.34],[-7.914,6.272],[-7.787,5.958],[-7.447,5.846],[-7.384,5.569],[-7.606,4.897],[-7.541,4.353],[-7.713,4.362],[-9.279,5.146],[-10.071,5.925],[-10.788,6.293],[-10.759,6.404],[-11.353,6.701],[-11.476,6.919]]]}},{"type":"Feature","properties":{"iso3":"CAF","name":"Central African Republic"},"geometry":{"type":"Polygon","coordinates":[[[27.441,5.071],[27.074,5.203],[26.867,5.038],[26.503,5.047],[26.198,5.238],[25.911,5.17],[25.544,5.375],[25.364,5.311],[25.308,5.032],[24.731,4.918],[24.396,5.122],[24.259,4.93],[23.415,4.591],[22.898,4.824],[22.51,4.191],[22.303,4.129],[21.211,4.292],[20.872,4.453],[20.58,4.415],[20.339,4.772],[19.825,5.097],[19.409,5.13],[19.083,4.909],[18.753,4.401],[18.542,4.328],[18.626,3.477],[18.472,3.632],[18.182,3.477],[17.459,3.708],[16.639,3.529],[16.197,2.236],[16.055,2.94],[15.171,3.759],[15.026,4.026],[15.19,4.063],[14.717,4.622],[14.659,5.165],[14.52,5.291],[14.617,5.865],[14.387,6.039],[14.772,6.318],[15.224,7.248],[15.481,7.523],[15.925,7.488],[16.549,7.87],[16.806,7.544],[17.64,7.985],[18.589,8.048],[19.124,8.675],[18.893,8.898],[19.101,9.015],[20.435,9.138],[21.719,10.297],[21.723,10.637],[22.512,11.001],[22.861,10.919],[23.645,9.863],[23.632,9.278],[23.436,9.019],[23.567,8.975],[23.505,8.711],[24.218,8.692],[24.153,8.318],[24.8,8.18],[25.217,7.864],[25.19,7.501],[26.378,6.653],[26.27,6.466],[26.509,6.205],[26.425,6.072],[27.124,5.769],[27.261,5.578],[27.264,5.26],[27.441,5.071]]]}},{"type":"Feature","properties":{"iso3":"SDN","name":"Sudan"},"geometry":{"type":"MultiPolygon","coordinates":[[[[21.809,12.794],[22.268,13.335],[22.075,13.78],[22.546,14.14],[22.364,14.544],[22.677,14.689],[22.659,14.857],[22.958,15.202],[22.907,15.541],[23.095,15.704],[23.984,15.721],[23.981,19.995],[24.981,20.002],[24.981,21.995],[31.248,21.994],[31.423,22.227],[31.435,21.995],[33.181,21.995],[33.561,21.709],[33.999,21.767],[34.084,21.995],[36.884,21.996],[36.888,21.65],[37.313,21.058],[37.105,21.208],[37.244,19.576],[37.434,18.862],[38.604,18.014],[38.233,17.526],[37.496,17.312],[37.403,17.03],[36.973,17.063],[36.877,16.514],[36.954,16.278],[36.425,15.133],[36.526,14.264],[36.124,12.721],[35.688,12.659],[35.073,11.819],[34.958,10.903],[34.839,10.729],[34.754,10.684],[34.575,10.884],[34.279,10.566],[34.326,10.224],[34.071,9.455],[33.881,9.499],[33.917,10.175],[33.14,10.739],[33.083,11.599],[33.209,12.21],[32.732,12.216],[32.747,12.003],[32.082,12.0],[32.348,11.703],[32.431,11.082],[31.164,9.764],[30.765,9.724],[30.013,10.27],[29.615,10.058],[29.483,9.762],[28.914,9.529],[28.844,9.325],[28.045,9.331],[27.895,9.595],[27.08,9.607],[26.626,9.481],[25.905,10.181],[25.828,10.42],[25.067,10.275],[24.796,9.819],[24.553,8.88],[24.17,8.689],[23.526,8.701],[23.567,8.975],[23.436,9.019],[23.632,9.278],[23.645,9.863],[22.863,10.892],[22.954,11.251],[22.915,11.396],[22.542,11.633],[22.612,12.073],[22.458,12.03],[22.446,12.611],[22.205,12.743],[21.936,12.64],[21.809,12.794]]],[[[37.265,20.855],[37.276,20.848],[37.279,20.846],[37.265,20.855]]]]}},{"type":"Feature","properties":{"iso3":"DJI","name":"Djibouti"},"geometry":{"type":"Polygon","coordinates":[[[41.749,11.538],[42.431,12.52],[42.678,12.36],[42.869,12.626],[43.118,12.708],[43.329,12.489],[43.419,12.091],[42.677,11.574],[42.515,11.574],[42.604,11.468],[43.152,11.612],[43.241,11.488],[42.873,10.978],[42.616,11.09],[41.774,10.98],[41.749,11.538]]]}},{"type":"Feature","properties":{"iso3":"ERI","name":"Eritrea"},"geometry":{"type":"MultiPolygon","coordinates":[[[[36.424,15.112],[36.954,16.278],[36.877,16.514],[36.973,17.063],[37.403,17.03],[37.496,17.312],[38.233,17.526],[38.602,18.005],[39.012,17.165],[39.294,15.929],[39.437,15.812],[39.458,15.525],[39.611,15.5],[39.716,15.094],[39.855,15.173],[39.773,15.391],[39.875,15.504],[40.08,15.341],[40.159,14.982],[40.287,14.913],[40.513,15.017],[40.766,14.695],[41.167,14.637],[41.677,13.94],[42.288,13.575],[42.379,13.223],[42.534,13.233],[42.781,12.852],[42.928,12.79],[43.001,12.9],[43.124,12.715],[42.869,12.626],[42.678,12.36],[42.379,12.466],[40.833,14.106],[40.105,14.466],[39.515,14.568],[39.208,14.44],[39.01,14.651],[38.866,14.494],[38.427,14.417],[37.891,14.88],[37.554,14.105],[37.294,14.457],[37.06,14.277],[36.526,14.264],[36.424,15.112]]],[[[40.414,15.598],[39.979,15.607],[39.937,15.702],[40.081,15.661],[39.924,15.757],[40.026,15.883],[40.164,15.644],[40.414,15.598]]],[[[40.095,16.047],[40.081,16.034],[40.077,16.019],[40.095,16.047]]]]}},{"type":"Feature","properties":{"iso3":"AUT","name":"Austria"},"geometry":{"type":"Polygon","coordinates":[[[17.148,48.005],[17.004,47.863],[17.075,47.708],[16.568,47.754],[16.408,47.661],[16.689,47.538],[16.434,47.397],[16.486,46.999],[15.982,46.828],[16.017,46.671],[15.062,46.65],[14.54,46.379],[12.405,46.69],[12.127,46.909],[12.181,47.085],[11.174,46.964],[10.997,46.769],[10.486,46.846],[10.373,46.996],[10.111,46.847],[9.581,47.057],[9.521,47.263],[9.65,47.41],[9.547,47.535],[9.782,47.588],[10.209,47.372],[10.16,47.271],[10.428,47.396],[10.429,47.577],[11.237,47.394],[11.62,47.59],[12.174,47.605],[12.242,47.732],[12.762,47.667],[13.002,47.466],[13.072,47.659],[12.892,47.724],[12.991,47.847],[12.745,48.121],[13.406,48.377],[13.455,48.573],[13.717,48.522],[13.816,48.766],[14.075,48.592],[14.676,48.576],[14.8,48.777],[14.94,48.763],[14.982,49.008],[16.085,48.743],[16.873,48.719],[16.954,48.557],[16.844,48.366],[17.148,48.005]]]}},{"type":"Feature","properties":{"iso3":"IRQ","name":"Iraq"},"geometry":{"type":"Polygon","coordinates":[[[48.559,29.947],[47.969,30.004],[47.935,30.107],[47.948,29.994],[47.674,30.098],[47.197,30.034],[46.532,29.096],[44.692,29.202],[42.075,31.08],[40.424,31.921],[39.146,32.118],[39.292,32.245],[39.236,32.353],[39.029,32.328],[38.775,33.372],[40.988,34.429],[41.204,34.793],[41.201,35.243],[41.364,35.655],[41.237,36.077],[41.385,36.516],[41.817,36.6],[42.772,37.375],[43.809,37.2],[44.088,37.311],[44.235,37.237],[44.18,37.088],[44.285,36.969],[44.734,37.167],[44.887,37.016],[44.831,36.792],[45.046,36.668],[44.991,36.534],[45.239,36.403],[45.32,35.994],[45.54,35.994],[45.749,35.811],[46.327,35.803],[46.004,35.674],[45.964,35.494],[46.151,35.112],[45.913,35.087],[45.667,34.807],[45.702,34.551],[45.501,34.592],[45.417,34.444],[45.545,34.139],[45.38,33.974],[45.735,33.583],[45.886,33.631],[45.853,33.494],[46.155,33.26],[46.03,33.106],[46.097,32.954],[46.479,32.892],[47.091,32.475],[47.411,32.395],[47.834,31.806],[47.673,30.995],[48.012,30.989],[48.014,30.464],[48.306,30.313],[48.559,29.947]]]}},{"type":"Feature","properties":{"iso3":"ITA","name":"Italy"},"geometry":{"type":"MultiPolygon","coordinates":[[[[18.517,40.114],[18.347,39.798],[18.072,39.912],[17.863,40.286],[17.2,40.42],[17.323,40.498],[16.912,40.445],[16.49,39.775],[17.159,39.406],[17.206,39.029],[17.104,38.899],[16.586,38.798],[16.57,38.43],[16.169,38.143],[16.09,37.949],[15.708,37.941],[15.633,38.22],[15.905,38.474],[15.837,38.649],[16.153,38.731],[16.22,38.899],[15.624,40.078],[15.261,40.029],[14.911,40.242],[14.998,40.398],[14.782,40.67],[14.343,40.571],[14.474,40.73],[14.294,40.839],[14.048,40.79],[13.722,41.252],[13.045,41.228],[11.827,42.034],[11.658,42.279],[11.107,42.391],[11.158,42.564],[10.731,42.804],[10.764,42.918],[10.5,42.94],[10.528,43.247],[10.091,44.025],[8.762,44.432],[8.068,43.897],[7.502,43.792],[7.656,44.176],[7.341,44.124],[6.973,44.249],[6.836,44.534],[7.055,44.685],[7.005,44.828],[6.745,44.908],[6.603,45.103],[7.055,45.214],[7.16,45.398],[6.801,45.826],[7.541,45.984],[7.844,45.919],[8.343,46.444],[8.442,46.435],[8.438,46.235],[8.809,46.09],[8.768,45.983],[9.002,45.821],[9.002,46.039],[9.225,46.231],[9.263,46.485],[9.435,46.498],[9.536,46.299],[9.918,46.371],[10.118,46.231],[10.033,46.533],[10.192,46.627],[10.444,46.538],[10.454,46.864],[10.997,46.769],[11.174,46.964],[12.181,47.085],[12.127,46.909],[12.405,46.69],[13.701,46.52],[13.365,46.29],[13.637,46.18],[13.462,46.006],[13.606,45.985],[13.566,45.83],[13.848,45.585],[13.574,45.79],[13.402,45.675],[13.119,45.772],[13.085,45.642],[12.424,45.438],[12.582,45.553],[12.397,45.539],[12.154,45.313],[12.369,45.011],[12.534,44.97],[12.416,44.803],[12.266,44.827],[12.369,44.251],[13.616,43.56],[14.075,42.599],[14.741,42.085],[15.165,41.928],[16.14,41.92],[16.193,41.791],[15.9,41.615],[15.934,41.479],[18.007,40.651],[18.517,40.114]],[[12.429,43.892],[12.46,43.895],[12.478,43.917],[12.429,43.892]],[[12.453,41.903],[12.454,41.903],[12.454,41.904],[12.453,41.904],[12.453,41.903],[12.453,41.903],[12.453,41.903]]],[[[12.0,36.836],[12.038,36.807],[12.052,36.79],[12.0,36.836]]],[[[12.273,37.94],[12.287,37.939],[12.297,37.941],[12.273,37.94]]],[[[15.652,38.275],[15.097,37.494],[15.332,37.012],[15.158,36.924],[15.094,36.655],[14.487,36.793],[14.279,37.044],[13.716,37.171],[13.174,37.487],[12.659,37.565],[12.427,37.797],[12.493,38.021],[12.732,38.193],[12.901,38.028],[13.318,38.221],[13.791,37.974],[15.652,38.275]]],[[[14.966,38.433],[14.966,38.419],[14.982,38.412],[14.966,38.433]]],[[[14.908,38.474],[14.899,38.482],[14.901,38.499],[14.908,38.474]]],[[[14.863,38.549],[14.862,38.539],[14.824,38.552],[14.863,38.549]]],[[[8.484,39.07],[8.41,38.962],[8.346,39.091],[8.484,39.07]]],[[[8.306,39.193],[8.306,39.161],[8.312,39.12],[8.306,39.193]]],[[[13.945,40.702],[13.935,40.706],[13.92,40.704],[13.945,40.702]]],[[[8.275,41.057],[8.251,41.044],[8.251,41.016],[8.275,41.057]]],[[[9.827,40.52],[9.626,40.263],[9.732,40.084],[9.566,39.149],[9.014,39.264],[9.026,38.995],[8.641,38.864],[8.372,39.231],[8.446,39.763],[8.566,39.701],[8.545,39.879],[8.395,39.913],[8.476,40.292],[8.134,40.729],[8.202,40.975],[8.521,40.827],[9.231,41.263],[9.663,41.003],[9.504,40.927],[9.724,40.845],[9.827,40.52]]],[[[10.896,42.387],[10.913,42.375],[10.927,42.353],[10.896,42.387]]],[[[10.443,42.845],[10.416,42.709],[10.101,42.784],[10.443,42.845]]],[[[9.84,43.065],[9.842,43.063],[9.844,43.061],[9.84,43.065]]],[[[12.352,45.405],[12.372,45.425],[12.389,45.434],[12.352,45.405]]],[[[12.86,35.872],[12.867,35.872],[12.874,35.866],[12.86,35.872]]],[[[14.346,38.535],[14.343,38.547],[14.357,38.551],[14.361,38.539],[14.346,38.535]]],[[[14.576,38.577],[14.58,38.566],[14.585,38.561],[14.576,38.577]]],[[[13.169,38.717],[13.186,38.718],[13.196,38.711],[13.169,38.717]]],[[[15.228,38.81],[15.235,38.808],[15.239,38.804],[15.228,38.81]]],[[[13.419,40.796],[13.424,40.8],[13.432,40.801],[13.427,40.791],[13.415,40.786],[13.419,40.796]]],[[[12.622,35.51],[12.621,35.508],[12.624,35.502],[12.622,35.51]]],[[[12.072,37.968],[12.078,37.96],[12.079,37.95],[12.072,37.968]]],[[[9.475,41.236],[9.478,41.228],[9.48,41.224],[9.475,41.236]]],[[[9.431,41.225],[9.434,41.221],[9.435,41.217],[9.431,41.225]]],[[[10.297,42.345],[10.306,42.352],[10.316,42.341],[10.313,42.324],[10.294,42.328],[10.297,42.345]]],[[[10.092,42.596],[10.096,42.591],[10.098,42.588],[10.092,42.596]]],[[[12.33,45.459],[12.347,45.459],[12.364,45.45],[12.33,45.459]]]]}},{"type":"Feature","properties":{"iso3":"CHE","name":"Switzerland"},"geometry":{"type":"Polygon","coordinates":[[[10.467,46.604],[10.088,46.604],[10.026,46.446],[10.159,46.262],[10.076,46.22],[9.918,46.371],[9.536,46.299],[9.435,46.498],[9.282,46.497],[9.225,46.231],[9.002,46.039],[9.002,45.821],[8.768,45.983],[8.809,46.09],[8.438,46.235],[8.428,46.449],[8.087,46.272],[8.111,46.127],[7.831,45.914],[7.067,45.89],[6.774,46.135],[6.787,46.414],[6.614,46.456],[6.269,46.375],[6.14,46.15],[5.955,46.2],[6.094,46.253],[6.118,46.583],[6.429,46.761],[6.443,46.944],[7.037,47.33],[6.867,47.354],[6.973,47.489],[7.238,47.417],[7.637,47.595],[8.561,47.589],[8.607,47.656],[8.391,47.665],[8.558,47.801],[9.547,47.535],[9.65,47.41],[9.477,47.064],[10.111,46.847],[10.384,46.993],[10.464,46.92],[10.369,46.672],[10.467,46.604]]]}},{"type":"Feature","properties":{"iso3":"IRN","name":"Iran"},"geometry":{"type":"MultiPolygon","coordinates":[[[[63.32,27.117],[63.141,26.625],[62.418,26.562],[62.265,26.361],[61.833,26.225],[61.62,25.285],[61.412,25.059],[60.633,25.275],[60.55,25.447],[60.395,25.378],[60.467,25.29],[59.454,25.462],[59.044,25.4],[58.814,25.564],[58.17,25.544],[57.963,25.693],[57.772,25.636],[57.756,25.743],[57.326,25.777],[56.973,27.003],[56.809,27.14],[56.124,27.161],[55.666,26.995],[55.484,26.768],[55.271,26.793],[54.802,26.498],[54.62,26.508],[54.308,26.715],[53.716,26.709],[53.444,26.976],[52.601,27.353],[52.67,27.449],[52.46,27.633],[51.4,27.932],[51.059,28.736],[50.805,28.934],[50.93,29.055],[50.644,29.143],[50.655,29.449],[50.145,29.938],[50.073,30.196],[49.532,30.023],[49.48,30.156],[49.245,30.156],[48.921,30.381],[49.203,30.347],[49.211,30.506],[48.981,30.516],[49.037,30.433],[48.862,30.346],[48.915,30.042],[48.464,29.989],[48.397,30.221],[48.014,30.464],[48.012,30.989],[47.673,30.995],[47.834,31.806],[47.411,32.395],[47.091,32.475],[46.479,32.892],[46.097,32.954],[46.03,33.106],[46.155,33.26],[45.853,33.494],[45.886,33.631],[45.735,33.583],[45.38,33.974],[45.545,34.139],[45.417,34.444],[45.501,34.592],[45.702,34.551],[45.667,34.807],[45.913,35.087],[46.151,35.112],[45.964,35.494],[46.004,35.674],[46.327,35.803],[45.749,35.811],[45.54,35.994],[45.32,35.994],[45.239,36.403],[45.072,36.423],[45.035,36.69],[44.823,36.809],[44.887,37.016],[44.753,37.103],[44.802,37.293],[44.572,37.431],[44.596,37.716],[44.202,37.897],[44.459,38.338],[44.29,38.382],[44.275,38.844],[44.015,39.374],[44.388,39.414],[44.59,39.772],[45.46,38.993],[46.532,38.883],[47.102,39.308],[47.971,39.705],[48.339,39.379],[48.106,39.269],[48.294,39.005],[47.993,38.85],[48.608,38.396],[48.874,38.434],[48.945,37.903],[49.132,37.623],[50.196,37.389],[50.322,37.153],[51.005,36.768],[51.909,36.583],[54.007,36.953],[53.609,36.877],[54.014,36.821],[53.914,37.343],[54.654,37.439],[55.13,37.952],[55.709,38.119],[56.3,38.08],[56.436,38.255],[57.038,38.187],[57.175,38.278],[57.352,37.968],[58.157,37.788],[58.358,37.633],[58.801,37.695],[59.312,37.53],[59.462,37.208],[60.019,37.026],[60.342,36.637],[61.166,36.636],[61.225,36.124],[61.13,35.971],[61.29,35.548],[61.108,35.278],[61.065,34.815],[60.7,34.516],[60.89,34.319],[60.644,34.307],[60.493,34.139],[60.512,33.638],[60.921,33.514],[60.563,33.058],[60.83,32.249],[60.822,31.495],[61.687,31.373],[61.826,31.015],[61.802,30.847],[60.844,29.858],[61.337,29.374],[61.567,28.871],[61.893,28.543],[62.762,28.246],[62.742,27.267],[63.177,27.258],[63.32,27.117]]],[[[54.526,26.31],[54.533,26.307],[54.539,26.303],[54.526,26.31]]],[[[54.037,26.488],[53.963,26.492],[53.955,26.493],[54.037,26.488]]],[[[53.317,26.8],[53.299,26.791],[53.28,26.791],[53.317,26.8]]],[[[56.322,26.834],[56.327,26.861],[56.341,26.879],[56.322,26.834]]],[[[56.287,26.955],[55.947,26.696],[55.298,26.544],[55.274,26.65],[55.774,26.797],[55.758,26.954],[56.287,26.955]]],[[[56.473,27.106],[56.484,27.1],[56.495,27.096],[56.473,27.106]]],[[[50.306,29.271],[50.324,29.264],[50.335,29.259],[50.306,29.271]]],[[[54.547,25.927],[54.552,25.918],[54.553,25.9],[54.547,25.927]]],[[[55.894,26.679],[55.902,26.669],[55.904,26.645],[55.894,26.679]]],[[[53.639,26.689],[53.651,26.684],[53.659,26.669],[53.639,26.689]]],[[[55.049,25.886],[55.05,25.876],[55.054,25.865],[55.049,25.886]]]]}},{"type":"Feature","properties":{"iso3":"NLD","name":"Netherlands"},"geometry":{"type":"MultiPolygon","coordinates":[[[[7.199,53.201],[7.037,52.647],[6.672,52.542],[7.048,52.365],[7.026,52.231],[6.673,52.05],[6.811,51.961],[5.931,51.816],[6.205,51.458],[6.057,51.212],[6.147,51.152],[5.852,51.043],[6.064,50.908],[5.995,50.75],[5.624,50.83],[5.829,51.156],[5.215,51.259],[5.028,51.477],[4.91,51.392],[4.483,51.474],[4.346,51.352],[3.447,51.546],[3.851,51.611],[4.283,51.448],[3.988,51.59],[4.207,51.59],[4.177,51.686],[3.862,51.816],[4.078,51.844],[4.016,51.988],[4.508,52.336],[4.745,52.968],[5.078,52.954],[5.592,53.303],[5.981,53.406],[6.829,53.451],[7.199,53.201]]],[[[3.349,51.375],[4.221,51.368],[3.809,51.205],[3.392,51.247],[3.349,51.375]]],[[[-68.19,12.205],[-68.254,12.024],[-68.417,12.257],[-68.19,12.205]]],[[[-62.997,17.526],[-62.984,17.518],[-62.977,17.504],[-62.997,17.526]]],[[[4.037,51.686],[4.078,51.679],[4.097,51.67],[4.037,51.686]]],[[[4.913,53.105],[4.708,53.028],[4.854,53.188],[4.913,53.105]]],[[[4.879,53.221],[4.921,53.254],[4.987,53.29],[4.879,53.221]]],[[[5.424,53.43],[5.437,53.436],[5.585,53.454],[5.424,53.43]]],[[[5.674,53.468],[5.914,53.474],[5.955,53.461],[5.674,53.468]]],[[[6.212,53.509],[6.311,53.514],[6.339,53.509],[6.212,53.509]]],[[[6.441,53.557],[6.455,53.558],[6.51,53.544],[6.441,53.557]]],[[[-63.238,17.647],[-63.23,17.642],[-63.224,17.629],[-63.229,17.618],[-63.238,17.615],[-63.251,17.624],[-63.249,17.64],[-63.238,17.647]]]]}},{"type":"Feature","properties":{"iso3":"LIE","name":"Liechtenstein"},"geometry":{"type":"Polygon","coordinates":[[[9.616,47.107],[9.476,47.073],[9.521,47.263],[9.616,47.107]]]}},{"type":"Feature","properties":{"iso3":"CIV","name":"Ivory Coast"},"geometry":{"type":"MultiPolygon","coordinates":[[[[-2.506,8.209],[-2.791,7.943],[-3.261,6.634],[-3.03,5.704],[-2.786,5.595],[-2.781,5.151],[-3.139,5.142],[-3.146,5.369],[-3.262,5.341],[-3.312,5.12],[-4.002,5.267],[-3.729,5.267],[-3.805,5.376],[-3.744,5.274],[-3.906,5.348],[-4.687,5.232],[-4.673,5.314],[-4.809,5.18],[-3.996,5.232],[-4.893,5.129],[-5.322,5.23],[-5.399,5.142],[-5.002,5.129],[-5.851,5.03],[-7.541,4.353],[-7.606,4.897],[-7.39,5.317],[-7.447,5.846],[-7.787,5.958],[-7.914,6.272],[-8.412,6.34],[-8.418,6.451],[-8.619,6.493],[-8.287,6.994],[-8.485,7.558],[-8.229,7.544],[-8.069,8.029],[-7.963,8.015],[-8.003,8.184],[-8.266,8.246],[-8.254,8.447],[-7.971,8.497],[-7.662,8.375],[-7.697,8.625],[-7.959,8.782],[-7.932,8.997],[-7.747,9.076],[-7.93,9.184],[-7.871,9.419],[-8.145,9.497],[-8.175,9.933],[-7.664,10.437],[-7.49,10.456],[-7.363,10.252],[-7.016,10.141],[-6.961,10.345],[-6.669,10.361],[-6.669,10.654],[-6.446,10.552],[-6.427,10.686],[-6.256,10.726],[-6.181,10.216],[-6.016,10.19],[-5.878,10.376],[-5.594,10.454],[-5.403,10.301],[-5.136,10.304],[-4.966,9.901],[-4.371,9.583],[-4.15,9.818],[-3.755,9.936],[-3.215,9.916],[-2.81,9.411],[-2.676,9.472],[-2.775,9.055],[-2.619,8.924],[-2.506,8.209]]],[[[-3.115,5.108],[-3.12,5.091],[-3.12,5.091],[-3.115,5.108]]]]}},{"type":"Feature","properties":{"iso3":"SRB","name":"Republic of Serbia"},"geometry":{"type":"Polygon","coordinates":[[[22.985,43.175],[22.727,42.887],[22.427,42.814],[22.537,42.478],[22.424,42.326],[21.677,42.235],[21.516,42.342],[21.764,42.67],[21.379,42.744],[21.408,42.847],[20.819,43.257],[20.604,43.198],[20.644,43.052],[20.345,42.827],[19.929,43.114],[19.598,43.176],[19.176,43.481],[19.507,43.647],[19.244,44.002],[19.619,44.036],[19.109,44.364],[19.373,44.881],[18.991,44.915],[19.132,44.953],[19.122,45.196],[19.408,45.203],[18.977,45.371],[19.106,45.512],[18.904,45.573],[18.968,45.669],[18.845,45.816],[19.55,46.164],[20.188,46.14],[20.777,45.762],[20.767,45.479],[21.493,45.145],[21.351,44.998],[21.536,44.889],[21.396,44.79],[21.994,44.659],[22.127,44.503],[22.426,44.734],[22.715,44.623],[22.48,44.49],[22.692,44.228],[22.349,43.808],[22.519,43.474],[22.985,43.175]]]}},{"type":"Feature","properties":{"iso3":"MLI","name":"Mali"},"geometry":{"type":"Polygon","coordinates":[[[-12.264,14.775],[-12.07,14.734],[-11.82,14.9],[-11.727,15.541],[-11.524,15.643],[-10.915,15.103],[-10.725,15.433],[-9.424,15.441],[-9.356,15.698],[-9.349,15.496],[-5.511,15.494],[-5.353,16.312],[-5.623,16.528],[-6.593,24.994],[-4.822,24.995],[1.147,21.102],[1.155,20.739],[1.56,20.598],[1.778,20.304],[2.201,20.274],[2.4,20.057],[3.199,19.821],[3.261,19.388],[3.104,19.136],[3.285,18.996],[4.229,19.142],[4.236,16.996],[4.176,16.393],[3.871,15.715],[3.527,15.496],[3.507,15.354],[3.034,15.426],[3.0,15.339],[1.332,15.284],[0.974,14.991],[0.67,14.94],[-0.72,15.078],[-1.697,14.496],[-1.997,14.471],[-2.036,14.181],[-2.597,14.222],[-2.867,14.001],[-2.895,13.652],[-3.287,13.698],[-3.249,13.293],[-3.449,13.266],[-3.449,13.169],[-3.972,13.387],[-3.981,13.499],[-4.351,13.118],[-4.212,12.819],[-4.485,12.715],[-4.406,12.307],[-4.761,12.007],[-5.412,11.829],[-5.287,11.759],[-5.218,11.422],[-5.333,11.122],[-5.504,11.073],[-5.482,10.535],[-5.523,10.425],[-5.878,10.376],[-6.016,10.19],[-6.24,10.252],[-6.256,10.726],[-6.427,10.686],[-6.446,10.552],[-6.669,10.654],[-6.669,10.361],[-6.961,10.345],[-7.016,10.141],[-7.363,10.252],[-7.501,10.459],[-7.99,10.162],[-7.996,10.328],[-8.296,10.537],[-8.327,11.024],[-8.696,10.963],[-8.375,11.368],[-8.847,11.658],[-8.82,12.013],[-8.922,12.045],[-8.976,12.369],[-9.147,12.465],[-9.398,12.473],[-9.337,12.27],[-9.723,12.025],[-10.267,12.218],[-10.711,11.89],[-10.952,12.219],[-11.335,12.026],[-11.508,12.192],[-11.389,12.384],[-11.389,12.971],[-11.613,13.361],[-11.828,13.307],[-12.098,13.704],[-11.963,13.829],[-11.998,14.166],[-12.222,14.391],[-12.165,14.642],[-12.264,14.775]]]}},{"type":"Feature","properties":{"iso3":"SEN","name":"Senegal"},"geometry":{"type":"Polygon","coordinates":[[[-11.378,12.48],[-12.361,12.306],[-12.913,12.536],[-13.052,12.472],[-13.092,12.638],[-15.195,12.679],[-15.677,12.439],[-16.728,12.333],[-16.801,12.494],[-16.58,12.633],[-15.645,12.537],[-15.392,12.838],[-15.549,12.794],[-15.641,12.559],[-16.022,12.729],[-16.371,12.565],[-16.501,12.708],[-16.635,12.669],[-16.597,12.797],[-16.755,12.572],[-16.708,13.157],[-15.833,13.157],[-15.819,13.334],[-15.277,13.38],[-15.138,13.59],[-14.369,13.236],[-13.901,13.315],[-13.819,13.429],[-13.988,13.579],[-14.366,13.455],[-14.543,13.641],[-14.741,13.615],[-15.076,13.819],[-15.394,13.772],[-15.518,13.583],[-16.561,13.587],[-16.509,13.74],[-16.599,13.654],[-16.63,13.76],[-16.487,13.805],[-16.487,14.003],[-16.7,13.769],[-16.747,13.951],[-16.365,14.168],[-16.728,14.065],[-16.775,13.839],[-16.957,14.39],[-17.224,14.69],[-17.44,14.654],[-17.536,14.757],[-17.173,14.901],[-16.878,15.233],[-16.534,15.784],[-16.295,16.511],[-14.407,16.661],[-13.836,16.121],[-13.485,16.155],[-13.238,15.623],[-12.964,15.509],[-12.888,15.251],[-12.18,14.693],[-12.222,14.391],[-12.034,14.25],[-11.957,13.89],[-12.098,13.704],[-11.828,13.307],[-11.613,13.361],[-11.389,12.971],[-11.468,12.544],[-11.378,12.48]]]}},{"type":"Feature","properties":{"iso3":"NGA","name":"Nigeria"},"geometry":{"type":"MultiPolygon","coordinates":[[[[14.67,12.167],[14.542,11.71],[14.606,11.515],[14.165,11.238],[13.982,11.276],[13.755,11.017],[13.435,10.153],[13.23,10.045],[13.195,9.542],[12.855,9.378],[12.773,8.759],[12.369,8.61],[12.404,8.497],[12.227,8.386],[12.192,7.961],[11.737,7.263],[11.872,7.079],[11.562,6.876],[11.51,6.612],[11.344,6.443],[11.114,6.434],[11.037,6.741],[10.579,7.131],[10.496,6.875],[10.211,6.879],[10.143,7.008],[9.789,6.795],[9.693,6.531],[8.845,5.831],[8.799,5.16],[8.53,4.709],[8.175,4.991],[8.354,4.649],[8.289,4.549],[7.558,4.525],[7.545,4.711],[7.502,4.573],[7.281,4.601],[7.281,4.505],[7.072,4.758],[7.178,4.501],[7.044,4.437],[6.963,4.731],[7.022,4.388],[6.88,4.388],[6.716,4.834],[6.871,4.361],[6.716,4.355],[6.736,4.608],[6.688,4.337],[6.581,4.508],[6.57,4.335],[6.271,4.293],[6.333,4.437],[6.243,4.498],[6.217,4.291],[6.097,4.278],[6.055,4.42],[6.062,4.295],[5.989,4.416],[5.946,4.335],[5.567,4.675],[5.386,5.126],[5.496,5.142],[5.366,5.163],[5.346,5.357],[5.578,5.382],[5.64,5.54],[5.376,5.399],[5.191,5.554],[5.502,5.617],[5.326,5.605],[5.331,5.725],[5.18,5.583],[5.089,5.709],[5.29,5.91],[5.045,5.767],[4.406,6.359],[3.385,6.445],[3.844,6.611],[3.481,6.602],[3.385,6.398],[2.704,6.368],[2.792,7.478],[2.671,7.898],[2.769,9.057],[3.076,9.095],[3.133,9.457],[3.326,9.802],[3.589,9.949],[3.668,10.147],[3.572,10.286],[3.837,10.6],[3.722,11.112],[3.468,11.419],[3.667,11.76],[3.642,12.518],[4.089,12.996],[4.126,13.473],[4.507,13.695],[5.228,13.741],[5.522,13.88],[6.369,13.626],[6.937,12.995],[7.824,13.345],[8.105,13.3],[8.679,12.924],[9.59,12.801],[10.12,13.25],[10.675,13.375],[11.44,13.364],[12.473,13.064],[12.842,13.489],[13.228,13.548],[13.33,13.709],[13.607,13.704],[14.065,13.078],[14.189,12.37],[14.487,12.338],[14.67,12.167]]],[[[7.541,4.484],[7.574,4.488],[7.584,4.485],[7.541,4.484]]],[[[7.333,4.492],[7.138,4.397],[7.23,4.533],[7.333,4.492]]]]}},{"type":"Feature","properties":{"iso3":"BEN","name":"Benin"},"geometry":{"type":"Polygon","coordinates":[[[3.837,10.6],[3.572,10.286],[3.668,10.147],[3.589,9.949],[3.326,9.802],[3.133,9.457],[3.076,9.095],[2.769,9.057],[2.704,6.368],[1.62,6.214],[1.782,6.277],[1.532,6.992],[1.626,6.997],[1.596,9.077],[1.326,9.522],[1.331,9.996],[0.76,10.405],[0.901,10.993],[1.114,11.028],[1.156,11.286],[1.33,11.289],[1.44,11.474],[2.011,11.427],[2.457,11.979],[2.37,12.236],[2.844,12.399],[3.596,11.696],[3.468,11.419],[3.722,11.112],[3.837,10.6]]]}},{"type":"Feature","properties":{"iso3":"AGO","name":"Angola"},"geometry":{"type":"MultiPolygon","coordinates":[[[[13.074,-4.635],[12.444,-5.055],[12.509,-5.726],[12.21,-5.763],[12.229,-5.467],[12.023,-5.046],[12.137,-5.015],[12.01,-5.02],[12.762,-4.391],[13.074,-4.635]]],[[[24.062,-11.407],[23.955,-11.637],[24.031,-12.385],[23.866,-12.79],[24.001,-13.001],[21.98,-13.001],[21.984,-16.166],[22.152,-16.598],[23.382,-17.641],[20.806,-18.031],[20.336,-17.855],[18.89,-17.799],[18.454,-17.39],[13.981,-17.424],[13.48,-17.01],[13.166,-16.951],[12.567,-17.235],[12.088,-17.139],[11.808,-17.266],[11.736,-15.857],[11.992,-15.617],[12.145,-15.169],[12.522,-13.411],[12.945,-12.982],[12.939,-12.817],[13.393,-12.57],[13.64,-12.249],[13.847,-11.114],[13.772,-10.678],[13.528,-10.407],[12.996,-9.094],[13.086,-8.892],[13.013,-9.084],[13.224,-8.774],[13.38,-8.755],[13.379,-8.347],[12.85,-7.266],[12.834,-6.912],[12.551,-6.633],[12.334,-6.078],[13.185,-5.856],[16.515,-5.887],[16.727,-6.189],[16.946,-7.205],[17.6,-8.099],[18.098,-8.109],[18.517,-7.932],[19.356,-8.002],[19.522,-7.002],[20.611,-6.916],[20.521,-7.286],[21.785,-7.283],[21.861,-7.47],[21.754,-7.997],[21.944,-8.456],[21.792,-9.406],[22.313,-10.369],[22.319,-10.761],[22.165,-10.852],[22.238,-11.25],[22.501,-11.042],[23.834,-11.028],[23.967,-10.872],[24.062,-11.407]]],[[[11.726,-16.618],[11.727,-16.657],[11.738,-16.693],[11.726,-16.618]]]]}},{"type":"Feature","properties":{"iso3":"HRV","name":"Croatia"},"geometry":{"type":"MultiPolygon","coordinates":[[[[19.408,45.203],[19.122,45.196],[19.132,44.953],[18.89,44.861],[18.684,45.085],[18.238,45.157],[17.836,45.064],[16.924,45.285],[16.812,45.181],[16.529,45.222],[16.316,45.001],[16.02,45.214],[15.792,45.19],[15.728,44.769],[16.028,44.625],[16.327,44.082],[17.271,43.463],[17.29,43.303],[17.628,43.047],[17.581,42.942],[16.881,43.406],[16.434,43.55],[15.959,43.504],[15.95,43.689],[15.145,44.195],[15.261,44.333],[15.529,44.272],[15.007,44.57],[14.853,45.094],[14.534,45.313],[14.312,45.344],[14.151,44.977],[14.04,45.039],[13.903,44.772],[13.623,45.073],[13.726,45.135],[13.601,45.137],[13.501,45.499],[14.373,45.478],[14.581,45.668],[14.797,45.465],[15.325,45.453],[15.269,45.602],[15.374,45.64],[15.255,45.723],[15.676,45.842],[15.623,46.192],[16.276,46.373],[16.235,46.493],[16.358,46.547],[17.858,45.772],[18.404,45.742],[18.901,45.931],[18.904,45.573],[19.106,45.512],[18.977,45.371],[19.408,45.203]]],[[[18.498,42.431],[17.893,42.791],[17.002,43.051],[17.741,42.839],[17.653,42.891],[17.812,42.91],[18.498,42.431]]],[[[16.858,42.784],[16.921,42.777],[16.934,42.771],[16.858,42.784]]],[[[17.659,42.743],[17.679,42.73],[17.73,42.713],[17.659,42.743]]],[[[17.132,42.97],[17.149,42.953],[17.164,42.941],[17.132,42.97]]],[[[16.241,43.072],[16.245,43.076],[16.25,43.079],[16.241,43.072]]],[[[16.693,43.127],[16.67,43.125],[16.56,43.143],[16.693,43.127]]],[[[16.501,43.284],[16.422,43.318],[16.406,43.333],[16.501,43.284]]],[[[16.391,43.346],[16.376,43.333],[16.349,43.339],[16.391,43.346]]],[[[15.679,43.648],[15.74,43.628],[15.681,43.64],[15.679,43.648]]],[[[15.261,43.867],[15.266,43.857],[15.342,43.812],[15.261,43.867]]],[[[15.303,43.966],[15.297,43.978],[15.27,44.0],[15.303,43.966]]],[[[15.254,44.018],[15.242,44.028],[15.232,44.041],[15.254,44.018]]],[[[14.843,44.148],[14.85,44.152],[14.857,44.152],[14.843,44.148]]],[[[15.145,43.95],[15.217,43.913],[15.22,43.901],[15.145,43.95]]],[[[14.734,44.703],[15.254,44.34],[15.129,44.312],[14.734,44.703]]],[[[14.446,44.566],[14.527,44.504],[14.534,44.484],[14.446,44.566]]],[[[14.658,44.799],[14.739,44.853],[14.859,44.717],[14.658,44.799]]],[[[14.534,44.634],[14.395,44.708],[14.292,44.94],[14.411,44.956],[14.278,45.128],[14.356,45.169],[14.473,44.971],[14.534,44.634]]],[[[14.425,45.087],[14.563,45.25],[14.815,44.977],[14.425,45.087]]],[[[16.31,43.508],[16.334,43.502],[16.375,43.49],[16.31,43.508]]],[[[14.76,44.292],[14.773,44.285],[14.792,44.273],[14.76,44.292]]],[[[14.613,44.341],[14.644,44.326],[14.661,44.309],[14.657,44.305],[14.641,44.312],[14.599,44.339],[14.595,44.347],[14.613,44.341]]],[[[14.798,44.378],[14.806,44.368],[14.811,44.35],[14.798,44.378]]],[[[14.244,44.661],[14.266,44.68],[14.28,44.678],[14.244,44.661]]]]}},{"type":"Feature","properties":{"iso3":"SVN","name":"Slovenia"},"geometry":{"type":"Polygon","coordinates":[[[13.365,46.29],[13.701,46.52],[14.54,46.379],[15.062,46.65],[16.017,46.671],[15.972,46.821],[16.094,46.863],[16.325,46.839],[16.515,46.502],[16.344,46.547],[16.235,46.493],[16.276,46.373],[15.64,46.208],[15.676,45.842],[15.255,45.723],[15.361,45.482],[15.184,45.426],[14.797,45.465],[14.581,45.668],[14.373,45.478],[13.624,45.463],[13.569,45.539],[13.895,45.632],[13.462,46.006],[13.637,46.18],[13.365,46.29]]]}},{"type":"Feature","properties":{"iso3":"QAT","name":"Qatar"},"geometry":{"type":"Polygon","coordinates":[[[50.751,25.42],[50.778,25.527],[50.847,25.467],[50.796,25.617],[50.889,25.529],[50.978,25.646],[50.888,25.681],[50.984,25.981],[51.251,26.16],[51.577,25.881],[51.472,25.521],[51.617,25.137],[51.341,24.57],[51.278,24.663],[50.979,24.568],[50.808,24.747],[50.751,25.42]]]}},{"type":"Feature","properties":{"iso3":"SAU","name":"Saudi Arabia"},"geometry":{"type":"MultiPolygon","coordinates":[[[[55.638,21.979],[54.978,19.995],[51.979,18.996],[49.036,18.58],[48.162,18.149],[47.428,17.092],[47.161,16.947],[46.97,16.957],[46.71,17.275],[45.43,17.312],[45.165,17.428],[43.915,17.302],[43.413,17.52],[43.165,17.326],[43.252,17.272],[43.118,17.086],[43.18,16.665],[42.789,16.371],[42.712,16.731],[42.357,17.182],[42.363,17.025],[42.302,17.454],[41.493,18.224],[41.21,18.698],[41.177,19.067],[40.745,19.777],[40.084,20.279],[39.76,20.351],[39.174,21.109],[39.109,21.748],[38.931,22.006],[39.143,22.403],[39.07,22.366],[39.013,22.767],[38.453,23.784],[37.948,24.207],[37.429,24.367],[37.149,24.851],[37.257,24.871],[37.242,25.175],[36.936,25.646],[36.702,25.78],[36.696,26.022],[36.513,26.111],[35.216,28.054],[34.573,28.113],[34.804,28.527],[34.949,29.352],[36.069,29.2],[36.729,29.854],[37.47,29.995],[37.648,30.331],[37.981,30.499],[36.96,31.491],[39.158,32.121],[40.37,31.938],[42.075,31.08],[44.692,29.202],[47.433,28.995],[47.668,28.534],[48.495,28.5],[48.652,28.046],[48.883,27.827],[48.832,27.612],[49.24,27.545],[49.313,27.449],[49.12,27.441],[49.264,27.414],[49.375,27.149],[49.572,27.194],[49.699,26.958],[50.158,26.665],[49.988,26.724],[50.217,26.324],[50.141,26.036],[50.032,26.201],[49.99,26.002],[50.472,25.437],[50.761,24.736],[50.979,24.568],[51.498,24.584],[51.279,24.308],[51.569,24.256],[51.594,24.078],[52.538,22.955],[55.105,22.621],[55.187,22.704],[55.638,21.979]]],[[[42.188,16.605],[41.756,16.878],[42.023,16.716],[42.104,16.792],[42.188,16.605]]],[[[41.835,16.892],[41.921,16.992],[42.002,16.773],[41.835,16.892]]],[[[49.565,27.352],[49.585,27.344],[49.638,27.331],[49.565,27.352]]],[[[37.027,25.42],[37.037,25.412],[37.042,25.407],[37.027,25.42]]],[[[36.942,25.418],[36.958,25.419],[36.961,25.414],[36.942,25.418]]],[[[36.849,25.533],[36.84,25.536],[36.827,25.547],[36.849,25.533]]],[[[36.79,25.498],[36.781,25.504],[36.776,25.506],[36.79,25.498]]],[[[36.901,25.549],[36.899,25.578],[36.898,25.584],[36.901,25.549]]],[[[36.683,25.572],[36.682,25.566],[36.676,25.555],[36.683,25.572]]],[[[36.54,25.76],[36.591,25.861],[36.611,25.709],[36.54,25.76]]]]}},{"type":"Feature","properties":{"iso3":"BWA","name":"Botswana"},"geometry":{"type":"Polygon","coordinates":[[[29.35,-22.187],[29.039,-22.224],[28.817,-22.493],[28.302,-22.604],[27.754,-23.221],[27.127,-23.525],[26.839,-24.266],[26.404,-24.633],[25.868,-24.748],[25.587,-25.62],[25.458,-25.711],[24.665,-25.823],[23.925,-25.629],[23.459,-25.282],[23.031,-25.299],[22.845,-25.481],[22.71,-25.997],[22.058,-26.618],[21.781,-26.678],[21.665,-26.863],[20.908,-26.8],[20.691,-26.892],[20.605,-26.493],[20.841,-26.131],[20.657,-25.468],[20.365,-25.033],[19.981,-24.752],[19.978,-22.001],[20.985,-21.964],[20.975,-18.319],[23.293,-17.999],[23.61,-18.478],[24.218,-18.013],[24.575,-18.05],[24.821,-17.839],[25.194,-17.782],[25.941,-18.921],[26.155,-19.537],[26.714,-19.927],[27.202,-20.093],[27.268,-20.496],[27.698,-20.509],[27.667,-21.071],[27.99,-21.552],[29.039,-21.798],[29.041,-22.021],[29.35,-22.187]]]}},{"type":"Feature","properties":{"iso3":"ZWE","name":"Zimbabwe"},"geometry":{"type":"Polygon","coordinates":[[[33.043,-18.352],[32.871,-18.536],[32.903,-18.775],[32.691,-18.834],[32.681,-18.955],[32.856,-19.084],[32.763,-19.464],[32.82,-19.674],[33.033,-19.784],[33.007,-20.032],[32.672,-20.532],[32.482,-20.603],[32.491,-20.936],[32.34,-21.134],[32.447,-21.314],[31.289,-22.397],[30.838,-22.282],[30.335,-22.345],[29.759,-22.131],[29.357,-22.191],[29.041,-22.021],[29.039,-21.798],[28.003,-21.564],[27.667,-21.071],[27.698,-20.509],[27.268,-20.496],[27.202,-20.093],[26.714,-19.927],[26.155,-19.537],[25.941,-18.921],[25.219,-17.908],[25.26,-17.794],[25.681,-17.811],[25.924,-17.999],[26.212,-17.883],[26.7,-18.069],[27.021,-17.959],[27.817,-16.96],[28.809,-16.486],[28.932,-15.964],[29.587,-15.656],[30.396,-15.636],[30.403,-16.001],[31.26,-16.023],[31.91,-16.429],[32.29,-16.452],[32.731,-16.709],[32.969,-16.682],[32.829,-16.935],[33.022,-17.346],[32.927,-17.973],[33.043,-18.352]]]}},{"type":"Feature","properties":{"iso3":"PAK","name":"Pakistan"},"geometry":{"type":"MultiPolygon","coordinates":[[[[77.049,35.11],[76.653,34.747],[76.023,34.677],[75.777,34.504],[74.349,34.773],[73.919,34.643],[73.775,34.371],[73.991,34.219],[73.894,34.054],[74.272,33.962],[73.966,33.735],[74.158,33.494],[74.002,33.178],[74.311,32.994],[74.346,32.767],[74.685,32.831],[74.663,32.498],[75.23,32.38],[75.353,32.284],[75.295,32.149],[74.55,31.827],[74.489,31.711],[74.617,31.459],[74.506,31.175],[74.659,31.084],[74.319,30.893],[73.852,30.373],[73.944,30.188],[73.37,29.927],[72.93,29.048],[72.355,28.767],[71.874,27.96],[70.832,27.701],[70.535,28.016],[70.342,28.011],[69.534,27.126],[69.504,26.735],[70.158,26.53],[70.065,25.98],[70.249,25.708],[70.654,25.674],[70.654,25.397],[71.064,24.683],[70.955,24.585],[71.083,24.412],[70.776,24.237],[70.568,24.273],[70.563,24.424],[69.972,24.165],[68.904,24.321],[68.839,24.236],[68.747,24.331],[68.724,23.965],[68.157,23.905],[68.157,23.696],[68.014,23.939],[68.014,23.769],[67.855,23.912],[67.832,23.81],[67.632,23.803],[67.65,23.933],[67.479,23.892],[67.533,24.07],[67.3,24.186],[67.362,24.344],[67.15,24.635],[67.256,24.748],[66.654,24.839],[66.737,25.181],[66.375,25.626],[66.094,25.475],[66.336,25.553],[66.498,25.399],[66.252,25.473],[64.744,25.324],[64.655,25.166],[64.094,25.336],[64.155,25.447],[64.045,25.45],[64.06,25.345],[63.573,25.365],[63.5,25.194],[62.527,25.264],[62.381,25.088],[62.145,25.218],[62.097,25.107],[61.73,25.022],[61.783,25.188],[61.588,25.202],[61.833,26.225],[62.265,26.361],[62.418,26.562],[63.141,26.625],[63.32,27.117],[63.177,27.258],[62.742,27.267],[62.762,28.246],[61.893,28.543],[61.567,28.871],[61.337,29.374],[60.844,29.858],[62.478,29.408],[63.569,29.497],[64.086,29.387],[64.478,29.57],[65.036,29.54],[66.196,29.835],[66.341,29.957],[66.219,30.058],[66.366,30.923],[66.697,31.196],[66.943,31.315],[67.346,31.208],[67.765,31.334],[67.569,31.53],[67.966,31.638],[68.139,31.825],[68.676,31.775],[68.804,31.603],[69.299,31.938],[69.233,32.463],[69.426,32.655],[69.488,33.028],[70.294,33.319],[69.873,34.017],[70.522,33.939],[71.063,34.054],[71.122,34.357],[70.957,34.532],[71.638,35.19],[71.464,35.795],[71.166,36.046],[71.61,36.458],[71.783,36.397],[72.214,36.726],[73.192,36.877],[74.035,36.816],[74.662,37.054],[74.872,36.907],[75.313,36.929],[75.432,36.723],[75.875,36.619],[76.014,36.23],[75.922,36.032],[76.166,35.806],[76.555,35.898],[77.049,35.11]]],[[[67.375,24.063],[67.39,24.049],[67.413,24.049],[67.375,24.063]]]]}},{"type":"Feature","properties":{"iso3":"BGR","name":"Bulgaria"},"geometry":{"type":"Polygon","coordinates":[[[22.345,42.313],[22.533,42.458],[22.427,42.814],[22.727,42.887],[22.985,43.175],[22.519,43.474],[22.349,43.808],[22.692,44.228],[23.031,44.093],[22.889,43.84],[23.485,43.881],[25.403,43.65],[25.781,43.732],[26.151,44.012],[27.027,44.177],[28.578,43.741],[28.604,43.538],[28.473,43.367],[28.157,43.408],[27.904,43.202],[27.892,42.711],[27.453,42.48],[27.719,42.415],[28.017,41.973],[27.546,41.901],[27.238,42.098],[26.606,41.967],[26.333,41.713],[26.054,41.702],[26.176,41.432],[25.96,41.315],[25.239,41.241],[24.251,41.563],[23.612,41.371],[22.917,41.336],[23.009,41.74],[22.838,42.019],[22.345,42.313]]]}},{"type":"Feature","properties":{"iso3":"THA","name":"Thailand"},"geometry":{"type":"MultiPolygon","coordinates":[[[[97.351,18.551],[97.746,18.571],[97.658,18.926],[97.811,19.112],[97.767,19.398],[98.025,19.803],[98.238,19.665],[98.899,19.749],[99.073,20.101],[99.51,20.154],[99.421,20.376],[99.652,20.307],[99.937,20.445],[100.153,20.239],[100.344,20.39],[100.549,20.158],[100.379,19.746],[100.474,19.525],[101.255,19.547],[101.172,19.376],[101.326,19.021],[101.03,18.428],[101.155,18.323],[101.165,18.053],[100.886,17.574],[101.132,17.462],[102.079,18.214],[102.683,17.81],[103.038,17.991],[103.307,18.426],[103.975,18.331],[104.452,17.666],[104.816,17.373],[104.765,16.511],[105.058,16.121],[105.422,16.01],[105.412,15.8],[105.651,15.635],[105.444,15.134],[105.593,14.991],[105.508,14.564],[105.101,14.231],[104.788,14.438],[103.885,14.34],[103.533,14.419],[102.934,14.201],[102.598,13.605],[102.313,13.541],[102.479,12.677],[102.762,12.436],[102.692,12.178],[102.914,11.646],[102.606,12.221],[102.582,12.049],[102.296,12.19],[102.352,12.367],[102.206,12.436],[102.228,12.324],[102.064,12.571],[102.057,12.468],[101.766,12.706],[101.418,12.596],[100.858,12.653],[100.996,13.496],[100.598,13.612],[99.963,13.31],[100.104,13.057],[99.96,12.668],[100.02,12.193],[99.642,11.523],[99.512,10.866],[99.24,10.522],[99.285,10.364],[99.152,10.357],[99.255,10.234],[99.145,9.788],[99.324,9.392],[99.255,9.232],[99.803,9.323],[99.886,9.233],[99.967,8.606],[100.144,8.389],[100.131,8.515],[100.22,8.449],[100.575,7.209],[100.426,7.268],[100.406,7.528],[100.273,7.531],[100.321,7.708],[100.211,7.781],[100.179,7.531],[100.424,7.171],[100.585,7.224],[100.998,6.857],[101.351,6.876],[101.292,6.955],[101.557,6.842],[102.073,6.258],[101.8,5.74],[101.558,5.911],[101.122,5.63],[100.965,5.792],[101.082,6.246],[100.833,6.237],[100.73,6.493],[100.387,6.522],[100.263,6.7],[100.167,6.695],[100.127,6.442],[99.686,6.877],[99.748,7.126],[99.558,7.197],[99.604,7.376],[99.378,7.321],[99.293,7.621],[99.033,7.723],[99.07,7.925],[98.77,8.024],[98.655,8.38],[98.428,8.317],[98.425,8.148],[98.281,8.226],[98.22,8.726],[98.391,9.035],[98.322,9.209],[98.531,9.566],[98.757,10.666],[99.213,11.108],[99.63,11.816],[99.542,12.141],[99.452,12.129],[99.403,12.576],[99.093,13.038],[99.19,13.23],[99.09,13.87],[98.548,14.378],[98.16,15.106],[98.283,15.29],[98.56,15.355],[98.547,16.047],[98.807,16.111],[98.903,16.382],[98.84,16.472],[98.663,16.287],[98.457,16.723],[98.509,16.893],[97.759,17.691],[97.638,18.306],[97.486,18.292],[97.351,18.551]]],[[[97.872,9.38],[97.84,9.404],[97.835,9.412],[97.872,9.38]]],[[[99.699,9.542],[99.703,9.521],[99.681,9.513],[99.668,9.519],[99.699,9.542]]],[[[99.684,9.62],[99.68,9.612],[99.678,9.61],[99.684,9.62]]],[[[99.248,6.575],[99.26,6.566],[99.258,6.561],[99.248,6.575]]],[[[99.6,6.583],[99.657,6.724],[99.704,6.558],[99.6,6.583]]],[[[99.405,7.266],[99.419,7.257],[99.446,7.251],[99.405,7.266]]],[[[99.035,7.644],[99.066,7.615],[99.076,7.609],[99.035,7.644]]],[[[99.124,7.657],[99.127,7.644],[99.127,7.625],[99.124,7.657]]],[[[98.541,8.105],[98.54,8.106],[98.587,8.079],[98.541,8.105]]],[[[98.44,7.887],[98.309,7.768],[98.254,7.928],[98.281,8.192],[98.439,8.083],[98.44,7.887]]],[[[98.638,8.171],[98.621,8.103],[98.621,8.09],[98.638,8.171]]],[[[98.323,9.076],[98.24,9.063],[98.261,9.158],[98.323,9.076]]],[[[100.091,9.561],[100.019,9.426],[99.926,9.494],[100.091,9.561]]],[[[98.412,9.768],[98.418,9.747],[98.417,9.733],[98.412,9.768]]],[[[100.035,9.796],[100.067,9.776],[100.079,9.742],[100.035,9.796]]],[[[102.608,11.648],[102.53,11.605],[102.555,11.76],[102.608,11.648]]],[[[102.443,11.984],[102.29,11.975],[102.25,12.153],[102.443,11.984]]],[[[97.87,9.425],[97.85,9.442],[97.853,9.461],[97.87,9.425]]],[[[98.288,9.004],[98.299,8.997],[98.311,8.978],[98.288,9.004]]]]}},{"type":"Feature","properties":{"iso3":"SMR","name":"San Marino"},"geometry":{"type":"Polygon","coordinates":[[[12.429,43.892],[12.4,43.903],[12.386,43.925],[12.429,43.892]]]}},{"type":"Feature","properties":{"iso3":"HTI","name":"Haiti"},"geometry":{"type":"MultiPolygon","coordinates":[[[[-71.639,19.212],[-71.865,18.964],[-71.732,18.73],[-72.01,18.599],[-71.709,18.313],[-71.776,18.039],[-72.072,18.238],[-72.886,18.141],[-73.646,18.259],[-73.873,18.026],[-74.489,18.429],[-74.419,18.617],[-74.256,18.67],[-72.904,18.434],[-72.354,18.53],[-72.33,18.683],[-72.814,19.053],[-72.707,19.119],[-72.803,19.232],[-72.699,19.446],[-73.458,19.672],[-73.42,19.821],[-73.167,19.938],[-72.674,19.921],[-72.316,19.715],[-71.757,19.71],[-71.777,19.328],[-71.639,19.212]]],[[[-73.629,18.094],[-73.612,18.093],[-73.592,18.089],[-73.629,18.094]]],[[[-73.796,18.629],[-73.773,18.639],[-73.74,18.637],[-73.796,18.629]]],[[[-72.851,20.089],[-72.822,20.09],[-72.802,20.087],[-72.851,20.089]]],[[[-73.259,18.878],[-73.277,18.891],[-73.283,18.895],[-73.259,18.878]]]]}},{"type":"Feature","properties":{"iso3":"DOM","name":"Dominican Republic"},"geometry":{"type":"MultiPolygon","coordinates":[[[[-68.329,18.617],[-68.658,18.211],[-68.923,18.412],[-69.851,18.472],[-70.172,18.231],[-70.553,18.204],[-70.704,18.43],[-70.932,18.262],[-71.084,18.304],[-71.061,18.142],[-71.417,17.605],[-71.679,17.765],[-71.659,17.953],[-71.776,18.039],[-71.709,18.313],[-72.01,18.599],[-71.72,18.765],[-71.865,18.964],[-71.644,19.152],[-71.777,19.328],[-71.76,19.801],[-71.001,19.938],[-70.281,19.652],[-69.947,19.679],[-69.733,19.287],[-69.231,19.363],[-69.232,19.189],[-69.603,19.229],[-69.63,19.108],[-68.74,18.964],[-68.329,18.617]]],[[[-71.524,17.546],[-71.541,17.555],[-71.541,17.576],[-71.524,17.546]]],[[[-68.664,18.169],[-68.612,18.171],[-68.599,18.166],[-68.664,18.169]]]]}},{"type":"Feature","properties":{"iso3":"TCD","name":"Chad"},"geometry":{"type":"Polygon","coordinates":[[[13.449,14.38],[14.369,15.75],[15.472,16.917],[15.736,19.904],[15.97,20.336],[15.57,20.752],[15.609,20.951],[15.185,21.491],[14.98,22.996],[15.965,23.442],[23.981,19.496],[23.984,15.78],[23.973,15.691],[23.095,15.704],[22.907,15.541],[22.958,15.202],[22.659,14.857],[22.677,14.689],[22.364,14.544],[22.546,14.14],[22.075,13.78],[22.268,13.335],[21.809,12.794],[21.936,12.64],[22.205,12.743],[22.446,12.611],[22.458,12.03],[22.612,12.073],[22.542,11.633],[22.915,11.396],[22.954,11.251],[22.861,10.919],[22.447,10.998],[21.723,10.637],[21.719,10.297],[20.435,9.138],[19.022,8.985],[18.87,8.849],[19.124,8.675],[18.589,8.048],[17.64,7.985],[16.806,7.544],[16.549,7.87],[15.925,7.488],[15.481,7.523],[15.563,7.792],[15.441,7.839],[15.184,8.479],[13.948,9.638],[14.182,9.978],[15.681,9.991],[15.132,10.541],[15.021,11.183],[15.111,11.783],[15.049,12.085],[14.898,12.153],[14.831,12.618],[14.555,12.767],[14.418,13.081],[14.065,13.078],[13.607,13.704],[13.449,14.38]]]}},{"type":"Feature","properties":{"iso3":"KWT","name":"Kuwait"},"geometry":{"type":"MultiPolygon","coordinates":[[[[48.433,28.54],[47.668,28.534],[47.434,28.995],[46.532,29.096],[47.145,30.003],[47.731,30.089],[47.948,29.994],[48.181,29.562],[47.966,29.576],[47.705,29.364],[48.1,29.35],[48.433,28.54]]],[[[48.338,29.463],[48.354,29.457],[48.362,29.452],[48.338,29.463]]],[[[48.046,29.8],[48.162,29.996],[48.36,29.754],[48.186,29.604],[48.046,29.8]]],[[[48.079,30.004],[48.072,29.999],[48.063,29.987],[48.079,30.004]]]]}},{"type":"Feature","properties":{"iso3":"SLV","name":"El Salvador"},"geometry":{"type":"MultiPolygon","coordinates":[[[[-90.115,13.812],[-89.525,14.232],[-89.584,14.402],[-89.398,14.445],[-89.107,14.396],[-88.839,14.1],[-88.504,13.984],[-88.497,13.851],[-88.125,13.991],[-87.704,13.815],[-87.721,13.461],[-87.838,13.441],[-87.79,13.287],[-87.928,13.159],[-88.723,13.27],[-88.48,13.171],[-89.251,13.472],[-89.808,13.527],[-90.115,13.812]]],[[[-87.726,13.198],[-87.727,13.211],[-87.72,13.216],[-87.726,13.198]]],[[[-87.766,13.248],[-87.758,13.244],[-87.751,13.229],[-87.766,13.248]]]]}},{"type":"Feature","properties":{"iso3":"GTM","name":"Guatemala"},"geometry":{"type":"Polygon","coordinates":[[[-92.246,14.546],[-92.074,15.074],[-92.211,15.272],[-91.74,16.061],[-90.437,16.099],[-90.395,16.419],[-90.633,16.483],[-90.797,16.805],[-91.443,17.238],[-90.992,17.252],[-90.983,17.811],[-89.16,17.814],[-89.237,15.894],[-88.787,15.859],[-88.609,15.702],[-88.489,15.847],[-88.605,15.97],[-88.221,15.726],[-89.161,15.06],[-89.16,14.581],[-89.584,14.402],[-89.525,14.232],[-90.023,13.937],[-90.098,13.731],[-90.58,13.913],[-91.316,13.956],[-92.246,14.546]]]}},{"type":"Feature","properties":{"iso3":"TLS","name":"East Timor"},"geometry":{"type":"MultiPolygon","coordinates":[[[[124.452,-9.201],[124.31,-9.489],[124.03,-9.342],[124.452,-9.201]]],[[[127.313,-8.415],[126.472,-8.943],[125.593,-9.19],[125.062,-9.486],[124.958,-9.212],[125.151,-9.185],[125.162,-9.061],[124.908,-9.037],[125.229,-8.608],[126.549,-8.487],[126.967,-8.309],[127.313,-8.415]]],[[[125.651,-8.143],[125.592,-8.307],[125.504,-8.271],[125.651,-8.143]]]]}},{"type":"Feature","properties":{"iso3":"BRN","name":"Brunei"},"geometry":{"type":"MultiPolygon","coordinates":[[[[115.361,4.33],[115.1,4.391],[115.023,4.741],[115.146,4.909],[115.361,4.33]]],[[[113.999,4.601],[114.327,4.607],[115.103,5.037],[114.742,4.729],[114.846,4.395],[114.628,4.017],[114.283,4.265],[114.246,4.481],[113.999,4.601]]]]}},{"type":"Feature","properties":{"iso3":"MCO","name":"Monaco"},"geometry":{"type":"Polygon","coordinates":[[[7.437,43.743],[7.433,43.74],[7.418,43.731],[7.437,43.743]]]}},{"type":"Feature","properties":{"iso3":"DZA","name":"Algeria"},"geometry":{"type":"Polygon","coordinates":[[[-8.682,27.285],[-8.679,28.693],[-8.25,28.995],[-7.654,29.376],[-7.147,29.509],[-6.784,29.446],[-5.756,29.614],[-5.54,29.523],[-5.176,29.977],[-4.372,30.509],[-3.646,30.711],[-3.555,30.956],[-3.843,31.17],[-3.66,31.648],[-2.828,31.795],[-2.881,32.076],[-1.21,32.09],[-1.31,32.167],[-1.244,32.357],[-1.032,32.494],[-1.423,32.742],[-1.674,33.238],[-1.67,34.079],[-1.81,34.372],[-1.703,34.48],[-1.871,34.597],[-1.77,34.741],[-2.223,35.089],[-1.761,35.13],[-1.295,35.365],[-1.033,35.683],[-0.626,35.723],[-0.479,35.89],[-0.083,35.794],[0.342,36.206],[1.347,36.545],[2.601,36.596],[2.933,36.809],[3.48,36.777],[3.874,36.917],[4.787,36.895],[5.304,36.643],[6.197,36.902],[6.416,37.093],[6.949,36.89],[7.233,36.967],[7.223,37.09],[7.799,36.994],[7.773,36.89],[7.908,36.85],[8.603,36.94],[8.642,36.836],[8.413,36.784],[8.43,36.663],[8.17,36.526],[8.358,36.43],[8.241,35.828],[8.294,35.325],[8.431,35.242],[8.236,34.648],[7.832,34.414],[7.517,34.095],[7.48,33.894],[7.725,33.231],[8.087,33.094],[8.331,32.528],[9.045,32.072],[9.52,30.229],[9.287,30.117],[9.668,29.608],[9.826,29.129],[9.777,28.268],[9.934,27.827],[9.721,27.292],[9.896,26.653],[9.378,26.169],[10.008,25.331],[10.032,24.856],[10.242,24.595],[10.411,24.473],[10.699,24.556],[11.541,24.298],[11.969,23.517],[7.483,20.873],[5.794,19.45],[3.318,18.978],[3.104,19.136],[3.261,19.388],[3.199,19.821],[2.4,20.057],[2.201,20.274],[1.891,20.232],[1.56,20.598],[1.155,20.739],[1.147,21.102],[-4.516,24.804],[-8.682,27.285]]]}},{"type":"Feature","properties":{"iso3":"MOZ","name":"Mozambique"},"geometry":{"type":"MultiPolygon","coordinates":[[[[30.214,-14.988],[33.203,-14.014],[33.645,-14.602],[33.72,-14.49],[34.344,-14.387],[34.518,-14.607],[34.569,-15.271],[34.233,-15.89],[34.426,-16.274],[35.118,-16.833],[35.066,-17.11],[35.292,-17.129],[35.278,-16.701],[35.132,-16.538],[35.375,-16.141],[35.785,-16.042],[35.784,-15.172],[35.904,-14.887],[35.847,-14.65],[35.084,-13.704],[34.641,-13.492],[34.545,-13.326],[34.354,-12.199],[34.617,-11.578],[35.532,-11.613],[35.826,-11.413],[36.2,-11.702],[36.626,-11.721],[37.032,-11.565],[37.47,-11.719],[37.817,-11.534],[37.938,-11.284],[38.492,-11.413],[38.896,-11.168],[39.263,-11.167],[40.454,-10.469],[40.655,-10.687],[40.485,-10.762],[40.62,-10.841],[40.349,-11.317],[40.466,-11.385],[40.52,-11.839],[40.478,-12.501],[40.647,-12.766],[40.413,-12.961],[40.595,-12.976],[40.527,-13.511],[40.651,-14.032],[40.539,-14.164],[40.746,-14.271],[40.629,-14.566],[40.801,-14.411],[40.848,-14.705],[40.643,-14.854],[40.774,-14.998],[40.528,-15.131],[40.682,-15.233],[40.582,-15.492],[40.065,-15.989],[39.992,-16.222],[39.783,-16.302],[39.856,-16.43],[39.075,-16.991],[38.663,-17.026],[38.173,-17.288],[38.081,-17.191],[38.128,-17.286],[37.189,-17.739],[36.984,-18.012],[36.833,-17.878],[36.977,-18.047],[36.473,-18.556],[36.407,-18.785],[36.238,-18.694],[36.267,-18.891],[36.124,-18.801],[35.855,-18.951],[34.88,-19.863],[34.53,-19.616],[34.778,-19.815],[34.668,-20.541],[35.113,-20.946],[35.016,-21.111],[35.271,-21.644],[35.394,-22.488],[35.441,-22.12],[35.517,-22.31],[35.551,-22.179],[35.489,-22.69],[35.606,-22.915],[35.39,-23.748],[35.34,-23.676],[35.332,-23.965],[35.527,-23.803],[35.497,-24.101],[35.106,-24.598],[33.215,-25.297],[32.845,-25.573],[32.687,-25.886],[32.477,-25.985],[32.842,-26.289],[32.954,-26.079],[32.893,-26.846],[32.114,-26.84],[32.071,-26.01],[31.906,-25.813],[31.987,-24.423],[31.85,-23.931],[31.528,-23.457],[31.279,-22.415],[32.447,-21.314],[32.34,-21.134],[32.491,-20.936],[32.482,-20.603],[32.672,-20.532],[33.007,-20.032],[33.033,-19.784],[32.82,-19.674],[32.763,-19.464],[32.856,-19.084],[32.681,-18.955],[32.691,-18.834],[32.903,-18.775],[32.871,-18.536],[33.043,-18.352],[32.927,-17.973],[33.022,-17.346],[32.829,-16.935],[32.969,-16.682],[32.731,-16.709],[32.29,-16.452],[31.91,-16.429],[31.26,-16.023],[30.403,-16.001],[30.393,-15.481],[30.214,-14.988]],[[34.694,-12.0],[34.681,-12.009],[34.662,-12.053],[34.694,-12.0]],[[34.562,-11.979],[34.542,-11.995],[34.544,-12.011],[34.562,-11.979]]],[[[32.907,-26.058],[32.895,-26.028],[32.918,-26.001],[32.907,-26.058]]],[[[35.47,-21.549],[35.481,-21.53],[35.49,-21.53],[35.47,-21.549]]],[[[39.946,-16.302],[39.903,-16.41],[39.818,-16.356],[39.946,-16.302]]]]}},{"type":"Feature","properties":{"iso3":"SWZ","name":"eSwatini"},"geometry":{"type":"Polygon","coordinates":[[[32.117,-26.582],[31.968,-27.316],[31.527,-27.311],[30.976,-27.035],[30.88,-26.772],[30.802,-26.809],[30.783,-26.472],[31.12,-25.91],[31.401,-25.736],[32.071,-26.01],[32.117,-26.582]]]}},{"type":"Feature","properties":{"iso3":"BDI","name":"Burundi"},"geometry":{"type":"Polygon","coordinates":[[[30.834,-3.16],[30.432,-3.552],[30.003,-4.272],[29.733,-4.463],[29.404,-4.45],[29.215,-3.9],[29.235,-3.047],[28.987,-2.797],[29.113,-2.595],[29.307,-2.66],[29.34,-2.826],[29.72,-2.805],[29.898,-2.671],[29.932,-2.317],[30.117,-2.432],[30.379,-2.303],[30.555,-2.401],[30.416,-2.852],[30.825,-2.979],[30.834,-3.16]]]}},{"type":"Feature","properties":{"iso3":"RWA","name":"Rwanda"},"geometry":{"type":"Polygon","coordinates":[[[28.857,-2.518],[29.135,-2.198],[29.131,-1.843],[29.343,-1.517],[29.816,-1.323],[29.96,-1.465],[30.353,-1.061],[30.738,-1.407],[30.888,-2.083],[30.759,-2.381],[30.379,-2.303],[30.117,-2.432],[29.932,-2.317],[29.898,-2.671],[29.72,-2.805],[29.34,-2.826],[29.307,-2.66],[29.113,-2.595],[29.015,-2.721],[28.857,-2.518]]]}},{"type":"Feature","properties":{"iso3":"MMR","name":"Myanmar"},"geometry":{"type":"MultiPolygon","coordinates":[[[[101.174,21.612],[100.725,21.312],[100.518,20.906],[100.652,20.877],[100.211,20.697],[100.099,20.318],[99.937,20.445],[99.652,20.307],[99.421,20.376],[99.51,20.154],[99.073,20.101],[98.899,19.749],[98.238,19.665],[98.025,19.803],[97.767,19.398],[97.811,19.112],[97.658,18.926],[97.746,18.571],[97.351,18.551],[97.486,18.292],[97.638,18.306],[97.759,17.691],[98.509,16.893],[98.457,16.723],[98.663,16.287],[98.84,16.472],[98.903,16.382],[98.807,16.111],[98.547,16.047],[98.56,15.355],[98.283,15.29],[98.16,15.106],[98.548,14.378],[99.09,13.87],[99.19,13.23],[99.093,13.038],[99.403,12.576],[99.452,12.129],[99.542,12.141],[99.63,11.816],[99.213,11.108],[98.767,10.689],[98.747,10.351],[98.543,9.987],[98.459,10.715],[98.712,10.924],[98.736,11.642],[98.892,11.694],[98.809,11.851],[98.674,11.685],[98.604,11.804],[98.707,11.879],[98.549,11.879],[98.721,11.998],[98.63,12.132],[98.703,12.238],[98.539,12.242],[98.707,12.348],[98.605,12.429],[98.71,12.512],[98.578,13.187],[98.245,13.714],[98.192,14.065],[98.144,13.537],[98.11,14.168],[97.886,14.684],[98.028,14.648],[97.795,14.88],[97.727,15.843],[97.569,16.062],[97.74,16.559],[97.37,16.484],[97.183,16.922],[97.157,17.087],[97.261,17.107],[97.131,17.079],[96.883,17.457],[96.911,17.025],[96.679,16.575],[96.436,16.478],[96.266,16.597],[96.287,16.813],[96.171,16.772],[96.321,16.415],[96.007,16.387],[96.068,16.31],[95.798,16.145],[95.725,16.223],[95.665,15.949],[95.416,15.723],[95.288,15.74],[95.362,16.148],[95.213,15.787],[95.098,16.025],[95.226,16.12],[95.136,16.148],[95.034,15.806],[94.847,15.791],[94.863,16.128],[94.992,16.251],[94.721,15.857],[94.601,15.921],[94.794,16.162],[94.567,15.935],[94.732,16.525],[94.628,16.26],[94.63,16.344],[94.521,16.295],[94.24,15.976],[94.268,16.527],[94.615,17.546],[94.458,18.156],[94.328,18.259],[94.417,18.314],[94.149,18.731],[94.279,18.739],[94.038,18.859],[94.074,19.374],[93.994,19.159],[93.91,19.191],[93.93,18.859],[93.483,19.351],[93.553,19.431],[93.797,19.235],[93.981,19.372],[93.731,19.633],[93.807,19.746],[93.601,19.719],[93.74,19.925],[93.581,19.881],[93.382,20.089],[93.128,20.095],[93.238,19.821],[93.132,20.007],[93.135,19.834],[92.97,20.129],[93.121,20.212],[92.99,20.155],[93.073,20.555],[92.86,20.125],[92.778,20.232],[92.943,20.321],[92.635,20.698],[92.731,20.259],[92.175,21.176],[92.323,21.462],[92.643,21.298],[92.576,21.978],[92.674,22.147],[92.877,21.957],[93.169,22.247],[93.08,22.773],[93.152,23.05],[93.273,23.006],[93.375,23.13],[93.432,23.647],[93.31,24.064],[94.132,23.857],[94.709,25.026],[94.553,25.204],[94.608,25.395],[95.009,25.737],[95.001,25.922],[95.151,26.05],[95.042,26.288],[95.123,26.612],[96.143,27.258],[96.705,27.361],[97.119,27.087],[96.862,27.599],[97.334,27.894],[97.323,28.217],[97.546,28.538],[98.119,28.141],[98.295,27.537],[98.41,27.684],[98.674,27.586],[98.756,26.625],[98.706,26.175],[98.546,26.106],[98.685,25.853],[98.498,25.831],[98.312,25.557],[98.14,25.611],[98.108,25.389],[97.704,25.074],[97.765,24.835],[97.536,24.745],[97.513,24.439],[97.647,24.432],[97.723,24.171],[97.516,23.943],[97.625,23.847],[98.105,24.102],[98.866,24.146],[98.659,23.961],[98.856,23.61],[98.859,23.179],[99.217,23.057],[99.334,23.13],[99.538,22.926],[99.413,22.931],[99.308,22.745],[99.358,22.495],[99.144,22.154],[99.942,22.046],[99.95,21.721],[100.143,21.655],[100.187,21.428],[100.342,21.53],[100.622,21.469],[101.083,21.767],[101.174,21.612]]],[[[98.057,9.797],[98.038,9.791],[98.018,9.795],[98.057,9.797]]],[[[98.229,10.52],[98.222,10.498],[98.207,10.483],[98.229,10.52]]],[[[98.43,10.978],[98.433,10.994],[98.443,11.003],[98.43,10.978]]],[[[97.465,11.782],[97.459,11.786],[97.444,11.8],[97.463,11.8],[97.477,11.788],[97.48,11.778],[97.465,11.782]]],[[[97.837,12.772],[97.835,12.793],[97.842,12.806],[97.837,12.772]]],[[[98.296,10.049],[98.28,10.051],[98.274,10.048],[98.296,10.049]]],[[[98.172,10.148],[98.241,10.168],[98.186,10.042],[98.172,10.148]]],[[[97.911,10.495],[97.903,10.479],[97.909,10.473],[97.911,10.495]]],[[[98.494,10.891],[98.519,10.879],[98.542,10.86],[98.494,10.891]]],[[[97.89,10.885],[97.896,10.913],[97.912,10.924],[97.89,10.885]]],[[[98.296,10.782],[98.237,10.697],[98.199,10.882],[98.077,10.888],[98.191,10.971],[98.296,10.782]]],[[[98.528,10.974],[98.519,10.971],[98.512,10.965],[98.528,10.974]]],[[[98.275,11.248],[98.281,11.246],[98.29,11.248],[98.275,11.248]]],[[[98.323,11.731],[98.275,11.481],[98.165,11.458],[98.278,11.8],[98.323,11.731]]],[[[98.556,11.759],[98.535,11.529],[98.371,11.789],[98.556,11.759]]],[[[98.055,11.701],[98.063,11.697],[98.068,11.691],[98.055,11.701]]],[[[97.664,11.906],[97.674,11.897],[97.678,11.888],[97.664,11.906]]],[[[98.254,11.858],[98.254,11.884],[98.257,11.903],[98.254,11.858]]],[[[98.268,11.934],[98.262,11.926],[98.254,11.923],[98.268,11.934]]],[[[98.659,11.949],[98.478,11.891],[98.431,12.101],[98.659,11.949]]],[[[98.14,12.148],[98.034,12.221],[98.108,12.285],[98.14,12.148]]],[[[97.938,12.338],[98.105,12.383],[98.0,12.269],[97.938,12.338]]],[[[98.514,12.496],[98.517,12.479],[98.514,12.424],[98.514,12.496]]],[[[98.254,12.568],[98.257,12.574],[98.262,12.569],[98.254,12.568]]],[[[97.823,12.587],[97.827,12.591],[97.836,12.595],[97.823,12.587]]],[[[98.471,12.556],[98.302,12.338],[98.316,12.687],[98.471,12.556]]],[[[98.336,13.074],[98.302,12.913],[98.239,13.159],[98.336,13.074]]],[[[97.932,13.859],[97.938,13.852],[97.932,13.84],[97.932,13.859]]],[[[93.396,14.14],[93.4,14.096],[93.395,14.076],[93.375,14.065],[93.383,14.138],[93.386,14.151],[93.39,14.154],[93.396,14.14]]],[[[93.676,14.859],[93.687,14.872],[93.694,14.889],[93.676,14.859]]],[[[97.664,15.566],[97.672,15.55],[97.672,15.533],[97.664,15.566]]],[[[94.828,15.932],[94.83,15.916],[94.839,15.89],[94.828,15.932]]],[[[94.667,16.172],[94.41,15.839],[94.382,15.97],[94.667,16.172]]],[[[97.452,16.449],[97.611,16.446],[97.547,16.2],[97.452,16.449]]],[[[93.759,18.756],[93.645,18.679],[93.484,18.875],[93.742,18.872],[93.759,18.756]]],[[[93.974,19.403],[93.803,19.277],[93.642,19.492],[93.724,19.556],[93.974,19.403]]],[[[93.505,19.807],[93.517,19.777],[93.518,19.762],[93.505,19.807]]],[[[92.964,20.037],[92.968,20.022],[93.015,19.906],[92.964,20.037]]]]}},{"type":"Feature","properties":{"iso3":"BGD","name":"Bangladesh"},"geometry":{"type":"MultiPolygon","coordinates":[[[[92.643,21.298],[92.236,21.417],[92.175,21.176],[92.319,20.742],[91.953,21.442],[92.029,21.705],[91.899,21.789],[91.813,22.18],[91.908,22.425],[91.787,22.238],[91.462,22.762],[91.49,22.905],[91.317,22.697],[91.182,22.726],[91.203,22.543],[91.018,22.683],[90.942,22.586],[90.629,23.064],[90.6,23.45],[90.716,23.535],[90.608,23.491],[90.612,23.606],[90.476,23.583],[90.552,23.385],[90.249,23.455],[90.611,23.231],[90.449,23.056],[90.54,22.897],[90.373,22.761],[90.493,22.71],[90.442,22.494],[90.524,22.583],[90.607,22.466],[90.558,22.203],[90.408,22.086],[90.394,22.288],[90.273,21.857],[90.024,21.862],[90.239,22.172],[89.934,21.998],[89.877,22.275],[90.01,22.49],[89.873,22.419],[89.797,22.076],[89.88,21.884],[89.709,21.83],[89.647,21.925],[89.701,21.785],[89.587,21.701],[89.626,22.336],[89.533,21.985],[89.476,22.295],[89.466,21.781],[89.37,21.743],[89.352,21.972],[89.21,21.654],[88.839,22.976],[88.96,23.203],[88.697,23.252],[88.77,23.489],[88.542,23.639],[88.578,23.855],[88.714,23.925],[88.738,24.287],[88.475,24.315],[88.022,24.646],[88.115,24.916],[88.323,24.875],[88.441,25.19],[88.924,25.168],[88.985,25.285],[88.088,25.831],[88.164,26.14],[88.498,26.353],[88.315,26.465],[88.385,26.624],[88.656,26.415],[88.663,26.264],[89.019,26.234],[88.891,26.386],[89.044,26.381],[89.119,26.147],[89.335,25.999],[89.542,25.96],[89.653,26.223],[89.829,25.979],[89.819,25.285],[90.365,25.15],[92.034,25.182],[92.381,25.023],[92.492,24.884],[92.223,24.891],[92.088,24.382],[91.9,24.338],[91.865,24.151],[91.733,24.234],[91.363,24.1],[91.136,23.63],[91.314,23.101],[91.394,23.263],[91.586,22.944],[91.796,23.089],[91.744,23.272],[91.941,23.495],[91.923,23.723],[92.259,23.706],[92.643,21.298]]],[[[91.984,21.609],[91.877,21.481],[91.848,21.689],[91.936,21.781],[91.984,21.609]]],[[[89.116,21.781],[89.139,21.767],[89.145,21.739],[89.116,21.781]]],[[[91.888,21.866],[91.884,21.85],[91.87,21.825],[91.888,21.866]]],[[[90.594,21.987],[90.594,21.966],[90.597,21.961],[90.594,21.987]]],[[[90.332,21.939],[90.354,21.977],[90.371,21.995],[90.332,21.939]]],[[[90.387,22.048],[90.381,22.023],[90.353,21.993],[90.387,22.048]]],[[[90.486,21.977],[90.394,21.939],[90.428,22.048],[90.486,21.977]]],[[[90.544,22.062],[90.538,22.069],[90.495,22.045],[90.544,22.062]]],[[[90.942,22.205],[90.947,22.212],[90.951,22.212],[90.942,22.205]]],[[[90.976,22.186],[90.977,22.239],[90.983,22.259],[90.997,22.253],[90.998,22.235],[90.995,22.214],[90.988,22.195],[90.976,22.186]]],[[[90.953,22.227],[90.937,22.233],[90.94,22.247],[90.953,22.227]]],[[[91.187,22.228],[91.005,22.117],[91.075,22.389],[91.187,22.228]]],[[[90.62,22.425],[90.614,22.429],[90.607,22.427],[90.62,22.425]]],[[[90.647,22.425],[90.653,22.483],[90.656,22.481],[90.647,22.425]]],[[[91.159,22.503],[91.2,22.515],[91.211,22.496],[91.159,22.503]]],[[[91.468,22.586],[91.556,22.478],[91.564,22.436],[91.468,22.586]]],[[[90.855,22.435],[90.828,22.152],[90.647,21.994],[90.682,22.445],[90.554,22.64],[90.651,22.787],[90.855,22.435]]],[[[90.678,22.808],[90.456,22.767],[90.487,22.87],[90.678,22.808]]],[[[90.667,22.953],[90.642,22.952],[90.633,22.953],[90.667,22.953]]],[[[90.51,23.069],[90.517,23.059],[90.516,23.052],[90.51,23.069]]],[[[90.524,23.322],[90.506,23.314],[90.487,23.319],[90.524,23.322]]]]}},{"type":"Feature","properties":{"iso3":"AND","name":"Andorra"},"geometry":{"type":"Polygon","coordinates":[[[1.406,42.529],[1.528,42.649],[1.765,42.563],[1.508,42.429],[1.406,42.529]]]}},{"type":"Feature","properties":{"iso3":"AFG","name":"Afghanistan"},"geometry":{"type":"Polygon","coordinates":[[[60.487,34.094],[60.644,34.307],[60.89,34.319],[60.7,34.516],[61.065,34.815],[61.27,35.618],[61.605,35.431],[62.007,35.439],[62.286,35.141],[62.432,35.281],[62.694,35.248],[63.08,35.437],[63.077,35.625],[63.214,35.699],[63.104,35.856],[64.045,35.999],[64.057,36.105],[64.478,36.272],[64.779,37.118],[65.537,37.257],[65.761,37.578],[66.294,37.331],[67.006,37.384],[67.259,37.185],[67.747,37.229],[68.02,36.926],[68.888,37.338],[69.266,37.105],[69.442,37.224],[69.378,37.437],[69.509,37.579],[70.158,37.541],[70.283,37.705],[70.172,37.946],[70.665,38.405],[70.974,38.474],[71.358,38.251],[71.258,37.926],[71.598,37.898],[71.431,37.067],[71.653,36.687],[72.658,37.029],[72.791,37.22],[73.296,37.465],[73.753,37.428],[73.597,37.262],[73.709,37.217],[74.316,37.427],[74.892,37.231],[74.487,37.226],[74.366,37.148],[74.537,36.962],[74.035,36.816],[72.63,36.833],[72.17,36.711],[71.783,36.397],[71.61,36.458],[71.166,36.046],[71.464,35.795],[71.638,35.19],[70.957,34.532],[71.122,34.357],[71.063,34.054],[70.522,33.939],[69.873,34.017],[70.294,33.319],[69.488,33.028],[69.426,32.655],[69.233,32.463],[69.305,31.947],[69.114,31.738],[68.804,31.603],[68.676,31.775],[68.139,31.825],[67.966,31.638],[67.569,31.53],[67.765,31.334],[67.346,31.208],[66.838,31.277],[66.366,30.923],[66.275,29.885],[65.036,29.54],[64.478,29.57],[64.086,29.387],[63.569,29.497],[62.478,29.408],[60.844,29.858],[61.802,30.847],[61.826,31.035],[61.687,31.373],[60.822,31.495],[60.83,32.249],[60.562,33.137],[60.921,33.514],[60.512,33.638],[60.487,34.094]]]}},{"type":"Feature","properties":{"iso3":"MNE","name":"Montenegro"},"geometry":{"type":"Polygon","coordinates":[[[18.434,42.954],[18.639,43.02],[18.664,43.233],[18.821,43.341],[19.07,43.309],[18.906,43.491],[19.0,43.548],[20.355,42.866],[20.035,42.751],[20.104,42.653],[19.982,42.511],[19.801,42.468],[19.722,42.646],[19.622,42.605],[19.275,42.191],[19.365,41.852],[18.886,42.284],[18.545,42.424],[18.7,42.393],[18.687,42.483],[18.455,42.465],[18.55,42.668],[18.434,42.954]]]}},{"type":"Feature","properties":{"iso3":"BIH","name":"Bosnia and Herzegovina"},"geometry":{"type":"Polygon","coordinates":[[[15.716,44.803],[15.879,45.217],[16.316,45.001],[16.529,45.222],[16.812,45.181],[16.924,45.285],[17.836,45.064],[18.238,45.157],[18.678,45.087],[18.859,44.869],[19.369,44.887],[19.109,44.364],[19.619,44.036],[19.244,44.002],[19.49,43.564],[18.911,43.507],[19.07,43.309],[18.84,43.348],[18.664,43.233],[18.639,43.02],[18.434,42.954],[18.55,42.639],[18.385,42.567],[17.812,42.91],[17.556,42.935],[17.659,42.993],[17.29,43.303],[17.271,43.463],[16.327,44.082],[16.116,44.521],[15.716,44.803]]]}},{"type":"Feature","properties":{"iso3":"UGA","name":"Uganda"},"geometry":{"type":"Polygon","coordinates":[[[29.548,-1.003],[29.947,0.825],[30.155,0.909],[30.239,1.136],[30.478,1.239],[31.271,2.103],[31.178,2.303],[30.711,2.445],[30.853,2.853],[30.748,3.077],[30.956,3.689],[31.215,3.792],[31.524,3.656],[31.778,3.816],[32.168,3.512],[32.372,3.731],[32.997,3.886],[33.491,3.75],[33.977,4.22],[34.085,3.877],[34.205,3.875],[34.152,3.776],[34.44,3.668],[34.434,3.182],[34.876,2.591],[35.006,1.917],[34.798,1.232],[34.487,1.082],[33.894,0.11],[33.904,-1.003],[30.777,-0.986],[30.337,-1.066],[29.917,-1.475],[29.825,-1.324],[29.578,-1.388],[29.548,-1.003]]]}},{"type":"Feature","properties":{"iso3":"CUB","name":"Cuba"},"geometry":{"type":"MultiPolygon","coordinates":[[[[-84.95,21.877],[-84.289,22.021],[-84.446,22.205],[-84.213,22.583],[-83.226,23.002],[-83.169,22.93],[-82.219,23.194],[-81.581,23.158],[-81.529,23.047],[-81.149,23.212],[-81.286,23.131],[-81.149,23.035],[-80.61,23.158],[-80.432,22.95],[-79.793,22.898],[-79.857,22.821],[-79.342,22.413],[-78.708,22.387],[-77.347,21.639],[-77.556,21.929],[-77.134,21.664],[-77.154,21.555],[-77.364,21.612],[-77.258,21.476],[-77.088,21.606],[-76.812,21.398],[-76.887,21.307],[-76.671,21.356],[-76.735,21.286],[-76.545,21.288],[-76.537,21.185],[-76.388,21.284],[-76.037,21.075],[-75.704,21.119],[-75.578,21.013],[-75.743,20.889],[-75.551,20.822],[-75.77,20.836],[-75.725,20.696],[-75.633,20.781],[-75.551,20.684],[-74.9,20.671],[-74.133,20.205],[-74.267,20.068],[-74.813,20.037],[-75.092,19.897],[-75.092,20.061],[-75.285,19.888],[-76.202,19.992],[-77.706,19.83],[-77.586,20.089],[-77.113,20.368],[-77.195,20.637],[-78.066,20.712],[-78.488,21.039],[-78.498,21.27],[-78.745,21.637],[-79.209,21.548],[-80.003,21.721],[-80.484,22.192],[-80.471,22.041],[-81.088,22.086],[-81.194,22.282],[-81.205,22.06],[-81.239,22.151],[-81.824,22.189],[-82.164,22.397],[-81.652,22.488],[-81.878,22.68],[-82.76,22.706],[-83.415,22.186],[-83.925,22.172],[-84.029,21.92],[-84.508,21.767],[-84.496,21.934],[-84.95,21.877]]],[[[-78.333,20.555],[-78.326,20.535],[-78.328,20.521],[-78.333,20.555]]],[[[-78.436,20.726],[-78.449,20.712],[-78.496,20.701],[-78.436,20.726]]],[[[-78.827,20.753],[-78.807,20.757],[-78.786,20.749],[-78.751,20.726],[-78.768,20.712],[-78.792,20.72],[-78.815,20.737],[-78.827,20.753]]],[[[-75.517,20.794],[-75.508,20.787],[-75.494,20.761],[-75.517,20.794]]],[[[-78.926,20.808],[-78.877,20.809],[-78.859,20.8],[-78.926,20.808]]],[[[-79.025,20.887],[-79.014,20.882],[-78.99,20.88],[-79.025,20.887]]],[[[-79.074,20.918],[-79.079,20.918],[-79.094,20.918],[-79.074,20.918]]],[[[-79.389,21.123],[-79.357,21.128],[-79.332,21.113],[-79.389,21.123]]],[[[-81.372,21.705],[-81.377,21.703],[-81.418,21.668],[-81.372,21.705]]],[[[-82.541,21.596],[-82.906,21.437],[-83.192,21.63],[-82.959,21.562],[-83.086,21.8],[-82.989,21.948],[-82.704,21.893],[-82.541,21.596]]],[[[-77.624,22.03],[-77.703,21.911],[-77.949,22.103],[-77.624,22.03]]],[[[-77.847,22.26],[-77.84,22.274],[-77.851,22.289],[-77.847,22.26]]],[[[-78.046,22.199],[-78.003,22.313],[-77.826,22.158],[-78.046,22.199]]],[[[-78.313,22.404],[-78.144,22.429],[-78.011,22.281],[-78.313,22.404]]],[[[-78.696,22.541],[-78.396,22.56],[-78.278,22.449],[-78.696,22.541]]],[[[-78.984,22.638],[-78.99,22.651],[-79.005,22.657],[-78.984,22.638]]],[[[-79.358,22.638],[-79.366,22.639],[-79.376,22.643],[-79.358,22.638]]],[[[-79.895,22.959],[-79.887,22.96],[-79.888,22.946],[-79.895,22.959]]],[[[-80.321,22.987],[-80.272,23.009],[-80.25,23.011],[-80.321,22.987]]],[[[-80.197,23.124],[-80.191,23.111],[-80.18,23.1],[-80.197,23.124]]],[[[-80.828,23.179],[-80.821,23.179],[-80.811,23.164],[-80.828,23.179]]],[[[-80.492,23.193],[-80.486,23.194],[-80.479,23.196],[-80.492,23.193]]],[[[-78.582,20.662],[-78.578,20.658],[-78.578,20.648],[-78.582,20.662]]],[[[-78.652,20.665],[-78.644,20.663],[-78.63,20.659],[-78.631,20.653],[-78.646,20.652],[-78.656,20.659],[-78.655,20.664],[-78.652,20.665]]],[[[-81.981,21.648],[-81.974,21.64],[-81.973,21.622],[-81.981,21.648]]],[[[-81.853,21.664],[-81.839,21.666],[-81.838,21.661],[-81.853,21.664]]],[[[-82.645,21.955],[-82.608,21.939],[-82.591,21.927],[-82.603,21.922],[-82.63,21.921],[-82.658,21.932],[-82.668,21.949],[-82.645,21.955]]],[[[-83.553,21.961],[-83.55,21.961],[-83.545,21.961],[-83.553,21.961]]],[[[-81.556,22.066],[-81.549,22.058],[-81.547,22.045],[-81.556,22.066]]],[[[-78.738,22.548],[-78.735,22.551],[-78.728,22.548],[-78.738,22.548]]],[[[-82.514,22.625],[-82.511,22.613],[-82.508,22.59],[-82.514,22.625]]],[[[-79.225,22.64],[-79.216,22.643],[-79.177,22.645],[-79.225,22.64]]],[[[-79.68,22.859],[-79.666,22.852],[-79.661,22.845],[-79.68,22.859]]],[[[-79.826,22.965],[-79.818,22.954],[-79.817,22.947],[-79.826,22.965]]],[[[-80.061,23.05],[-80.058,23.042],[-80.054,23.029],[-80.061,23.05]]],[[[-80.245,23.107],[-80.242,23.104],[-80.238,23.098],[-80.245,23.107]]],[[[-80.401,23.155],[-80.39,23.154],[-80.376,23.152],[-80.401,23.155]]],[[[-80.669,23.212],[-80.666,23.209],[-80.664,23.201],[-80.669,23.212]]],[[[-80.775,23.207],[-80.712,23.2],[-80.711,23.197],[-80.775,23.207]]],[[[-80.879,23.25],[-80.874,23.249],[-80.871,23.24],[-80.879,23.25]]]]}},{"type":"Feature","properties":{"iso3":"HND","name":"Honduras"},"geometry":{"type":"MultiPolygon","coordinates":[[[[-89.364,14.447],[-89.16,14.581],[-89.161,15.06],[-88.317,15.675],[-87.591,15.935],[-87.479,15.786],[-86.375,15.771],[-85.933,15.937],[-86.008,16.031],[-85.489,15.87],[-85.0,15.988],[-84.66,15.774],[-84.453,15.796],[-84.642,15.863],[-84.295,15.811],[-83.73,15.402],[-84.213,15.551],[-83.938,15.259],[-83.822,15.271],[-84.027,15.409],[-83.76,15.202],[-83.623,15.296],[-83.528,15.284],[-83.621,15.176],[-83.482,15.216],[-83.703,15.402],[-83.13,14.997],[-83.509,15.012],[-83.616,14.873],[-84.483,14.619],[-84.904,14.817],[-85.145,14.564],[-85.17,14.322],[-85.727,13.965],[-85.742,13.824],[-86.02,14.055],[-86.34,13.757],[-86.766,13.745],[-86.704,13.299],[-86.911,13.24],[-87.035,12.98],[-87.314,12.982],[-87.512,13.287],[-87.401,13.411],[-87.817,13.407],[-87.704,13.815],[-87.818,13.916],[-88.015,13.866],[-88.235,13.993],[-88.497,13.851],[-88.504,13.984],[-89.364,14.447]]],[[[-87.615,13.29],[-87.612,13.283],[-87.614,13.267],[-87.615,13.29]]],[[[-87.622,13.369],[-87.612,13.366],[-87.585,13.372],[-87.622,13.369]]],[[[-86.879,16.127],[-86.873,16.121],[-86.881,16.105],[-86.879,16.127]]],[[[-86.607,16.285],[-86.599,16.309],[-86.57,16.332],[-86.607,16.285]]],[[[-85.911,16.462],[-85.896,16.489],[-85.884,16.503],[-85.911,16.462]]],[[[-83.941,17.419],[-83.934,17.418],[-83.926,17.416],[-83.941,17.419]]]]}},{"type":"Feature","properties":{"iso3":"ECU","name":"Ecuador"},"geometry":{"type":"MultiPolygon","coordinates":[[[[-75.227,-0.97],[-75.406,-0.915],[-75.573,-1.537],[-76.091,-2.129],[-76.685,-2.574],[-77.868,-2.99],[-78.196,-3.364],[-78.164,-3.477],[-78.351,-3.39],[-78.673,-4.551],[-79.064,-5.011],[-79.303,-4.961],[-79.658,-4.439],[-79.833,-4.479],[-80.14,-4.283],[-80.383,-4.476],[-80.492,-4.413],[-80.345,-4.198],[-80.47,-4.213],[-80.492,-4.015],[-80.165,-3.89],[-80.341,-3.369],[-79.953,-3.197],[-79.726,-2.594],[-79.869,-2.161],[-79.766,-2.005],[-79.892,-2.116],[-79.896,-2.543],[-80.064,-2.577],[-79.93,-2.484],[-80.034,-2.474],[-80.013,-2.326],[-80.28,-2.613],[-80.255,-2.73],[-81.013,-2.167],[-80.871,-2.203],[-80.737,-2.043],[-80.856,-1.588],[-80.744,-1.344],[-80.91,-1.045],[-80.57,-0.912],[-80.449,-0.606],[-80.299,-0.662],[-80.496,-0.381],[-80.051,0.09],[-80.076,0.816],[-79.656,1.004],[-79.615,0.845],[-79.633,0.986],[-79.057,1.218],[-78.992,1.12],[-78.813,1.277],[-78.829,1.434],[-78.12,0.921],[-77.703,0.843],[-77.468,0.651],[-77.397,0.388],[-76.565,0.216],[-76.3,0.462],[-75.818,0.1],[-75.283,-0.107],[-75.643,-0.129],[-75.261,-0.543],[-75.227,-0.97]]],[[[-79.903,-2.717],[-80.131,-3.021],[-80.272,-2.996],[-80.211,-2.725],[-79.903,-2.717]]],[[[-89.661,-1.34],[-89.635,-1.349],[-89.615,-1.37],[-89.661,-1.34]]],[[[-90.381,-1.254],[-90.379,-1.257],[-90.374,-1.26],[-90.381,-1.254]]],[[[-89.255,-0.719],[-89.435,-0.929],[-89.631,-0.917],[-89.255,-0.719]]],[[[-90.181,-0.549],[-90.337,-0.777],[-90.546,-0.669],[-90.461,-0.514],[-90.181,-0.549]]],[[[-91.671,-0.298],[-91.397,-0.329],[-91.508,-0.49],[-91.671,-0.298]]],[[[-90.552,-0.293],[-90.605,-0.37],[-90.874,-0.271],[-90.777,-0.148],[-90.552,-0.293]]],[[[-90.792,-0.754],[-90.929,-0.97],[-91.421,-1.012],[-91.466,-0.808],[-91.087,-0.582],[-91.375,-0.282],[-91.423,-0.029],[-91.607,-0.007],[-91.324,0.139],[-90.956,-0.422],[-90.99,-0.579],[-90.792,-0.754]]],[[[-90.514,0.284],[-90.524,0.287],[-90.533,0.295],[-90.514,0.284]]],[[[-90.798,0.654],[-90.757,0.631],[-90.744,0.585],[-90.761,0.554],[-90.805,0.572],[-90.798,0.593],[-90.805,0.636],[-90.798,0.654]]],[[[-78.902,1.374],[-78.902,1.365],[-78.9,1.358],[-78.902,1.374]]],[[[-91.819,1.386],[-91.815,1.385],[-91.811,1.377],[-91.819,1.386]]],[[[-91.822,1.394],[-91.818,1.395],[-91.82,1.391],[-91.822,1.394]]],[[[-92.012,1.659],[-92.006,1.664],[-92.0,1.66],[-92.0,1.651],[-92.007,1.65],[-92.012,1.659]]],[[[-79.82,-2.486],[-79.809,-2.512],[-79.785,-2.521],[-79.82,-2.486]]]]}},{"type":"Feature","properties":{"iso3":"COL","name":"Colombia"},"geometry":{"type":"MultiPolygon","coordinates":[[[[-79.022,1.638],[-78.846,1.822],[-78.571,1.782],[-78.703,2.19],[-78.432,2.587],[-78.334,2.647],[-78.255,2.542],[-78.247,2.664],[-78.132,2.493],[-78.096,2.651],[-77.76,2.592],[-77.812,2.764],[-77.62,2.932],[-77.722,2.982],[-77.457,3.356],[-77.319,3.32],[-77.322,3.548],[-77.032,3.916],[-77.253,3.841],[-77.3,3.969],[-77.189,4.067],[-77.264,4.108],[-77.346,3.93],[-77.435,4.029],[-77.427,4.18],[-77.236,4.265],[-77.387,4.347],[-77.326,4.753],[-77.258,4.704],[-77.381,5.403],[-77.559,5.503],[-77.246,5.734],[-77.484,6.189],[-77.345,6.566],[-77.696,6.849],[-77.665,7.016],[-77.896,7.235],[-77.764,7.706],[-77.58,7.528],[-77.163,7.939],[-77.489,8.474],[-77.434,8.628],[-77.352,8.669],[-76.943,8.129],[-76.832,8.137],[-76.907,7.93],[-76.757,7.924],[-76.775,8.417],[-76.947,8.545],[-76.316,8.948],[-75.944,9.441],[-75.621,9.453],[-75.576,9.621],[-75.705,9.701],[-75.531,10.241],[-75.704,10.134],[-75.516,10.319],[-75.462,10.631],[-74.844,11.11],[-74.298,10.991],[-74.597,10.868],[-74.395,10.749],[-74.153,11.344],[-73.292,11.294],[-72.741,11.708],[-72.263,11.886],[-72.162,12.243],[-71.938,12.166],[-71.871,12.256],[-71.961,12.283],[-71.676,12.468],[-71.242,12.328],[-71.114,12.052],[-71.328,11.85],[-71.991,11.649],[-72.267,11.155],[-72.499,11.121],[-72.915,10.433],[-72.986,9.812],[-73.391,9.173],[-73.01,9.295],[-72.955,9.104],[-72.791,9.114],[-72.675,8.652],[-72.394,8.355],[-72.336,8.104],[-72.491,7.938],[-72.479,7.484],[-72.206,7.382],[-71.994,7.013],[-71.184,6.963],[-70.703,7.1],[-70.129,6.973],[-69.444,6.122],[-69.246,6.081],[-69.061,6.218],[-68.635,6.136],[-67.827,6.313],[-67.45,6.198],[-67.422,5.978],[-67.625,5.785],[-67.617,5.542],[-67.835,5.339],[-67.875,4.533],[-67.632,3.762],[-67.309,3.384],[-67.856,2.79],[-67.627,2.813],[-67.19,2.394],[-66.875,1.223],[-67.086,1.176],[-67.117,1.71],[-67.425,2.138],[-67.929,1.741],[-68.192,2.015],[-68.28,1.829],[-68.163,1.721],[-69.856,1.708],[-69.852,1.059],[-69.289,1.038],[-69.137,0.65],[-69.478,0.733],[-70.054,0.588],[-70.068,-0.16],[-69.62,-0.525],[-69.399,-1.183],[-69.965,-4.236],[-70.311,-3.829],[-70.734,-3.782],[-70.051,-2.715],[-70.106,-2.625],[-70.648,-2.451],[-70.905,-2.211],[-71.421,-2.376],[-71.746,-2.132],[-72.176,-2.41],[-72.644,-2.334],[-72.935,-2.425],[-73.198,-2.214],[-73.111,-2.073],[-73.193,-1.789],[-73.531,-1.674],[-73.497,-1.478],[-73.637,-1.255],[-74.267,-0.972],[-74.418,-0.543],[-74.791,-0.313],[-74.825,-0.17],[-75.79,0.084],[-76.3,0.462],[-76.565,0.216],[-77.397,0.388],[-77.468,0.651],[-77.703,0.843],[-78.349,1.056],[-79.022,1.638]]],[[[-78.131,2.627],[-78.13,2.622],[-78.107,2.594],[-78.131,2.627]]],[[[-77.902,2.696],[-77.888,2.687],[-77.85,2.638],[-77.902,2.696]]],[[[-77.806,2.662],[-77.768,2.633],[-77.754,2.618],[-77.806,2.662]]],[[[-77.272,4.258],[-77.55,4.205],[-77.428,4.341],[-77.272,4.258]]],[[[-81.711,12.523],[-81.72,12.543],[-81.717,12.563],[-81.711,12.523]]],[[[-81.383,13.319],[-81.386,13.341],[-81.379,13.363],[-81.383,13.319]]],[[[-81.612,3.959],[-81.615,3.961],[-81.616,3.964],[-81.612,3.959]]],[[[-78.187,2.99],[-78.173,3.002],[-78.164,3.002],[-78.187,2.99]]],[[[-75.587,10.368],[-75.576,10.378],[-75.568,10.373],[-75.587,10.368]]],[[[-80.09,13.578],[-80.09,13.578],[-80.089,13.578],[-80.09,13.578]]]]}},{"type":"Feature","properties":{"iso3":"PRY","name":"Paraguay"},"geometry":{"type":"Polygon","coordinates":[[[-62.65,-22.234],[-62.276,-21.067],[-62.269,-20.553],[-61.753,-19.646],[-60.006,-19.298],[-59.09,-19.287],[-58.164,-19.833],[-58.163,-20.243],[-57.818,-20.954],[-57.986,-22.074],[-56.856,-22.293],[-56.408,-22.076],[-56.214,-22.275],[-55.861,-22.29],[-55.624,-22.639],[-55.421,-23.955],[-55.165,-24.017],[-54.639,-23.804],[-54.245,-24.051],[-54.427,-25.149],[-54.61,-25.433],[-54.698,-26.428],[-55.122,-26.942],[-55.534,-27.099],[-55.607,-27.346],[-55.755,-27.444],[-56.125,-27.299],[-56.4,-27.587],[-56.546,-27.455],[-57.18,-27.487],[-58.022,-27.26],[-58.604,-27.316],[-58.653,-27.156],[-58.179,-26.651],[-58.151,-26.181],[-57.873,-26.01],[-57.775,-25.702],[-57.575,-25.564],[-57.754,-25.181],[-58.809,-24.777],[-60.034,-24.007],[-61.006,-23.805],[-61.11,-23.607],[-61.956,-23.034],[-62.287,-22.484],[-62.65,-22.234]]]}},{"type":"Feature","properties":{"iso3":"PRT","name":"Portugal"},"geometry":{"type":"MultiPolygon","coordinates":[[[[-9.497,38.788],[-9.351,39.197],[-9.409,39.375],[-9.09,39.579],[-8.785,40.119],[-8.908,40.201],[-8.753,40.641],[-8.573,40.756],[-8.655,40.845],[-8.751,40.653],[-8.648,41.153],[-8.831,41.672],[-8.696,41.722],[-8.88,41.766],[-8.751,41.969],[-8.222,42.154],[-8.095,42.041],[-8.18,41.811],[-6.609,41.962],[-6.542,41.659],[-6.206,41.57],[-6.942,41.016],[-6.816,40.857],[-6.794,40.356],[-7.043,40.181],[-6.88,40.009],[-7.021,39.694],[-7.557,39.68],[-7.314,39.457],[-7.258,39.211],[-6.973,39.014],[-7.27,38.738],[-7.359,38.446],[-7.104,38.174],[-6.948,38.197],[-7.024,38.023],[-7.273,37.977],[-7.53,37.567],[-7.408,37.165],[-7.82,36.999],[-8.58,37.124],[-8.998,37.021],[-8.752,37.731],[-8.895,37.953],[-8.795,38.359],[-8.943,38.481],[-8.607,38.419],[-8.773,38.565],[-9.231,38.419],[-9.253,38.665],[-8.943,38.776],[-9.012,38.913],[-8.765,39.098],[-8.936,39.041],[-9.113,38.714],[-9.322,38.67],[-9.497,38.788]]],[[[-16.487,32.492],[-16.522,32.539],[-16.53,32.549],[-16.487,32.492]]],[[[-17.252,32.815],[-16.673,32.759],[-16.977,32.647],[-17.252,32.815]]],[[[-16.34,33.057],[-16.353,33.044],[-16.364,33.034],[-16.34,33.057]]],[[[-7.956,36.981],[-7.904,36.975],[-7.884,36.981],[-7.956,36.981]]],[[[-25.067,37.021],[-25.047,37.011],[-25.029,36.992],[-25.067,37.021]]],[[[-25.132,37.786],[-25.506,37.707],[-25.859,37.854],[-25.132,37.786]]],[[[-28.041,38.409],[-28.549,38.484],[-28.415,38.556],[-28.041,38.409]]],[[[-28.61,38.597],[-28.596,38.553],[-28.603,38.551],[-28.61,38.597]]],[[[-27.891,38.604],[-27.817,38.583],[-27.779,38.567],[-27.891,38.604]]],[[[-27.02,38.694],[-27.228,38.641],[-27.392,38.759],[-27.02,38.694]]],[[[-27.983,39.015],[-28.004,39.016],[-28.025,39.019],[-27.983,39.015]]],[[[-31.132,39.423],[-31.285,39.416],[-31.219,39.522],[-31.132,39.423]]],[[[-31.117,39.728],[-31.083,39.723],[-31.08,39.693],[-31.117,39.728]]],[[[-16.028,30.034],[-16.023,30.032],[-16.023,30.029],[-16.027,30.03],[-16.028,30.034]]],[[[-15.864,30.153],[-15.855,30.147],[-15.855,30.14],[-15.864,30.153]]],[[[-9.041,38.868],[-9.035,38.871],[-9.035,38.864],[-9.041,38.868]]]]}},{"type":"Feature","properties":{"iso3":"MDA","name":"Moldova"},"geometry":{"type":"Polygon","coordinates":[[[26.618,48.259],[26.832,48.391],[27.605,48.484],[28.093,48.237],[28.358,48.239],[28.317,48.135],[28.48,48.065],[28.574,48.155],[28.95,47.935],[29.124,47.976],[29.236,47.871],[29.156,47.45],[29.41,47.28],[29.557,47.324],[29.559,46.946],[29.928,46.81],[29.902,46.531],[30.132,46.423],[29.828,46.339],[29.714,46.471],[29.616,46.362],[29.458,46.485],[29.201,46.357],[29.184,46.538],[28.946,46.455],[28.957,46.001],[28.74,45.953],[28.474,45.658],[28.502,45.509],[28.199,45.462],[28.062,45.594],[28.168,45.632],[28.083,46.015],[28.247,46.621],[28.083,46.972],[27.304,47.667],[27.043,48.127],[26.618,48.259]]]}},{"type":"Feature","properties":{"iso3":"TKM","name":"Turkmenistan"},"geometry":{"type":"MultiPolygon","coordinates":[[[[52.438,41.749],[52.979,42.127],[54.123,42.338],[54.907,41.932],[55.478,41.267],[57.01,41.254],[57.161,41.368],[57.02,41.466],[56.978,41.895],[57.382,42.164],[57.85,42.191],[58.016,42.5],[58.491,42.298],[58.121,42.624],[58.535,42.655],[58.588,42.791],[58.894,42.548],[59.146,42.527],[59.258,42.348],[60.028,42.2],[59.906,41.967],[60.253,41.78],[60.049,41.753],[60.165,41.585],[60.094,41.39],[60.478,41.212],[61.281,41.157],[61.433,41.3],[61.878,41.125],[62.134,40.578],[62.353,40.43],[62.453,40.009],[63.709,39.191],[64.151,38.949],[64.337,38.971],[65.604,38.237],[65.877,38.273],[66.646,37.946],[66.47,37.33],[65.761,37.578],[65.537,37.257],[64.808,37.136],[64.478,36.272],[64.057,36.105],[64.045,35.999],[63.104,35.856],[63.214,35.699],[63.077,35.625],[63.08,35.437],[62.621,35.223],[62.432,35.281],[62.286,35.141],[62.007,35.439],[61.605,35.431],[61.245,35.649],[61.13,35.971],[61.225,36.124],[61.166,36.636],[60.342,36.637],[60.019,37.026],[59.462,37.208],[59.312,37.53],[58.801,37.695],[58.358,37.633],[58.157,37.788],[57.352,37.968],[57.186,38.276],[57.038,38.187],[56.436,38.255],[56.214,38.069],[55.447,38.084],[54.857,37.761],[54.654,37.439],[53.914,37.343],[53.827,38.525],[53.983,38.916],[53.702,39.079],[53.725,39.242],[53.684,39.083],[53.568,39.193],[53.562,39.353],[53.15,39.344],[53.161,39.18],[53.085,39.4],[53.276,39.665],[53.217,39.525],[53.733,39.528],[53.417,39.65],[53.382,39.769],[53.574,39.968],[52.914,40.022],[53.008,39.766],[52.738,40.054],[52.737,40.485],[52.917,41.085],[53.119,40.77],[53.37,40.835],[53.483,40.737],[53.625,40.887],[53.721,40.626],[54.404,40.674],[54.25,40.891],[54.64,40.839],[54.76,40.965],[54.678,41.071],[54.767,41.037],[54.074,41.488],[53.819,42.124],[53.164,42.104],[52.96,41.984],[52.769,41.676],[52.917,41.674],[52.813,41.379],[52.882,41.05],[52.438,41.749]]],[[[53.102,38.782],[53.026,39.039],[53.082,39.098],[53.102,38.782]]],[[[53.469,39.585],[53.48,39.593],[53.492,39.598],[53.469,39.585]]]]}},{"type":"Feature","properties":{"iso3":"JOR","name":"Jordan"},"geometry":{"type":"Polygon","coordinates":[[[39.292,32.245],[38.963,31.994],[36.96,31.491],[37.981,30.499],[37.648,30.331],[37.47,29.995],[36.729,29.854],[36.477,29.495],[36.044,29.191],[34.949,29.352],[35.14,30.43],[35.438,31.104],[35.594,32.67],[35.896,32.713],[36.066,32.517],[36.807,32.313],[38.775,33.372],[39.029,32.328],[39.236,32.353],[39.292,32.245]]]}},{"type":"Feature","properties":{"iso3":"NPL","name":"Nepal"},"geometry":{"type":"Polygon","coordinates":[[[88.169,26.744],[87.975,26.367],[87.87,26.465],[87.3,26.346],[87.106,26.405],[87.041,26.58],[86.714,26.415],[86.284,26.612],[85.829,26.566],[85.609,26.851],[85.287,26.737],[84.64,27.028],[84.607,27.31],[84.117,27.513],[83.834,27.434],[83.855,27.345],[83.387,27.47],[83.282,27.331],[82.752,27.495],[82.68,27.694],[82.402,27.677],[82.027,27.912],[81.856,27.851],[81.296,28.128],[81.17,28.361],[80.556,28.679],[80.488,28.562],[80.33,28.627],[80.03,28.878],[80.258,29.202],[80.214,29.417],[80.369,29.758],[80.868,30.2],[81.195,30.004],[81.388,30.374],[82.073,30.337],[82.154,30.058],[82.837,29.66],[83.174,29.621],[83.524,29.184],[84.09,29.257],[84.207,28.941],[84.451,28.734],[84.812,28.542],[85.161,28.595],[85.087,28.304],[85.693,28.335],[85.963,27.891],[86.113,27.927],[86.156,28.157],[86.203,28.003],[86.425,27.91],[86.662,28.107],[87.156,27.826],[88.156,27.851],[87.969,27.111],[88.169,26.744]]]}},{"type":"Feature","properties":{"iso3":"LSO","name":"Lesotho"},"geometry":{"type":"Polygon","coordinates":[[[29.436,-29.342],[29.114,-29.75],[29.144,-29.92],[28.384,-30.144],[28.201,-30.282],[28.079,-30.659],[27.744,-30.6],[27.366,-30.311],[27.381,-30.143],[27.002,-29.667],[27.35,-29.48],[27.747,-28.909],[28.619,-28.572],[29.312,-29.09],[29.436,-29.342]]]}},{"type":"Feature","properties":{"iso3":"CMR","name":"Cameroon"},"geometry":{"type":"Polygon","coordinates":[[[8.505,4.551],[8.799,5.16],[8.845,5.831],[9.693,6.531],[9.789,6.795],[10.143,7.008],[10.211,6.879],[10.496,6.875],[10.579,7.131],[11.037,6.741],[11.097,6.449],[11.319,6.437],[11.533,6.645],[11.562,6.876],[11.872,7.079],[11.737,7.263],[12.192,7.961],[12.227,8.386],[12.404,8.497],[12.369,8.61],[12.795,8.789],[12.855,9.378],[13.195,9.542],[13.23,10.045],[13.435,10.153],[13.755,11.017],[13.982,11.276],[14.165,11.238],[14.616,11.539],[14.542,11.71],[14.668,12.178],[14.487,12.338],[14.189,12.37],[14.065,13.078],[14.418,13.081],[14.555,12.767],[14.819,12.639],[14.898,12.153],[15.049,12.085],[15.138,10.522],[15.681,9.991],[14.182,9.978],[13.946,9.653],[14.35,9.168],[15.052,8.644],[15.441,7.839],[15.563,7.792],[14.772,6.318],[14.387,6.039],[14.617,5.865],[14.52,5.291],[14.659,5.165],[14.717,4.622],[15.19,4.063],[15.026,4.026],[15.171,3.759],[16.055,2.94],[16.208,2.223],[16.086,2.149],[16.159,1.735],[16.07,1.655],[15.707,1.932],[14.892,2.006],[14.562,2.209],[13.295,2.161],[13.164,2.283],[11.657,2.322],[11.352,2.301],[11.322,2.166],[9.971,2.169],[9.8,2.342],[9.929,3.272],[9.642,3.539],[9.82,3.628],[9.626,3.6],[9.546,3.82],[9.744,3.82],[9.676,3.909],[9.764,3.957],[9.619,3.96],[9.755,4.136],[9.579,4.013],[9.479,4.111],[9.532,3.989],[9.344,3.916],[9.326,4.032],[9.211,3.964],[8.971,4.101],[8.847,4.64],[8.788,4.541],[8.655,4.738],[8.723,4.513],[8.505,4.551]]]}},{"type":"Feature","properties":{"iso3":"GAB","name":"Gabon"},"geometry":{"type":"MultiPolygon","coordinates":[[[[14.499,-0.631],[14.405,-1.893],[14.24,-1.982],[14.148,-2.225],[14.234,-2.355],[14.09,-2.499],[13.846,-2.467],[13.906,-2.36],[13.743,-2.097],[13.459,-2.441],[12.969,-2.372],[12.805,-1.919],[12.427,-1.884],[12.459,-2.33],[11.558,-2.349],[11.624,-2.633],[11.531,-2.867],[11.637,-2.833],[11.778,-3.006],[11.688,-3.171],[11.944,-3.303],[11.828,-3.548],[11.898,-3.666],[11.666,-3.691],[11.483,-3.509],[11.213,-3.697],[11.114,-3.937],[9.703,-2.443],[9.977,-2.629],[10.137,-2.527],[9.597,-2.352],[9.271,-1.877],[9.543,-2.071],[9.518,-1.926],[9.255,-1.835],[8.984,-1.231],[9.28,-1.675],[9.56,-1.608],[9.457,-1.47],[9.287,-1.566],[9.335,-1.283],[9.186,-1.411],[9.03,-1.299],[8.696,-0.587],[8.844,-0.8],[8.929,-0.687],[9.011,-0.875],[9.306,-0.332],[9.345,0.356],[9.488,0.098],[9.504,0.188],[9.812,0.024],[9.759,0.126],[10.026,0.188],[9.498,0.291],[9.306,0.544],[9.539,0.681],[9.464,0.599],[9.608,0.469],[9.592,1.014],[9.745,1.06],[9.944,0.925],[11.336,0.999],[11.352,2.301],[11.657,2.322],[13.243,2.271],[13.185,1.223],[13.795,1.434],[14.252,1.331],[14.448,0.816],[13.945,0.35],[13.831,-0.205],[14.095,-0.277],[14.16,-0.455],[14.359,-0.461],[14.499,-0.631]]],[[[9.042,-0.67],[8.993,-0.761],[8.949,-0.662],[9.042,-0.67]]],[[[9.377,0.81],[9.384,0.81],[9.38,0.807],[9.377,0.81]]]]}},{"type":"Feature","properties":{"iso3":"NER","name":"Niger"},"geometry":{"type":"Polygon","coordinates":[[[0.153,14.547],[0.221,14.996],[0.949,14.98],[1.298,15.276],[3.0,15.339],[3.034,15.426],[3.507,15.354],[3.527,15.496],[3.871,15.715],[4.184,16.416],[4.229,19.142],[5.794,19.45],[7.483,20.873],[11.969,23.517],[13.482,23.18],[14.216,22.616],[14.98,22.996],[15.185,21.491],[15.609,20.951],[15.57,20.752],[15.97,20.336],[15.736,19.904],[15.466,16.895],[14.369,15.75],[13.834,15.02],[13.658,14.549],[13.449,14.439],[13.607,13.704],[13.33,13.709],[13.228,13.548],[12.842,13.489],[12.473,13.064],[11.44,13.364],[10.771,13.383],[10.12,13.25],[9.611,12.803],[8.679,12.924],[8.105,13.3],[7.824,13.345],[6.937,12.995],[6.369,13.626],[5.522,13.88],[5.228,13.741],[4.507,13.695],[4.126,13.473],[4.089,12.996],[3.642,12.518],[3.596,11.696],[2.844,12.399],[2.37,12.236],[2.39,11.897],[2.052,12.342],[2.245,12.424],[2.109,12.706],[1.564,12.632],[0.984,13.032],[0.984,13.368],[1.269,13.346],[0.594,13.689],[0.153,14.547]]]}},{"type":"Feature","properties":{"iso3":"BFA","name":"Burkina Faso"},"geometry":{"type":"Polygon","coordinates":[[[2.39,11.897],[2.011,11.427],[1.44,11.474],[0.963,10.974],[0.488,10.933],[-0.302,11.163],[-0.635,10.908],[-0.828,11.006],[-2.837,10.998],[-2.933,10.634],[-2.768,10.421],[-2.764,9.392],[-3.215,9.916],[-3.755,9.936],[-4.15,9.818],[-4.371,9.583],[-4.51,9.745],[-4.681,9.682],[-4.966,9.901],[-5.119,10.294],[-5.403,10.301],[-5.523,10.425],[-5.504,11.073],[-5.333,11.122],[-5.218,11.422],[-5.287,11.759],[-5.412,11.829],[-4.761,12.007],[-4.406,12.307],[-4.485,12.715],[-4.212,12.819],[-4.327,13.169],[-3.978,13.5],[-3.972,13.387],[-3.449,13.169],[-3.449,13.266],[-3.249,13.293],[-3.287,13.698],[-2.895,13.652],[-2.867,14.001],[-2.597,14.222],[-2.036,14.181],[-1.997,14.471],[-1.697,14.496],[-0.72,15.078],[0.218,14.911],[0.159,14.496],[0.389,14.252],[0.369,14.039],[0.594,13.689],[1.269,13.346],[0.984,13.368],[0.984,13.032],[1.564,12.632],[2.109,12.706],[2.245,12.424],[2.052,12.342],[2.39,11.897]]]}},{"type":"Feature","properties":{"iso3":"TGO","name":"Togo"},"geometry":{"type":"Polygon","coordinates":[[[-0.166,11.135],[0.488,10.933],[0.901,10.993],[0.761,10.382],[1.331,9.996],[1.326,9.522],[1.596,9.077],[1.644,8.493],[1.566,6.678],[1.782,6.277],[1.185,6.1],[0.746,6.441],[0.519,6.832],[0.646,7.324],[0.496,7.504],[0.612,7.699],[0.574,8.204],[0.713,8.298],[0.366,8.774],[0.506,8.866],[0.431,9.028],[0.531,9.401],[0.227,9.432],[0.23,9.576],[0.378,9.589],[0.261,9.657],[0.347,9.663],[0.397,10.283],[-0.088,10.633],[0.016,11.063],[-0.166,11.135]]]}},{"type":"Feature","properties":{"iso3":"GHA","name":"Ghana"},"geometry":{"type":"Polygon","coordinates":[[[1.188,6.136],[0.955,5.791],[0.252,5.759],[-2.091,4.737],[-2.357,4.92],[-3.12,5.091],[-2.767,5.161],[-2.73,5.373],[-2.793,5.608],[-3.03,5.704],[-3.263,6.617],[-2.791,7.943],[-2.506,8.209],[-2.619,8.924],[-2.775,9.055],[-2.66,9.273],[-2.795,9.72],[-2.768,10.421],[-2.933,10.634],[-2.837,10.998],[-0.828,11.006],[-0.635,10.908],[-0.302,11.163],[0.001,11.086],[-0.098,10.654],[0.397,10.283],[0.347,9.663],[0.261,9.657],[0.378,9.589],[0.23,9.576],[0.227,9.432],[0.531,9.401],[0.431,9.028],[0.506,8.866],[0.366,8.774],[0.713,8.298],[0.574,8.204],[0.612,7.699],[0.496,7.504],[0.646,7.324],[0.516,6.842],[0.746,6.441],[1.188,6.136]]]}},{"type":"Feature","properties":{"iso3":"GNB","name":"Guinea-Bissau"},"geometry":{"type":"MultiPolygon","coordinates":[[[[-13.661,12.459],[-13.712,12.268],[-13.973,12.152],[-13.724,12.003],[-13.73,11.71],[-14.711,11.498],[-15.085,10.928],[-15.001,11.217],[-15.23,10.995],[-15.207,11.234],[-15.234,11.123],[-15.358,11.144],[-15.426,11.287],[-15.268,11.433],[-15.507,11.358],[-15.281,11.625],[-15.007,11.612],[-15.228,11.659],[-15.226,11.755],[-15.439,11.557],[-15.426,11.694],[-15.551,11.733],[-15.439,11.885],[-15.09,11.94],[-14.936,11.753],[-15.07,11.861],[-15.007,11.978],[-15.426,11.961],[-15.83,11.748],[-15.796,11.885],[-15.959,11.735],[-15.865,11.972],[-15.714,12.016],[-16.125,11.885],[-16.355,12.087],[-16.063,12.351],[-16.458,12.172],[-16.728,12.333],[-15.677,12.439],[-15.195,12.679],[-13.728,12.673],[-13.661,12.459]]],[[[-15.878,11.074],[-15.981,11.061],[-15.946,11.2],[-15.878,11.074]]],[[[-15.974,11.159],[-15.972,11.13],[-15.974,11.116],[-15.974,11.159]]],[[[-16.049,11.118],[-16.132,11.029],[-16.248,11.105],[-16.1,11.208],[-16.049,11.118]]],[[[-15.857,11.303],[-15.831,11.303],[-15.826,11.293],[-15.857,11.303]]],[[[-15.658,11.303],[-15.662,11.285],[-15.656,11.252],[-15.658,11.303]]],[[[-16.173,11.221],[-16.239,11.215],[-16.251,11.218],[-16.173,11.221]]],[[[-15.665,11.494],[-15.663,11.492],[-15.661,11.489],[-15.665,11.494]]],[[[-16.255,11.447],[-16.276,11.447],[-16.288,11.449],[-16.255,11.447]]],[[[-16.276,11.496],[-16.282,11.493],[-16.292,11.493],[-16.276,11.496]]],[[[-15.898,11.543],[-15.944,11.432],[-16.084,11.468],[-15.898,11.543]]],[[[-15.473,11.632],[-15.474,11.619],[-15.485,11.607],[-15.473,11.632]]],[[[-16.166,11.871],[-15.986,11.887],[-16.041,11.755],[-16.166,11.871]]]]}},{"type":"Feature","properties":{"iso3":"USA","name":"United States of America"},"geometry":{"type":"MultiPolygon","coordinates":[[[[-66.977,44.816],[-67.196,44.644],[-67.554,44.644],[-67.603,44.528],[-67.828,44.584],[-68.061,44.328],[-68.202,44.525],[-68.409,44.405],[-68.478,44.493],[-68.541,44.237],[-68.821,44.315],[-68.699,44.41],[-68.816,44.402],[-68.802,44.56],[-68.987,44.421],[-68.937,44.332],[-69.191,43.952],[-69.364,44.061],[-69.548,43.835],[-69.534,44.021],[-69.592,43.808],[-69.63,44.027],[-69.758,43.76],[-69.775,44.06],[-69.883,43.977],[-69.828,43.698],[-69.869,43.87],[-70.027,43.74],[-69.999,43.862],[-70.287,43.65],[-70.205,43.561],[-70.733,43.12],[-70.864,42.826],[-70.597,42.634],[-70.878,42.538],[-71.047,42.322],[-70.742,42.236],[-70.591,42.017],[-70.715,42.003],[-70.335,41.719],[-70.0,41.816],[-70.1,42.037],[-70.247,42.061],[-70.081,42.058],[-69.939,41.674],[-70.659,41.521],[-70.624,41.729],[-70.71,41.748],[-71.186,41.469],[-71.111,41.797],[-71.26,41.651],[-71.391,41.819],[-71.498,41.366],[-72.91,41.305],[-73.894,40.804],[-73.976,41.292],[-73.918,40.931],[-74.283,40.497],[-73.979,40.449],[-74.093,39.776],[-74.061,40.062],[-74.297,39.509],[-74.407,39.557],[-74.413,39.357],[-74.642,39.307],[-74.551,39.283],[-74.955,38.926],[-74.906,39.18],[-75.146,39.187],[-75.558,39.613],[-75.024,40.016],[-75.592,39.649],[-75.394,39.056],[-75.084,38.796],[-75.065,38.633],[-75.139,38.688],[-75.208,38.57],[-75.06,38.613],[-75.045,38.425],[-75.079,38.337],[-75.063,38.457],[-75.18,38.408],[-75.104,38.316],[-75.819,37.454],[-75.949,37.125],[-75.935,37.576],[-75.633,37.96],[-75.875,37.951],[-75.743,38.111],[-75.941,38.135],[-75.819,38.234],[-75.907,38.271],[-75.843,38.404],[-76.038,38.232],[-76.319,38.474],[-76.172,38.566],[-76.277,38.625],[-75.97,38.607],[-76.288,38.776],[-76.341,38.673],[-76.305,38.823],[-76.173,38.757],[-76.106,38.878],[-76.247,38.951],[-76.375,38.842],[-76.315,39.029],[-76.198,38.979],[-76.065,39.146],[-76.243,39.033],[-76.175,39.316],[-75.839,39.371],[-76.034,39.393],[-75.839,39.461],[-75.832,39.584],[-76.001,39.453],[-75.935,39.604],[-76.083,39.558],[-76.21,39.365],[-76.232,39.475],[-76.284,39.311],[-76.401,39.393],[-76.449,39.195],[-76.623,39.26],[-76.394,39.025],[-76.569,39.066],[-76.452,38.944],[-76.569,38.953],[-76.393,38.354],[-76.636,38.474],[-76.681,38.679],[-76.674,38.486],[-76.373,38.299],[-76.324,38.044],[-76.456,38.207],[-76.517,38.132],[-76.804,38.254],[-76.881,38.399],[-76.839,38.257],[-76.922,38.292],[-77.032,38.481],[-77.255,38.394],[-77.228,38.557],[-77.012,38.697],[-77.068,38.902],[-77.048,38.716],[-77.23,38.657],[-77.343,38.349],[-77.041,38.396],[-76.954,38.21],[-76.615,38.15],[-76.248,37.903],[-76.305,37.638],[-76.505,37.657],[-77.134,38.166],[-76.552,37.627],[-76.284,37.57],[-76.393,37.533],[-76.27,37.517],[-76.258,37.336],[-76.415,37.443],[-76.372,37.288],[-76.496,37.249],[-76.798,37.504],[-76.275,37.048],[-76.429,36.976],[-76.86,37.323],[-77.274,37.316],[-76.67,37.185],[-76.524,36.863],[-76.005,36.932],[-75.524,35.794],[-75.719,36.01],[-75.947,36.718],[-75.901,36.496],[-76.045,36.59],[-76.037,36.501],[-75.786,36.082],[-75.962,36.307],[-75.908,36.165],[-76.199,36.323],[-76.063,36.162],[-76.463,36.206],[-76.312,36.096],[-76.577,36.012],[-76.73,36.323],[-76.73,35.945],[-76.048,35.984],[-76.124,35.795],[-76.037,35.699],[-76.141,35.699],[-76.037,35.651],[-75.853,35.98],[-75.722,35.829],[-75.784,35.576],[-75.886,35.637],[-76.15,35.347],[-76.374,35.343],[-76.418,35.465],[-76.498,35.391],[-76.575,35.497],[-76.463,35.541],[-76.647,35.521],[-76.6,35.395],[-77.052,35.534],[-76.47,35.271],[-76.764,34.989],[-77.079,35.157],[-76.94,34.98],[-76.54,34.932],[-76.454,35.073],[-76.462,34.941],[-76.27,34.973],[-76.346,34.883],[-76.513,34.734],[-76.616,34.816],[-76.633,34.709],[-76.685,34.801],[-77.093,34.677],[-77.132,34.762],[-77.337,34.561],[-77.436,34.753],[-77.379,34.527],[-77.73,34.316],[-77.942,33.93],[-77.963,34.191],[-78.018,33.896],[-78.375,33.951],[-78.763,33.779],[-79.183,33.218],[-79.272,33.317],[-79.19,33.437],[-79.277,33.359],[-79.183,33.184],[-79.387,33.017],[-79.585,33.014],[-79.829,32.763],[-79.944,32.851],[-79.887,32.688],[-80.266,32.621],[-80.204,32.561],[-80.323,32.488],[-80.67,32.521],[-80.478,32.478],[-80.587,32.457],[-80.458,32.423],[-80.547,32.347],[-80.43,32.41],[-80.553,32.279],[-80.855,32.539],[-80.678,32.215],[-80.821,32.108],[-80.788,32.236],[-80.958,31.879],[-81.118,31.908],[-81.106,31.743],[-81.273,31.766],[-81.196,31.718],[-81.326,31.349],[-81.492,31.368],[-81.268,31.259],[-81.386,31.142],[-81.455,31.206],[-81.533,30.854],[-81.294,29.894],[-80.528,28.473],[-80.592,28.208],[-80.451,27.866],[-80.62,28.207],[-80.6,28.6],[-80.766,28.612],[-80.848,28.791],[-80.197,27.18],[-80.314,27.243],[-80.149,27.138],[-80.038,26.811],[-80.129,25.775],[-80.141,25.901],[-80.402,25.186],[-81.102,25.125],[-81.13,25.344],[-80.917,25.246],[-81.141,25.385],[-81.348,25.817],[-81.732,25.92],[-81.856,26.449],[-82.009,26.485],[-81.78,26.715],[-82.039,26.528],[-82.097,26.909],[-81.978,26.996],[-82.155,26.928],[-82.274,27.016],[-82.15,26.803],[-82.314,26.849],[-82.729,27.515],[-82.589,27.503],[-82.422,27.917],[-82.527,27.825],[-82.691,28.038],[-82.719,27.928],[-82.562,27.886],[-82.654,27.695],[-82.815,27.832],[-82.719,27.66],[-82.842,27.829],[-82.634,28.888],[-82.801,29.175],[-83.041,29.18],[-83.681,29.921],[-84.209,30.107],[-84.466,29.99],[-84.377,29.887],[-85.346,29.678],[-85.357,29.889],[-85.68,30.134],[-85.395,30.056],[-85.721,30.196],[-85.587,30.326],[-85.854,30.265],[-85.721,30.134],[-86.511,30.408],[-86.108,30.387],[-86.207,30.505],[-87.194,30.36],[-86.894,30.439],[-87.03,30.607],[-87.077,30.45],[-87.181,30.585],[-87.329,30.32],[-87.529,30.278],[-87.346,30.428],[-87.427,30.483],[-87.59,30.275],[-88.03,30.224],[-87.764,30.28],[-88.03,30.738],[-88.138,30.32],[-88.928,30.442],[-89.332,30.377],[-89.596,30.156],[-90.189,30.391],[-90.405,30.22],[-90.414,30.107],[-90.168,30.024],[-89.667,30.164],[-89.84,30.011],[-89.665,29.875],[-89.486,30.076],[-89.366,30.049],[-89.455,29.976],[-89.345,29.792],[-89.601,29.735],[-89.483,29.634],[-89.757,29.634],[-89.54,29.398],[-89.197,29.353],[-89.01,29.175],[-89.134,28.996],[-89.248,29.106],[-89.414,28.928],[-89.276,29.16],[-89.384,29.088],[-89.455,29.25],[-89.818,29.316],[-89.816,29.474],[-90.182,29.579],[-90.018,29.298],[-90.229,29.087],[-90.261,29.269],[-90.394,29.243],[-90.434,29.357],[-90.603,29.308],[-90.641,29.141],[-90.884,29.134],[-91.328,29.295],[-91.223,29.38],[-91.113,29.271],[-91.228,29.608],[-91.299,29.484],[-91.559,29.538],[-91.638,29.742],[-91.858,29.719],[-91.848,29.831],[-92.202,29.764],[-92.025,29.627],[-92.314,29.534],[-93.2,29.773],[-93.831,29.7],[-93.894,29.791],[-93.76,29.961],[-93.854,29.987],[-93.876,29.675],[-94.763,29.367],[-94.486,29.566],[-94.779,29.53],[-94.734,29.782],[-94.92,29.655],[-95.052,29.75],[-95.024,29.542],[-94.821,29.374],[-95.171,29.209],[-95.159,29.046],[-96.219,28.489],[-95.988,28.645],[-96.226,28.587],[-96.188,28.691],[-96.346,28.635],[-96.445,28.764],[-96.37,28.627],[-96.493,28.579],[-96.651,28.73],[-96.548,28.469],[-96.404,28.435],[-96.654,28.319],[-96.793,28.48],[-96.88,28.151],[-96.91,28.264],[-96.973,28.134],[-97.173,28.159],[-97.149,28.006],[-97.021,28.1],[-97.184,27.837],[-97.521,27.873],[-97.26,27.695],[-97.411,27.335],[-97.63,27.3],[-97.774,27.468],[-97.668,27.311],[-97.761,27.279],[-97.426,27.264],[-97.562,26.838],[-97.256,25.999],[-97.152,26.075],[-97.138,25.975],[-97.366,25.844],[-97.66,26.031],[-98.223,26.075],[-99.106,26.423],[-99.462,27.057],[-99.515,27.589],[-100.275,28.277],[-100.669,29.116],[-101.405,29.778],[-102.321,29.894],[-102.691,29.737],[-102.859,29.229],[-103.123,28.996],[-103.387,29.029],[-104.517,29.654],[-104.934,30.611],[-106.209,31.477],[-106.392,31.746],[-108.215,31.778],[-108.215,31.327],[-111.067,31.334],[-114.822,32.5],[-114.724,32.713],[-117.125,32.532],[-117.509,33.335],[-118.117,33.744],[-118.412,33.742],[-118.514,34.022],[-119.129,34.101],[-119.563,34.415],[-120.454,34.443],[-120.637,34.563],[-120.645,35.139],[-120.877,35.224],[-120.887,35.433],[-121.288,35.665],[-121.9,36.304],[-121.981,36.584],[-121.764,36.722],[-121.804,36.836],[-122.339,37.119],[-122.52,37.531],[-122.515,37.781],[-122.409,37.81],[-122.374,37.604],[-122.032,37.463],[-122.332,37.782],[-122.366,38.012],[-121.69,38.009],[-121.607,38.099],[-121.445,38.004],[-121.604,38.106],[-121.779,38.036],[-121.683,38.147],[-122.13,38.042],[-122.397,38.153],[-122.502,38.114],[-122.439,37.882],[-122.528,37.816],[-122.92,38.065],[-123.027,37.994],[-122.996,38.243],[-122.832,38.096],[-123.726,38.919],[-123.854,39.834],[-124.364,40.261],[-124.386,40.51],[-124.082,40.844],[-124.233,40.767],[-124.068,41.539],[-124.263,41.776],[-124.204,41.971],[-124.36,42.113],[-124.4,42.616],[-124.567,42.834],[-124.401,43.31],[-124.14,43.375],[-124.209,43.452],[-124.335,43.365],[-124.07,43.712],[-124.203,43.681],[-123.871,45.698],[-123.981,45.76],[-124.023,46.231],[-123.799,46.102],[-123.865,46.186],[-123.18,46.179],[-124.08,46.272],[-124.063,46.655],[-123.958,46.378],[-123.841,46.416],[-123.956,46.623],[-123.764,46.678],[-124.093,46.743],[-124.127,46.899],[-124.021,46.832],[-123.813,46.959],[-124.117,47.043],[-124.178,46.926],[-124.423,47.742],[-124.735,48.17],[-124.697,48.391],[-123.971,48.166],[-123.108,48.184],[-122.873,47.994],[-122.77,48.141],[-122.62,47.878],[-122.8,47.68],[-122.856,47.826],[-123.161,47.357],[-122.839,47.432],[-123.114,47.391],[-122.571,47.82],[-122.613,47.946],[-122.468,47.757],[-122.661,47.73],[-122.592,47.583],[-122.697,47.623],[-122.508,47.52],[-122.569,47.264],[-122.686,47.301],[-122.633,47.405],[-122.773,47.173],[-122.806,47.398],[-123.079,47.13],[-122.93,47.174],[-123.01,47.083],[-122.893,47.047],[-122.853,47.165],[-122.722,47.089],[-122.538,47.316],[-122.328,47.357],[-122.404,47.798],[-122.192,48.026],[-122.376,48.213],[-122.469,48.177],[-122.348,48.054],[-122.51,48.147],[-122.534,48.25],[-122.386,48.304],[-122.683,48.43],[-122.489,48.455],[-122.567,48.585],[-122.44,48.581],[-122.509,48.756],[-122.667,48.732],[-122.753,48.993],[-95.177,48.993],[-95.161,49.369],[-94.983,49.356],[-94.827,49.293],[-94.593,48.726],[-93.875,48.636],[-93.757,48.517],[-92.98,48.618],[-92.649,48.536],[-92.719,48.46],[-92.491,48.433],[-92.372,48.223],[-92.07,48.347],[-91.575,48.048],[-90.874,48.234],[-90.75,48.084],[-89.364,47.98],[-88.347,48.299],[-84.879,46.898],[-84.567,46.461],[-84.11,46.526],[-83.965,46.063],[-83.614,46.116],[-83.463,46.008],[-83.637,45.774],[-82.532,45.294],[-82.146,43.576],[-82.526,42.62],[-83.08,42.305],[-83.159,42.046],[-83.068,41.848],[-82.667,41.669],[-82.425,41.677],[-81.277,42.209],[-80.247,42.365],[-79.019,42.803],[-78.909,42.93],[-79.174,43.465],[-78.751,43.617],[-76.842,43.626],[-76.328,44.181],[-74.904,45.005],[-71.504,45.014],[-71.334,45.289],[-70.993,45.348],[-70.892,45.235],[-70.263,45.923],[-70.281,46.212],[-70.008,46.704],[-69.237,47.459],[-69.07,47.432],[-69.057,47.269],[-68.906,47.19],[-68.3,47.368],[-67.814,47.082],[-67.807,45.713],[-67.431,45.598],[-67.471,45.266],[-67.176,45.179],[-67.04,44.973],[-67.203,44.905],[-66.977,44.816]]],[[[-129.989,55.284],[-130.385,54.897],[-130.691,54.763],[-130.753,54.969],[-130.745,54.822],[-130.918,54.803],[-130.987,55.044],[-130.72,55.081],[-130.462,55.332],[-130.76,55.097],[-131.057,55.126],[-130.925,55.294],[-130.612,55.297],[-130.862,55.312],[-130.92,55.81],[-131.196,55.971],[-131.01,56.113],[-131.915,55.859],[-131.764,55.797],[-131.881,55.599],[-132.004,55.668],[-131.961,55.501],[-132.172,55.589],[-132.266,55.756],[-132.046,55.817],[-131.963,56.157],[-131.489,56.222],[-131.908,56.233],[-132.345,56.529],[-132.305,56.64],[-132.54,56.631],[-132.36,56.818],[-132.761,56.846],[-132.922,56.983],[-132.768,56.97],[-132.795,57.093],[-132.878,57.021],[-133.552,57.181],[-133.038,57.367],[-133.42,57.344],[-133.336,57.438],[-133.497,57.532],[-133.313,57.593],[-133.591,57.575],[-133.648,57.703],[-133.004,57.518],[-133.529,57.751],[-133.552,57.915],[-133.124,57.857],[-133.554,57.929],[-133.686,57.791],[-133.861,57.957],[-133.691,57.942],[-133.682,58.155],[-133.864,57.987],[-134.06,58.072],[-134.005,58.409],[-133.772,58.525],[-133.977,58.505],[-134.158,58.204],[-134.756,58.382],[-134.991,58.683],[-134.916,58.656],[-134.95,58.82],[-135.026,58.738],[-135.149,58.844],[-135.348,59.471],[-135.414,59.301],[-135.554,59.32],[-135.307,59.087],[-135.554,59.23],[-135.163,58.635],[-135.094,58.237],[-135.35,58.277],[-135.485,58.484],[-135.478,58.374],[-135.909,58.381],[-135.821,58.6],[-136.074,58.813],[-135.773,58.905],[-136.047,58.861],[-136.157,59.038],[-136.225,58.923],[-136.1,58.854],[-136.21,58.751],[-136.475,58.837],[-136.492,58.971],[-136.712,59.026],[-136.633,58.892],[-137.059,59.064],[-136.904,58.932],[-137.13,58.826],[-136.588,58.848],[-136.516,58.702],[-136.343,58.692],[-136.526,58.614],[-136.293,58.669],[-136.027,58.388],[-136.273,58.313],[-136.506,58.443],[-136.561,58.374],[-136.371,58.3],[-136.621,58.354],[-136.561,58.258],[-136.665,58.22],[-137.631,58.606],[-137.438,58.656],[-137.671,58.633],[-138.288,59.081],[-138.61,59.128],[-138.449,59.192],[-138.63,59.142],[-139.857,59.546],[-139.48,59.704],[-139.621,59.89],[-139.473,59.994],[-139.305,59.865],[-139.29,59.576],[-139.28,59.834],[-138.897,59.813],[-139.521,60.051],[-139.849,59.819],[-140.323,59.701],[-141.454,59.882],[-141.267,59.956],[-141.378,60.142],[-141.478,60.111],[-141.393,60.022],[-141.673,59.961],[-142.798,60.112],[-144.25,60.032],[-144.003,60.04],[-144.196,60.206],[-144.942,60.307],[-144.761,60.673],[-144.623,60.717],[-145.27,60.357],[-145.939,60.456],[-145.629,60.679],[-146.263,60.654],[-146.043,60.801],[-146.696,60.745],[-146.093,60.841],[-146.628,60.827],[-146.753,60.955],[-146.278,61.123],[-146.609,61.131],[-146.977,60.946],[-147.288,61.007],[-147.365,60.891],[-147.423,61.012],[-147.542,60.913],[-147.561,61.156],[-147.665,61.015],[-147.599,60.869],[-147.703,60.951],[-147.87,60.838],[-148.05,60.95],[-147.73,61.28],[-148.049,61.027],[-148.146,61.118],[-148.409,61.06],[-148.149,61.06],[-148.333,60.971],[-148.333,60.819],[-148.704,60.793],[-148.45,60.8],[-148.667,60.675],[-148.375,60.78],[-148.43,60.629],[-148.231,60.773],[-148.197,60.629],[-148.69,60.457],[-148.47,60.546],[-148.238,60.457],[-148.084,60.605],[-147.936,60.461],[-148.391,60.277],[-148.443,60.184],[-148.1,60.221],[-148.333,60.17],[-148.435,59.959],[-149.107,59.969],[-149.103,60.058],[-149.286,59.875],[-149.409,60.124],[-149.389,59.998],[-149.628,59.828],[-149.527,59.718],[-149.725,59.964],[-149.868,59.848],[-149.746,59.667],[-150.032,59.799],[-149.916,59.718],[-150.013,59.628],[-150.119,59.7],[-150.088,59.595],[-150.348,59.47],[-150.224,59.715],[-150.479,59.467],[-150.493,59.601],[-150.657,59.552],[-150.609,59.439],[-150.959,59.204],[-151.243,59.318],[-151.097,59.233],[-151.742,59.167],[-151.977,59.279],[-151.689,59.48],[-151.382,59.445],[-151.441,59.532],[-150.993,59.779],[-151.411,59.608],[-151.872,59.749],[-151.306,60.387],[-151.397,60.738],[-150.387,61.047],[-150.225,60.937],[-149.026,60.855],[-150.067,61.156],[-149.246,61.499],[-149.428,61.513],[-149.757,61.453],[-149.984,61.246],[-150.5,61.262],[-150.54,61.369],[-151.567,60.995],[-151.808,60.848],[-151.711,60.726],[-152.051,60.673],[-152.33,60.492],[-152.246,60.396],[-152.596,60.228],[-153.083,60.3],[-152.579,60.07],[-152.738,59.908],[-153.243,59.862],[-153.0,59.813],[-153.166,59.664],[-153.425,59.649],[-153.322,59.718],[-153.453,59.793],[-153.491,59.65],[-153.706,59.632],[-153.586,59.567],[-153.877,59.546],[-153.751,59.44],[-154.145,59.381],[-153.953,59.361],[-154.261,59.148],[-154.165,59.026],[-153.712,59.071],[-153.264,58.857],[-154.11,58.477],[-154.0,58.386],[-154.364,58.285],[-154.121,58.28],[-154.302,58.196],[-154.247,58.126],[-154.494,58.203],[-154.583,58.025],[-155.023,58.026],[-155.069,57.897],[-155.337,57.833],[-155.31,57.74],[-155.605,57.792],[-155.742,57.552],[-156.02,57.577],[-156.061,57.43],[-156.545,57.323],[-156.34,57.285],[-156.447,57.23],[-156.376,57.143],[-156.645,57.059],[-156.55,56.983],[-156.785,57.049],[-156.809,56.907],[-156.961,56.977],[-157.189,56.776],[-157.42,56.867],[-157.406,56.764],[-157.606,56.722],[-157.483,56.62],[-157.773,56.684],[-158.133,56.53],[-157.869,56.569],[-157.877,56.478],[-158.431,56.438],[-158.646,56.271],[-158.473,56.343],[-158.208,56.284],[-158.414,56.202],[-158.119,56.236],[-158.41,56.181],[-158.503,56.102],[-158.428,56.007],[-158.605,56.052],[-158.479,56.191],[-158.64,56.202],[-158.683,55.958],[-158.859,56.013],[-159.422,55.79],[-159.545,55.89],[-159.627,55.578],[-159.757,55.599],[-159.617,55.635],[-159.71,55.668],[-159.625,55.813],[-159.846,55.851],[-160.164,55.657],[-160.442,55.647],[-160.366,55.606],[-160.495,55.486],[-160.613,55.606],[-160.768,55.545],[-160.683,55.465],[-160.925,55.519],[-161.279,55.355],[-161.518,55.383],[-161.389,55.572],[-161.145,55.535],[-161.621,55.613],[-161.902,55.218],[-162.046,55.236],[-162.001,55.093],[-162.101,55.168],[-162.202,55.04],[-162.449,55.04],[-162.517,55.115],[-162.361,55.105],[-162.645,55.3],[-162.718,55.218],[-162.56,54.961],[-162.649,55.053],[-162.878,54.939],[-163.183,55.139],[-163.206,55.019],[-163.05,54.942],[-163.341,54.811],[-163.246,54.97],[-163.335,55.12],[-162.497,55.374],[-162.621,55.407],[-161.8,55.89],[-161.155,56.017],[-161.368,55.956],[-160.874,55.993],[-161.023,55.891],[-160.69,55.698],[-160.792,55.887],[-160.244,55.777],[-160.58,55.99],[-160.189,56.387],[-158.889,56.89],[-159.025,56.797],[-158.64,56.764],[-158.682,57.022],[-158.312,57.315],[-157.758,57.564],[-157.414,57.49],[-157.595,57.493],[-157.71,57.653],[-157.606,58.105],[-157.139,58.168],[-157.483,58.23],[-157.562,58.364],[-156.941,58.738],[-157.078,58.757],[-156.783,59.155],[-157.084,58.887],[-158.203,58.613],[-158.558,58.806],[-158.498,58.994],[-157.995,58.908],[-158.544,59.176],[-158.462,59.053],[-158.729,58.874],[-158.825,58.977],[-158.788,58.77],[-158.915,58.775],[-158.709,58.492],[-158.882,58.4],[-159.661,58.839],[-159.617,58.931],[-159.906,58.765],[-160.329,58.941],[-160.255,58.99],[-160.352,59.071],[-160.834,58.813],[-161.306,58.813],[-161.301,58.682],[-161.708,58.561],[-162.176,58.645],[-161.677,58.774],[-161.775,58.771],[-161.856,59.034],[-161.569,59.115],[-161.974,59.131],[-162.039,59.289],[-161.714,59.501],[-162.21,60.025],[-162.251,60.201],[-162.149,60.245],[-162.29,60.242],[-162.229,60.146],[-162.317,60.113],[-162.459,60.295],[-162.224,60.588],[-161.882,60.704],[-162.183,60.731],[-162.123,60.659],[-162.416,60.382],[-162.703,60.266],[-162.45,60.191],[-162.526,59.998],[-163.316,59.83],[-164.098,59.834],[-164.212,59.955],[-164.115,60.005],[-164.413,60.092],[-164.649,60.334],[-165.143,60.451],[-164.986,60.547],[-165.431,60.553],[-164.999,60.711],[-164.875,60.849],[-164.937,60.936],[-164.271,60.788],[-164.218,60.69],[-164.42,60.554],[-163.956,60.78],[-163.686,60.59],[-163.409,60.752],[-163.93,60.855],[-163.564,60.913],[-163.704,61.0],[-164.007,60.862],[-165.171,60.942],[-164.766,61.109],[-165.059,61.063],[-165.191,61.136],[-165.061,61.218],[-165.143,61.259],[-165.157,61.156],[-165.363,61.213],[-164.724,61.626],[-165.294,61.334],[-165.226,61.273],[-165.39,61.225],[-165.374,61.072],[-165.605,61.124],[-165.61,61.287],[-165.877,61.337],[-165.777,61.516],[-166.2,61.595],[-166.144,61.726],[-166.116,61.636],[-165.766,61.691],[-166.103,61.821],[-165.588,61.862],[-165.75,61.984],[-165.706,62.117],[-165.133,62.516],[-164.582,62.426],[-164.858,62.564],[-164.479,62.746],[-164.813,62.62],[-164.89,62.787],[-164.766,62.801],[-164.883,62.842],[-164.691,63.027],[-164.314,63.014],[-164.595,63.13],[-164.424,63.209],[-163.995,63.256],[-163.542,63.129],[-163.807,62.986],[-163.529,63.117],[-163.094,63.057],[-162.309,63.547],[-162.018,63.486],[-162.169,63.431],[-161.057,63.574],[-160.767,63.824],[-160.973,64.25],[-161.189,64.418],[-161.539,64.398],[-161.414,64.538],[-161.035,64.508],[-160.792,64.726],[-161.155,64.925],[-161.02,64.947],[-161.546,64.751],[-161.806,64.823],[-161.716,64.795],[-162.511,64.559],[-162.781,64.344],[-162.827,64.501],[-163.149,64.658],[-163.39,64.597],[-163.04,64.521],[-163.166,64.411],[-163.679,64.586],[-165.036,64.448],[-166.19,64.585],[-166.483,64.73],[-166.39,64.899],[-166.957,65.178],[-166.88,65.282],[-166.932,65.169],[-166.713,65.113],[-166.371,65.273],[-166.031,65.243],[-167.399,65.401],[-168.137,65.665],[-167.531,65.726],[-167.561,65.809],[-167.346,65.899],[-167.06,65.878],[-166.311,66.175],[-165.5,66.152],[-165.89,66.241],[-164.274,66.602],[-163.629,66.57],[-163.93,66.586],[-163.762,66.526],[-163.855,66.289],[-164.191,66.193],[-163.68,66.079],[-162.759,66.111],[-162.677,66.007],[-162.179,66.076],[-161.858,65.977],[-161.506,66.279],[-161.086,66.241],[-161.163,66.119],[-161.018,66.193],[-161.136,66.343],[-161.511,66.408],[-161.875,66.378],[-161.896,66.27],[-161.888,66.524],[-162.625,66.861],[-162.485,66.96],[-162.307,66.953],[-162.017,66.781],[-162.066,66.653],[-161.634,66.458],[-161.204,66.539],[-160.765,66.37],[-160.229,66.412],[-160.275,66.655],[-161.136,66.652],[-161.495,66.537],[-161.902,66.735],[-161.731,66.954],[-161.525,66.991],[-162.457,66.995],[-162.36,67.167],[-162.58,67.015],[-163.725,67.111],[-163.824,67.355],[-164.151,67.62],[-166.297,68.3],[-166.829,68.351],[-166.315,68.406],[-166.223,68.886],[-164.346,68.929],[-163.623,69.119],[-163.126,69.39],[-163.149,69.606],[-162.938,69.711],[-163.019,69.746],[-161.906,70.321],[-161.703,70.264],[-162.122,70.154],[-160.95,70.29],[-159.947,70.597],[-160.202,70.477],[-159.922,70.49],[-160.134,70.325],[-159.948,70.37],[-159.771,70.195],[-159.887,70.387],[-159.826,70.497],[-159.291,70.538],[-159.716,70.497],[-160.127,70.626],[-159.161,70.887],[-159.449,70.777],[-159.222,70.689],[-159.279,70.765],[-158.99,70.777],[-159.06,70.817],[-157.865,70.866],[-156.472,71.413],[-156.372,71.38],[-156.604,71.354],[-155.573,71.15],[-156.187,70.922],[-155.981,70.894],[-155.978,70.76],[-155.192,70.995],[-155.289,71.086],[-155.09,71.155],[-155.097,71.017],[-154.972,71.12],[-154.6,71.013],[-154.81,70.881],[-154.23,70.778],[-153.256,70.933],[-152.328,70.857],[-152.219,70.812],[-152.509,70.664],[-152.075,70.579],[-152.63,70.559],[-151.733,70.559],[-151.98,70.449],[-151.222,70.376],[-150.794,70.503],[-150.379,70.497],[-150.417,70.415],[-149.489,70.523],[-147.68,70.212],[-145.88,70.175],[-144.942,69.978],[-143.236,70.118],[-141.413,69.65],[-141.015,69.654],[-140.995,60.304],[-140.016,60.187],[-139.68,60.327],[-139.079,60.341],[-139.182,60.073],[-137.611,59.239],[-137.487,58.9],[-136.569,59.172],[-136.468,59.462],[-136.245,59.528],[-136.35,59.592],[-135.483,59.792],[-135.26,59.698],[-135.019,59.559],[-135.096,59.419],[-134.958,59.281],[-134.692,59.235],[-133.392,58.404],[-132.231,57.197],[-132.341,57.08],[-132.032,57.028],[-132.107,56.859],[-131.872,56.793],[-131.826,56.593],[-130.072,56.084],[-130.02,55.908],[-130.174,55.749],[-129.989,55.284]]],[[[-123.091,48.993],[-123.035,48.992],[-123.045,48.984],[-123.088,48.972],[-123.089,48.988],[-123.091,48.993]]],[[[-73.933,40.797],[-73.946,40.777],[-73.972,40.741],[-73.933,40.797]]],[[[-71.315,41.581],[-71.331,41.576],[-71.337,41.582],[-71.315,41.581]]],[[[-69.664,43.789],[-69.685,43.811],[-69.689,43.828],[-69.673,43.853],[-69.647,43.837],[-69.648,43.819],[-69.652,43.79],[-69.664,43.789]]],[[[-69.669,43.956],[-69.669,43.943],[-69.681,43.934],[-69.669,43.956]]],[[[-68.607,44.089],[-68.602,44.07],[-68.599,44.047],[-68.607,44.089]]],[[[-68.811,44.149],[-68.824,44.145],[-68.841,44.138],[-68.811,44.149]]],[[[-68.391,44.163],[-68.392,44.146],[-68.404,44.134],[-68.391,44.163]]],[[[-68.921,44.237],[-68.934,44.236],[-68.934,44.244],[-68.921,44.237]]],[[[-68.49,44.348],[-68.487,44.335],[-68.475,44.324],[-68.49,44.348]]],[[[-68.868,44.382],[-68.859,44.358],[-68.868,44.348],[-68.868,44.382]]],[[[-67.566,44.461],[-67.585,44.444],[-67.594,44.457],[-67.566,44.461]]],[[[-67.284,44.62],[-67.271,44.613],[-67.276,44.603],[-67.302,44.596],[-67.322,44.603],[-67.319,44.612],[-67.303,44.625],[-67.284,44.62]]],[[[-67.045,44.927],[-67.045,44.944],[-67.038,44.955],[-67.045,44.927]]],[[[-132.613,54.784],[-132.794,54.902],[-132.629,54.904],[-132.613,54.784]]],[[[-131.195,54.907],[-131.482,54.926],[-131.236,54.995],[-131.195,54.907]]],[[[-132.668,55.051],[-132.874,55.036],[-132.823,55.19],[-132.668,55.051]]],[[[-132.671,54.677],[-132.843,54.694],[-133.217,55.099],[-133.107,55.249],[-132.671,54.677]]],[[[-131.625,55.017],[-131.552,55.277],[-131.345,55.071],[-131.625,55.017]]],[[[-133.291,55.263],[-133.28,55.282],[-133.26,55.282],[-133.291,55.263]]],[[[-131.633,55.263],[-131.764,55.249],[-131.743,55.143],[-131.867,55.373],[-131.633,55.263]]],[[[-133.442,55.38],[-133.607,55.236],[-133.689,55.311],[-133.581,55.426],[-133.442,55.38]]],[[[-133.538,55.483],[-133.525,55.5],[-133.518,55.515],[-133.538,55.483]]],[[[-133.347,55.448],[-133.361,55.461],[-133.395,55.503],[-133.347,55.448]]],[[[-133.799,55.448],[-133.703,55.558],[-133.579,55.509],[-133.799,55.448]]],[[[-133.306,55.797],[-133.542,55.695],[-133.682,55.79],[-133.306,55.797]]],[[[-133.217,55.866],[-133.251,55.776],[-133.341,55.837],[-133.217,55.866]]],[[[-155.556,55.915],[-155.597,55.76],[-155.75,55.818],[-155.556,55.915]]],[[[-134.102,55.921],[-134.258,55.818],[-134.347,55.911],[-134.102,55.921]]],[[[-133.92,55.921],[-133.877,55.938],[-133.856,55.942],[-133.92,55.921]]],[[[-131.82,55.464],[-131.517,55.729],[-131.709,55.74],[-131.483,55.783],[-131.688,55.832],[-131.435,55.846],[-131.579,55.907],[-131.462,55.935],[-131.209,55.945],[-130.935,55.643],[-130.972,55.385],[-131.192,55.186],[-131.311,55.236],[-131.21,55.406],[-131.298,55.277],[-131.463,55.293],[-131.271,55.447],[-131.351,55.646],[-131.325,55.447],[-131.462,55.332],[-131.421,55.53],[-131.506,55.499],[-131.526,55.299],[-131.82,55.464]]],[[[-133.285,56.133],[-133.311,55.998],[-133.795,55.944],[-133.483,56.092],[-133.617,56.132],[-133.285,56.133]]],[[[-132.092,56.106],[-132.202,56.092],[-132.133,55.929],[-132.319,55.915],[-132.713,56.14],[-132.427,56.352],[-132.484,56.195],[-132.092,56.106]]],[[[-131.949,54.79],[-132.004,54.694],[-132.278,54.715],[-132.216,54.804],[-132.36,54.804],[-132.265,54.845],[-132.38,55.023],[-132.436,54.917],[-132.593,54.968],[-132.465,55.051],[-132.613,55.064],[-132.641,55.256],[-132.696,55.147],[-132.799,55.27],[-133.213,55.279],[-133.207,55.384],[-132.846,55.352],[-133.126,55.484],[-132.908,55.633],[-133.379,55.63],[-133.144,55.89],[-133.286,56.167],[-133.635,56.278],[-133.182,56.332],[-133.025,56.172],[-133.14,56.119],[-133.079,56.058],[-132.558,55.874],[-132.435,55.627],[-132.141,55.465],[-132.524,55.625],[-132.682,55.455],[-132.277,55.453],[-132.484,55.407],[-132.155,55.366],[-132.095,55.267],[-132.24,55.197],[-131.994,55.268],[-132.001,55.104],[-132.223,54.989],[-131.963,55.03],[-132.047,54.899],[-131.949,54.79]]],[[[-132.613,56.401],[-132.82,56.236],[-133.055,56.345],[-132.924,56.452],[-132.613,56.401]]],[[[-131.928,56.211],[-132.072,56.119],[-132.306,56.235],[-132.377,56.472],[-131.928,56.211]]],[[[-154.056,56.53],[-154.044,56.548],[-154.02,56.555],[-154.056,56.53]]],[[[-157.061,56.582],[-157.045,56.573],[-157.009,56.564],[-157.061,56.582]]],[[[-154.425,56.593],[-154.416,56.587],[-154.408,56.579],[-154.425,56.593]]],[[[-154.083,56.552],[-154.091,56.547],[-154.139,56.532],[-154.083,56.552]]],[[[-132.963,56.8],[-132.531,56.589],[-132.919,56.507],[-132.963,56.8]]],[[[-134.409,56.843],[-134.108,56.846],[-134.265,56.942],[-134.013,56.885],[-133.905,56.754],[-134.025,56.654],[-133.862,56.81],[-133.717,56.771],[-133.706,56.604],[-133.923,56.617],[-133.847,56.298],[-133.973,56.361],[-133.961,56.086],[-134.052,56.319],[-134.19,56.178],[-134.129,55.999],[-134.265,56.26],[-134.16,56.312],[-134.282,56.363],[-134.039,56.373],[-134.034,56.486],[-134.306,56.565],[-134.086,56.647],[-134.358,56.677],[-134.409,56.843]]],[[[-132.934,56.642],[-133.346,56.838],[-133.079,56.53],[-133.621,56.442],[-133.679,56.854],[-134.018,57.018],[-133.052,56.983],[-132.934,56.642]]],[[[-152.885,57.15],[-153.272,56.999],[-153.412,57.079],[-153.244,57.211],[-152.885,57.15]]],[[[-135.546,57.141],[-135.841,56.99],[-135.711,57.168],[-135.855,57.223],[-135.725,57.329],[-135.546,57.141]]],[[[-134.608,56.596],[-134.667,56.17],[-135.053,56.538],[-134.847,56.689],[-135.11,56.602],[-134.999,56.762],[-135.188,56.677],[-135.122,56.832],[-135.368,56.829],[-135.35,56.97],[-135.165,57.042],[-135.375,57.093],[-135.266,57.161],[-135.413,57.158],[-135.334,57.25],[-135.675,57.359],[-135.475,57.354],[-135.609,57.388],[-135.381,57.554],[-135.279,57.511],[-135.396,57.443],[-135.18,57.481],[-134.909,57.34],[-134.998,57.347],[-134.833,57.247],[-134.608,56.596]]],[[[-153.302,57.833],[-153.32,57.835],[-153.328,57.836],[-153.302,57.833]]],[[[-152.147,57.623],[-152.363,57.429],[-152.973,57.518],[-153.042,57.429],[-152.596,57.374],[-152.837,57.271],[-153.175,57.351],[-152.959,57.257],[-153.542,57.176],[-153.498,57.074],[-153.761,57.052],[-153.56,56.987],[-153.987,56.744],[-154.15,56.751],[-153.74,57.134],[-154.1,56.965],[-153.96,57.12],[-154.495,57.114],[-154.104,57.114],[-154.305,56.856],[-154.529,56.992],[-154.602,57.259],[-154.81,57.347],[-154.22,57.676],[-154.019,57.647],[-153.973,57.572],[-154.11,57.545],[-153.631,57.271],[-153.851,57.577],[-153.678,57.545],[-153.885,57.648],[-153.585,57.617],[-153.925,57.81],[-153.665,57.895],[-153.507,57.627],[-153.499,57.761],[-153.321,57.731],[-153.449,57.847],[-153.179,57.71],[-153.24,57.902],[-153.048,57.833],[-153.284,58.01],[-152.808,57.908],[-152.886,57.729],[-152.818,57.86],[-152.486,57.911],[-152.329,57.826],[-152.551,57.703],[-152.147,57.623]]],[[[-136.561,58.018],[-136.475,58.098],[-136.337,58.007],[-136.451,57.847],[-136.561,58.018]]],[[[-153.418,58.066],[-153.278,58.147],[-152.891,57.998],[-153.418,58.066]]],[[[-151.866,58.258],[-151.827,58.266],[-151.81,58.263],[-151.866,58.258]]],[[[-136.431,58.107],[-136.273,58.107],[-136.356,58.22],[-136.273,58.221],[-136.101,58.059],[-136.137,58.223],[-135.965,58.164],[-135.785,58.276],[-135.485,58.162],[-135.793,57.984],[-135.641,57.952],[-135.408,58.139],[-135.101,58.097],[-134.925,58.027],[-134.916,57.847],[-135.204,57.943],[-134.93,57.813],[-135.89,57.99],[-135.364,57.726],[-134.914,57.756],[-134.814,57.497],[-135.057,57.467],[-135.813,57.764],[-135.546,57.466],[-135.848,57.394],[-136.012,57.518],[-135.801,57.466],[-136.074,57.607],[-135.95,57.621],[-136.416,57.826],[-136.312,57.996],[-136.033,57.847],[-136.431,58.107]]],[[[-134.597,58.237],[-134.62,58.246],[-134.651,58.268],[-134.597,58.237]]],[[[-134.971,58.386],[-134.693,58.168],[-134.177,58.164],[-133.789,57.589],[-134.307,58.098],[-134.289,57.837],[-133.84,57.463],[-134.101,57.476],[-133.865,57.355],[-134.176,57.388],[-134.085,57.256],[-134.615,57.01],[-134.633,57.224],[-134.457,57.312],[-134.556,57.398],[-134.306,57.394],[-134.569,57.492],[-134.354,57.545],[-134.654,57.598],[-134.806,58.055],[-134.731,58.179],[-134.908,58.201],[-134.971,58.386]]],[[[-151.966,58.321],[-152.117,58.148],[-152.277,58.264],[-152.37,58.203],[-152.274,58.135],[-152.548,58.086],[-152.577,58.207],[-152.805,57.992],[-153.23,58.169],[-152.905,58.168],[-153.11,58.271],[-152.767,58.258],[-152.883,58.409],[-152.651,58.484],[-152.42,58.323],[-152.117,58.401],[-152.144,58.234],[-151.966,58.321]]],[[[-152.664,58.546],[-152.343,58.6],[-152.502,58.473],[-152.664,58.546]]],[[[-160.686,58.811],[-160.966,58.55],[-161.172,58.691],[-160.686,58.811]]],[[[-152.25,58.923],[-152.334,58.912],[-152.363,58.916],[-152.25,58.923]]],[[[-150.704,59.395],[-150.682,59.405],[-150.654,59.407],[-150.704,59.395]]],[[[-153.525,59.33],[-153.535,59.337],[-153.545,59.339],[-153.525,59.33]]],[[[-150.335,59.457],[-150.307,59.464],[-150.295,59.465],[-150.335,59.457]]],[[[-144.342,59.985],[-144.308,59.989],[-144.246,60.008],[-144.342,59.985]]],[[[-148.005,60.047],[-147.993,60.045],[-147.99,60.039],[-148.005,60.047]]],[[[-147.827,60.053],[-147.843,60.03],[-147.868,60.009],[-147.827,60.053]]],[[[-147.964,60.074],[-148.019,60.075],[-148.044,60.07],[-147.964,60.074]]],[[[-148.159,60.043],[-148.169,60.038],[-148.259,60.023],[-148.159,60.043]]],[[[-146.922,60.313],[-147.492,59.862],[-147.915,59.793],[-147.201,60.242],[-147.19,60.362],[-146.922,60.313]]],[[[-147.977,60.376],[-147.983,60.366],[-148.005,60.344],[-147.977,60.376]]],[[[-145.174,60.382],[-145.12,60.41],[-145.095,60.416],[-145.174,60.382]]],[[[-146.079,60.402],[-146.6,60.245],[-146.682,60.286],[-146.49,60.361],[-146.723,60.386],[-146.588,60.484],[-146.079,60.402]]],[[[-147.614,60.437],[-147.737,60.396],[-147.625,60.39],[-147.766,60.174],[-147.909,60.238],[-147.758,60.341],[-147.875,60.333],[-147.793,60.472],[-147.614,60.437]]],[[[-151.87,60.485],[-151.88,60.477],[-151.892,60.458],[-151.87,60.485]]],[[[-145.757,60.629],[-145.75,60.621],[-145.77,60.61],[-145.757,60.629]]],[[[-147.498,60.657],[-147.487,60.661],[-147.45,60.67],[-147.498,60.657]]],[[[-147.929,60.718],[-147.925,60.732],[-147.92,60.742],[-147.929,60.718]]],[[[-148.169,60.663],[-148.195,60.681],[-148.222,60.706],[-148.169,60.663]]],[[[-148.137,60.826],[-148.032,60.93],[-147.912,60.825],[-148.137,60.826]]],[[[-162.341,63.602],[-162.342,63.597],[-162.344,63.594],[-162.341,63.602]]],[[[-163.185,69.61],[-163.172,69.658],[-163.153,69.678],[-163.185,69.61]]],[[[-141.423,69.722],[-141.409,69.715],[-141.397,69.706],[-141.423,69.722]]],[[[-163.056,69.805],[-163.03,69.833],[-163.0,69.856],[-163.056,69.805]]],[[[-162.702,70.022],[-162.677,70.044],[-162.642,70.066],[-162.702,70.022]]],[[[-162.485,70.173],[-162.309,70.241],[-162.163,70.27],[-162.485,70.173]]],[[[-161.551,70.326],[-161.838,70.343],[-161.912,70.34],[-161.977,70.312],[-161.97,70.321],[-161.943,70.34],[-161.888,70.354],[-161.551,70.326]]],[[[-148.82,70.47],[-148.822,70.469],[-148.912,70.489],[-148.82,70.47]]],[[[-81.746,24.576],[-81.741,24.573],[-81.737,24.57],[-81.746,24.576]]],[[[-81.705,24.598],[-81.696,24.591],[-81.684,24.591],[-81.705,24.598]]],[[[-81.506,24.639],[-81.506,24.631],[-81.531,24.615],[-81.506,24.639]]],[[[-81.088,24.686],[-81.093,24.701],[-81.104,24.707],[-81.088,24.686]]],[[[-81.43,24.755],[-81.427,24.751],[-81.425,24.75],[-81.43,24.755]]],[[[-80.924,24.769],[-80.928,24.766],[-80.932,24.764],[-80.924,24.769]]],[[[-80.8,24.844],[-80.802,24.834],[-80.802,24.827],[-80.8,24.844]]],[[[-80.321,25.248],[-80.353,25.206],[-80.366,25.181],[-80.321,25.248]]],[[[-80.19,25.481],[-80.194,25.459],[-80.203,25.437],[-80.19,25.481]]],[[[-80.163,25.673],[-80.176,25.673],[-80.182,25.681],[-80.163,25.673]]],[[[-82.129,26.461],[-82.096,26.455],[-82.077,26.456],[-82.129,26.461]]],[[[-82.26,26.701],[-82.255,26.701],[-82.252,26.7],[-82.26,26.701]]],[[[-82.137,26.585],[-82.132,26.61],[-82.146,26.64],[-82.137,26.585]]],[[[-82.274,26.803],[-82.263,26.78],[-82.258,26.759],[-82.274,26.803]]],[[[-97.163,26.114],[-97.405,27.051],[-97.377,27.208],[-97.163,26.114]]],[[[-82.657,27.397],[-82.664,27.404],[-82.677,27.422],[-82.657,27.397]]],[[[-97.044,27.835],[-97.398,27.229],[-97.254,27.66],[-97.044,27.835]]],[[[-80.389,27.719],[-80.391,27.727],[-80.41,27.756],[-80.389,27.719]]],[[[-96.88,28.13],[-96.868,28.136],[-96.855,28.131],[-96.88,28.13]]],[[[-80.636,28.181],[-80.638,28.193],[-80.641,28.204],[-80.649,28.223],[-80.632,28.19],[-80.629,28.181],[-80.636,28.181]]],[[[-96.403,28.361],[-96.836,28.071],[-96.808,28.188],[-96.403,28.361]]],[[[-96.37,28.407],[-96.37,28.414],[-96.313,28.459],[-96.37,28.407]]],[[[-80.612,28.569],[-80.65,28.225],[-80.74,28.517],[-80.612,28.569]]],[[[-90.944,29.061],[-90.903,29.057],[-90.88,29.051],[-90.915,29.051],[-90.944,29.061]]],[[[-90.347,29.058],[-90.319,29.079],[-90.311,29.082],[-90.303,29.085],[-90.294,29.086],[-90.284,29.086],[-90.284,29.079],[-90.347,29.058]]],[[[-89.963,29.271],[-89.955,29.271],[-89.963,29.264],[-89.963,29.271]]],[[[-94.724,29.333],[-95.117,29.089],[-94.834,29.36],[-94.724,29.333]]],[[[-89.168,29.504],[-89.163,29.504],[-89.162,29.503],[-89.168,29.504]]],[[[-92.037,29.582],[-91.714,29.574],[-91.84,29.484],[-92.037,29.582]]],[[[-85.142,29.641],[-85.15,29.644],[-85.158,29.653],[-85.142,29.641]]],[[[-84.737,29.736],[-84.724,29.74],[-84.705,29.758],[-84.737,29.736]]],[[[-89.455,29.792],[-89.441,29.785],[-89.435,29.772],[-89.455,29.792]]],[[[-89.304,29.805],[-89.294,29.807],[-89.284,29.811],[-89.304,29.805]]],[[[-84.617,29.805],[-84.593,29.819],[-84.584,29.822],[-84.617,29.805]]],[[[-89.234,29.948],[-89.239,29.941],[-89.239,29.936],[-89.234,29.948]]],[[[-89.273,29.982],[-89.281,29.966],[-89.296,29.942],[-89.273,29.982]]],[[[-88.872,30.059],[-88.811,29.915],[-88.855,29.769],[-88.872,30.059]]],[[[-89.433,30.146],[-89.426,30.148],[-89.425,30.143],[-89.431,30.133],[-89.439,30.137],[-89.433,30.146]]],[[[-89.345,30.066],[-89.181,30.169],[-89.201,30.042],[-89.345,30.066]]],[[[-88.941,30.218],[-88.928,30.218],[-88.943,30.214],[-88.969,30.211],[-88.967,30.214],[-88.941,30.218]]],[[[-88.503,30.216],[-88.503,30.224],[-88.427,30.216],[-88.434,30.209],[-88.47,30.211],[-88.503,30.216]]],[[[-89.058,30.258],[-89.057,30.253],[-89.063,30.25],[-89.058,30.258]]],[[[-88.643,30.24],[-88.621,30.232],[-88.56,30.231],[-88.643,30.24]]],[[[-88.071,30.25],[-88.084,30.246],[-88.091,30.245],[-88.071,30.25]]],[[[-86.694,30.408],[-86.659,30.416],[-86.617,30.412],[-86.694,30.408]]],[[[-81.492,30.874],[-81.417,30.95],[-81.462,30.726],[-81.492,30.874]]],[[[-118.359,32.828],[-118.351,32.819],[-118.364,32.817],[-118.359,32.828]]],[[[-79.34,33.06],[-79.342,33.045],[-79.361,33.006],[-79.34,33.06]]],[[[-119.489,33.267],[-119.483,33.264],[-119.462,33.257],[-119.489,33.267]]],[[[-118.516,33.423],[-118.521,33.428],[-118.531,33.429],[-118.516,33.423]]],[[[-77.97,33.89],[-77.963,33.894],[-77.942,33.917],[-77.97,33.89]]],[[[-120.044,34.037],[-120.042,34.028],[-120.05,34.016],[-120.044,34.037]]],[[[-120.345,34.046],[-120.336,34.049],[-120.33,34.047],[-120.345,34.046]]],[[[-119.933,34.06],[-119.521,34.034],[-119.817,33.959],[-119.933,34.06]]],[[[-77.874,34.088],[-77.864,34.114],[-77.857,34.143],[-77.874,34.088]]],[[[-77.432,34.5],[-77.414,34.504],[-77.374,34.523],[-77.432,34.5]]],[[[-76.565,34.671],[-76.555,34.664],[-76.542,34.653],[-76.565,34.671]]],[[[-76.897,34.698],[-76.734,34.718],[-76.681,34.705],[-76.897,34.698]]],[[[-76.256,34.914],[-76.25,34.922],[-76.234,34.932],[-76.256,34.914]]],[[[-76.078,35.072],[-76.072,35.075],[-76.06,35.071],[-76.078,35.072]]],[[[-75.99,35.123],[-75.967,35.118],[-75.94,35.127],[-75.99,35.123]]],[[[-75.452,35.583],[-75.525,35.244],[-75.736,35.188],[-75.516,35.291],[-75.517,35.781],[-75.452,35.583]]],[[[-75.716,35.925],[-75.721,35.93],[-75.728,35.935],[-75.716,35.925]]],[[[-75.656,37.462],[-75.66,37.443],[-75.685,37.415],[-75.656,37.462]]],[[[-75.622,37.571],[-75.613,37.578],[-75.6,37.575],[-75.622,37.571]]],[[[-75.981,37.993],[-76.026,37.914],[-76.051,37.994],[-75.981,37.993]]],[[[-76.033,38.149],[-76.063,38.159],[-76.084,38.161],[-76.033,38.149]]],[[[-75.153,38.207],[-75.114,38.28],[-75.099,38.303],[-75.153,38.207]]],[[[-74.359,39.447],[-74.368,39.465],[-74.352,39.47],[-74.359,39.447]]],[[[-74.133,39.715],[-74.118,39.738],[-74.109,39.749],[-74.133,39.715]]],[[[-73.256,40.639],[-73.32,40.635],[-73.39,40.617],[-73.256,40.639]]],[[[-74.054,40.603],[-74.253,40.507],[-74.171,40.643],[-74.054,40.603]]],[[[-72.882,40.734],[-72.832,40.748],[-72.779,40.767],[-72.882,40.734]]],[[[-71.857,41.072],[-72.724,40.77],[-73.711,40.61],[-73.582,40.584],[-74.04,40.62],[-73.486,40.946],[-72.628,40.984],[-72.247,41.156],[-72.625,40.908],[-72.481,40.898],[-72.322,41.036],[-71.857,41.072]]],[[[-71.559,41.201],[-71.566,41.194],[-71.56,41.184],[-71.559,41.201]]],[[[-71.999,41.252],[-72.023,41.253],[-72.039,41.249],[-71.999,41.252]]],[[[-69.958,41.276],[-70.278,41.308],[-70.082,41.293],[-70.052,41.397],[-69.958,41.276]]],[[[-70.501,41.394],[-70.487,41.403],[-70.471,41.42],[-70.501,41.394]]],[[[-70.507,41.363],[-70.846,41.347],[-70.605,41.474],[-70.507,41.363]]],[[[-71.358,41.558],[-71.357,41.537],[-71.36,41.515],[-71.358,41.558]]],[[[-69.973,41.654],[-69.965,41.651],[-69.961,41.647],[-69.973,41.654]]],[[[-71.221,41.661],[-71.234,41.489],[-71.358,41.472],[-71.221,41.661]]],[[[-123.974,46.493],[-123.971,46.485],[-123.964,46.48],[-123.974,46.493]]],[[[-122.367,47.384],[-122.531,47.357],[-122.456,47.501],[-122.367,47.384]]],[[[-122.497,47.607],[-122.495,47.602],[-122.493,47.594],[-122.497,47.607]]],[[[-122.729,48.097],[-122.719,48.102],[-122.709,48.102],[-122.729,48.097]]],[[[-122.347,47.951],[-122.562,47.987],[-122.756,48.23],[-122.596,48.402],[-122.518,48.294],[-122.724,48.234],[-122.347,47.951]]],[[[-122.806,48.442],[-122.943,48.476],[-122.877,48.566],[-122.806,48.442]]],[[[-122.694,48.586],[-122.678,48.573],[-122.675,48.569],[-122.694,48.586]]],[[[-123.02,48.499],[-123.017,48.497],[-122.999,48.473],[-123.02,48.499]]],[[[-122.746,48.664],[-122.751,48.655],[-122.757,48.65],[-122.746,48.664]]],[[[-122.621,48.669],[-122.615,48.659],[-122.613,48.648],[-122.621,48.669]]],[[[-166.095,53.981],[-166.088,53.978],[-166.08,53.971],[-166.095,53.981]]],[[[-159.521,54.792],[-159.515,54.787],[-159.513,54.779],[-159.521,54.792]]],[[[-161.334,55.191],[-161.331,55.188],[-161.33,55.182],[-161.334,55.191]]],[[[-161.559,55.254],[-161.549,55.253],[-161.544,55.241],[-161.559,55.254]]],[[[-160.036,55.326],[-160.033,55.323],[-160.032,55.314],[-160.036,55.326]]],[[[-159.313,55.811],[-159.298,55.794],[-159.289,55.779],[-159.313,55.811]]],[[[-156.68,56.039],[-156.681,56.037],[-156.677,56.034],[-156.68,56.039]]],[[[-156.78,56.19],[-156.767,56.179],[-156.767,56.168],[-156.78,56.19]]],[[[-157.812,56.343],[-157.807,56.336],[-157.806,56.329],[-157.812,56.343]]],[[[-153.834,57.502],[-153.831,57.485],[-153.829,57.451],[-153.834,57.502]]],[[[-152.344,57.923],[-152.336,57.922],[-152.325,57.916],[-152.344,57.923]]],[[[-152.744,57.984],[-152.73,57.982],[-152.729,57.974],[-152.744,57.984]]],[[[-152.811,58.29],[-152.849,58.301],[-152.903,58.308],[-152.811,58.29]]],[[[-160.259,58.679],[-160.248,58.672],[-160.244,58.663],[-160.259,58.679]]],[[[-160.385,58.731],[-160.382,58.727],[-160.381,58.721],[-160.385,58.731]]],[[[-150.211,61.173],[-150.185,61.174],[-150.178,61.161],[-150.211,61.173]]],[[[-164.587,63.064],[-164.577,63.063],[-164.563,63.056],[-164.587,63.064]]],[[[-179.144,51.275],[-179.134,51.284],[-179.119,51.29],[-179.144,51.275]]],[[[-178.986,51.384],[-178.972,51.397],[-178.954,51.395],[-178.986,51.384]]],[[[-178.787,51.83],[-178.748,51.818],[-178.74,51.784],[-178.787,51.83]]],[[[-176.259,51.782],[-176.397,51.742],[-176.423,51.851],[-176.259,51.782]]],[[[-176.011,51.83],[-176.019,51.824],[-175.999,51.812],[-176.011,51.83]]],[[[-175.991,51.885],[-175.987,51.887],[-175.975,51.897],[-175.991,51.885]]],[[[-178.214,51.876],[-177.622,51.857],[-177.92,51.597],[-178.101,51.665],[-177.955,51.764],[-178.214,51.876]]],[[[-177.047,51.892],[-177.157,51.7],[-177.705,51.7],[-177.047,51.892]]],[[[-175.724,51.974],[-175.708,51.974],[-175.678,51.967],[-175.724,51.974]]],[[[-176.416,51.755],[-176.978,51.6],[-176.82,51.769],[-176.905,51.808],[-176.704,51.788],[-176.742,51.958],[-176.546,51.98],[-176.641,51.857],[-176.416,51.755]]],[[[-175.868,51.987],[-175.851,51.989],[-175.835,51.993],[-175.868,51.987]]],[[[-176.139,51.994],[-176.155,51.995],[-176.165,51.999],[-176.139,51.994]]],[[[-172.956,52.09],[-173.49,52.022],[-174.059,52.125],[-172.956,52.09]]],[[[-172.302,52.344],[-172.633,52.261],[-172.441,52.399],[-172.302,52.344]]],[[[-175.341,52.015],[-174.339,52.186],[-174.228,52.268],[-174.436,52.323],[-174.19,52.418],[-173.992,52.313],[-174.203,52.213],[-174.099,52.113],[-174.411,52.043],[-175.341,52.015]]],[[[-171.256,52.529],[-171.222,52.511],[-171.208,52.499],[-171.256,52.529]]],[[[-170.605,52.687],[-170.593,52.685],[-170.583,52.682],[-170.605,52.687]]],[[[-170.104,52.783],[-170.086,52.779],[-170.066,52.771],[-170.104,52.783]]],[[[-169.679,52.858],[-169.723,52.774],[-170.012,52.838],[-169.679,52.858]]],[[[-170.07,52.919],[-170.014,52.906],[-169.995,52.906],[-170.07,52.919]]],[[[-169.693,53.036],[-169.681,53.033],[-169.673,53.025],[-169.693,53.036]]],[[[-169.111,52.824],[-168.623,53.274],[-168.361,53.271],[-168.365,53.468],[-168.008,53.57],[-167.795,53.502],[-168.49,53.042],[-169.111,52.824]]],[[[-166.089,53.845],[-166.213,53.708],[-166.299,53.782],[-166.089,53.845]]],[[[-167.85,53.31],[-166.96,53.536],[-167.144,53.557],[-166.994,53.618],[-167.028,53.705],[-166.802,53.632],[-166.706,53.721],[-167.151,53.824],[-167.022,53.961],[-166.635,54.005],[-166.61,53.831],[-166.37,54.008],[-166.219,53.919],[-166.575,53.714],[-166.334,53.782],[-166.274,53.687],[-166.665,53.598],[-166.659,53.491],[-166.795,53.57],[-166.752,53.451],[-167.508,53.26],[-167.85,53.31]]],[[[-165.267,54.091],[-165.26,54.085],[-165.253,54.078],[-165.267,54.091]]],[[[-165.657,54.125],[-165.901,54.033],[-166.123,54.118],[-165.946,54.222],[-165.657,54.125]]],[[[-165.684,54.235],[-165.494,54.296],[-165.547,54.222],[-165.405,54.192],[-165.589,54.111],[-165.575,54.235],[-165.684,54.235]]],[[[-159.285,54.941],[-159.269,54.93],[-159.248,54.93],[-159.285,54.941]]],[[[-159.39,55.023],[-159.379,55.017],[-159.363,55.003],[-159.39,55.023]]],[[[-159.49,55.058],[-159.659,55.065],[-159.534,55.251],[-159.49,55.058]]],[[[-159.826,55.181],[-160.244,54.904],[-160.093,55.051],[-160.195,55.122],[-160.018,55.105],[-160.065,55.201],[-159.887,55.297],[-159.917,55.157],[-159.826,55.181]]],[[[-163.139,55.404],[-163.152,55.397],[-163.163,55.399],[-163.139,55.404]]],[[[-154.814,19.507],[-155.503,19.138],[-155.675,18.906],[-155.904,19.069],[-155.887,19.36],[-156.06,19.731],[-155.835,19.976],[-155.831,20.263],[-155.168,19.947],[-154.814,19.507]]],[[[-156.562,20.598],[-156.537,20.571],[-156.55,20.541],[-156.562,20.598]]],[[[-156.804,20.813],[-156.962,20.732],[-157.063,20.89],[-156.804,20.813]]],[[[-155.98,20.757],[-156.408,20.587],[-156.464,20.781],[-156.696,20.916],[-156.598,21.033],[-155.98,20.757]]],[[[-156.706,21.157],[-156.87,21.053],[-157.304,21.128],[-157.26,21.222],[-156.706,21.157]]],[[[-157.647,21.306],[-157.811,21.254],[-157.991,21.391],[-158.099,21.295],[-158.279,21.575],[-157.97,21.709],[-157.647,21.306]]],[[[-160.114,22.0],[-160.096,22.008],[-160.079,22.007],[-160.114,22.0]]],[[[-159.293,22.136],[-159.437,21.869],[-159.787,22.033],[-159.559,22.233],[-159.293,22.136]]],[[[179.472,51.371],[179.243,51.354],[178.636,51.637],[179.472,51.371]]],[[[178.252,51.83],[178.272,51.825],[178.314,51.822],[178.252,51.83]]],[[[178.534,51.987],[178.573,51.976],[178.591,51.968],[178.534,51.987]]],[[[179.781,51.967],[179.642,51.874],[179.486,51.974],[179.781,51.967]]],[[[177.69,52.09],[177.612,51.928],[177.224,51.892],[177.69,52.09]]],[[[175.882,52.378],[175.916,52.378],[175.937,52.372],[175.882,52.378]]],[[[173.791,52.502],[173.743,52.361],[173.389,52.404],[173.791,52.502]]],[[[174.097,52.714],[174.08,52.718],[174.084,52.727],[174.098,52.736],[174.114,52.741],[174.165,52.721],[174.182,52.707],[174.097,52.714]]],[[[172.476,52.927],[173.127,52.995],[173.442,52.858],[172.944,52.75],[172.763,52.796],[172.811,52.888],[172.476,52.927]]],[[[-164.973,54.125],[-164.964,54.131],[-164.955,54.133],[-164.973,54.125]]],[[[-162.409,54.406],[-162.407,54.397],[-162.405,54.391],[-162.409,54.406]]],[[[-162.587,54.441],[-162.55,54.42],[-162.546,54.415],[-162.587,54.441]]],[[[-162.229,54.921],[-162.309,54.837],[-162.436,54.928],[-162.229,54.921]]],[[[-163.051,54.664],[-163.369,54.765],[-163.519,54.636],[-164.133,54.623],[-164.653,54.392],[-164.958,54.585],[-164.478,54.919],[-163.757,55.06],[-163.526,55.044],[-163.354,54.777],[-163.051,54.664]]],[[[-161.731,55.161],[-161.73,55.156],[-161.732,55.154],[-161.731,55.161]]],[[[-160.325,55.359],[-160.333,55.352],[-160.325,55.314],[-160.325,55.359]]],[[[-160.463,55.188],[-160.819,55.12],[-160.86,55.274],[-160.559,55.393],[-160.58,55.236],[-160.463,55.188]]],[[[-160.148,55.386],[-160.16,55.381],[-160.167,55.384],[-160.148,55.386]]],[[[-158.709,55.831],[-158.811,55.86],[-158.858,55.863],[-158.709,55.831]]],[[[-169.581,56.61],[-169.557,56.618],[-169.523,56.616],[-169.581,56.61]]],[[[-170.104,57.25],[-170.29,57.106],[-170.412,57.185],[-170.104,57.25]]],[[[-167.453,60.217],[-166.82,60.218],[-166.157,60.437],[-165.684,60.3],[-165.726,60.066],[-165.541,59.985],[-166.247,59.854],[-166.082,59.779],[-166.182,59.756],[-167.122,60.001],[-167.453,60.217]]],[[[-172.209,60.313],[-173.058,60.498],[-172.925,60.607],[-172.209,60.313]]],[[[-169.81,63.065],[-169.79,63.052],[-169.782,63.043],[-169.81,63.065]]],[[[-169.441,63.364],[-169.489,63.368],[-169.512,63.374],[-169.529,63.383],[-169.508,63.373],[-169.441,63.364]]],[[[-170.296,63.239],[-170.369,63.291],[-170.45,63.325],[-170.708,63.395],[-170.485,63.345],[-170.382,63.301],[-170.296,63.239]]],[[[-170.975,63.431],[-171.059,63.43],[-171.073,63.437],[-171.029,63.439],[-170.784,63.409],[-170.975,63.431]]],[[[-171.09,63.604],[-171.071,63.602],[-171.075,63.602],[-171.09,63.604]]],[[[-171.09,63.604],[-171.158,63.61],[-171.144,63.612],[-171.09,63.604]]],[[[-171.853,63.521],[-171.673,63.796],[-171.407,63.644],[-171.544,63.617],[-170.937,63.572],[-170.31,63.699],[-170.082,63.615],[-170.085,63.486],[-168.686,63.301],[-168.812,63.17],[-169.351,63.176],[-169.666,62.945],[-169.817,63.127],[-170.262,63.198],[-170.235,63.284],[-170.444,63.359],[-170.856,63.46],[-171.439,63.32],[-171.853,63.521]]],[[[-68.848,44.096],[-68.827,44.09],[-68.783,44.085],[-68.848,44.096]]],[[[-68.642,44.26],[-68.623,44.25],[-68.616,44.237],[-68.642,44.26]]],[[[-68.177,44.328],[-68.341,44.224],[-68.435,44.3],[-68.316,44.437],[-68.177,44.328]]],[[[-161.948,23.038],[-161.946,23.041],[-161.946,23.045],[-161.948,23.038]]],[[[-164.704,23.579],[-164.699,23.571],[-164.707,23.573],[-164.708,23.575],[-164.706,23.577],[-164.704,23.579]]],[[[-167.997,25.001],[-168.003,25.015],[-168.0,25.016],[-167.996,25.012],[-167.995,25.008],[-167.996,25.004],[-167.997,25.001]]],[[[-171.723,25.773],[-171.729,25.752],[-171.739,25.756],[-171.741,25.769],[-171.723,25.773]]],[[[-173.965,26.071],[-173.963,26.067],[-173.961,26.063],[-173.965,26.071]]],[[[-178.29,28.402],[-178.288,28.393],[-178.292,28.39],[-178.29,28.402]]],[[[-122.705,47.182],[-122.686,47.181],[-122.676,47.176],[-122.705,47.182]]],[[[-122.868,47.268],[-122.868,47.256],[-122.87,47.243],[-122.868,47.268]]],[[[-82.118,24.556],[-82.114,24.557],[-82.119,24.554],[-82.129,24.551],[-82.128,24.554],[-82.118,24.556]]],[[[-82.12,24.585],[-82.128,24.589],[-82.135,24.593],[-82.12,24.585]]],[[[-81.424,24.655],[-81.418,24.659],[-81.411,24.655],[-81.415,24.648],[-81.422,24.652],[-81.424,24.655]]],[[[-81.265,24.671],[-81.26,24.672],[-81.258,24.668],[-81.266,24.66],[-81.276,24.656],[-81.277,24.658],[-81.265,24.671]]],[[[-81.448,24.681],[-81.442,24.672],[-81.439,24.66],[-81.448,24.681]]],[[[-81.482,24.683],[-81.48,24.673],[-81.478,24.654],[-81.482,24.683]]],[[[-81.329,24.703],[-81.321,24.694],[-81.316,24.68],[-81.329,24.703]]],[[[-80.701,24.881],[-80.699,24.876],[-80.711,24.864],[-80.701,24.881]]],[[[-80.625,24.936],[-80.619,24.942],[-80.618,24.938],[-80.618,24.936],[-80.626,24.924],[-80.647,24.905],[-80.657,24.901],[-80.625,24.936]]],[[[-81.047,25.309],[-81.043,25.307],[-81.04,25.297],[-81.047,25.309]]],[[[-81.089,25.339],[-81.086,25.331],[-81.086,25.327],[-81.089,25.339]]],[[[-81.38,25.821],[-81.373,25.816],[-81.371,25.81],[-81.38,25.821]]],[[[-81.453,25.826],[-81.46,25.823],[-81.467,25.829],[-81.453,25.826]]],[[[-81.676,25.901],[-81.663,25.897],[-81.66,25.887],[-81.676,25.901]]],[[[-81.541,25.89],[-81.536,25.885],[-81.534,25.879],[-81.541,25.89]]],[[[-82.666,28.734],[-82.667,28.722],[-82.672,28.715],[-82.666,28.734]]],[[[-82.696,28.764],[-82.693,28.769],[-82.692,28.773],[-82.696,28.764]]],[[[-90.652,29.067],[-90.649,29.069],[-90.642,29.073],[-90.652,29.067]]],[[[-90.417,29.055],[-90.414,29.052],[-90.413,29.049],[-90.417,29.055]]],[[[-83.038,29.145],[-83.033,29.141],[-83.03,29.14],[-83.038,29.145]]],[[[-90.45,29.235],[-90.453,29.224],[-90.454,29.238],[-90.45,29.235]]],[[[-89.928,29.288],[-89.923,29.289],[-89.913,29.29],[-89.914,29.285],[-89.929,29.277],[-89.939,29.277],[-89.934,29.285],[-89.928,29.288]]],[[[-89.995,29.457],[-89.993,29.458],[-89.992,29.456],[-89.995,29.457]]],[[[-89.057,29.562],[-89.055,29.564],[-89.05,29.565],[-89.054,29.56],[-89.084,29.529],[-89.091,29.524],[-89.099,29.521],[-89.057,29.562]]],[[[-88.98,29.633],[-88.97,29.64],[-88.965,29.643],[-88.969,29.639],[-88.978,29.632],[-88.98,29.633]]],[[[-88.925,29.683],[-88.939,29.673],[-88.874,29.747],[-88.89,29.725],[-88.925,29.683]]],[[[-81.251,31.505],[-81.235,31.527],[-81.221,31.528],[-81.251,31.505]]],[[[-81.161,31.67],[-81.149,31.698],[-81.136,31.698],[-81.161,31.67]]],[[[-118.235,33.763],[-118.227,33.765],[-118.224,33.756],[-118.235,33.763]]],[[[-75.811,37.2],[-75.929,37.112],[-75.889,37.28],[-75.811,37.2]]],[[[-72.342,41.091],[-72.34,41.104],[-72.328,41.105],[-72.342,41.091]]],[[[-72.131,41.12],[-72.109,41.107],[-72.091,41.102],[-72.131,41.12]]],[[[-70.83,41.26],[-70.822,41.26],[-70.814,41.263],[-70.83,41.26]]],[[[-70.871,41.439],[-70.859,41.448],[-70.856,41.443],[-70.871,41.439]]],[[[-70.724,41.511],[-70.711,41.519],[-70.695,41.517],[-70.724,41.511]]],[[[-123.417,46.205],[-123.405,46.201],[-123.388,46.19],[-123.417,46.205]]],[[[-123.481,46.256],[-123.471,46.255],[-123.46,46.248],[-123.481,46.256]]],[[[-133.52,54.814],[-133.52,54.808],[-133.516,54.797],[-133.52,54.814]]],[[[-131.189,55.103],[-131.188,55.075],[-131.19,55.048],[-131.216,55.048],[-131.255,55.069],[-131.244,55.093],[-131.204,55.11],[-131.189,55.103]]],[[[-133.307,55.432],[-133.269,55.444],[-133.236,55.44],[-133.238,55.414],[-133.274,55.404],[-133.315,55.405],[-133.32,55.423],[-133.307,55.432]]],[[[-152.288,57.397],[-152.263,57.391],[-152.256,57.384],[-152.268,57.375],[-152.298,57.363],[-152.315,57.363],[-152.3,57.374],[-152.288,57.397]]],[[[-136.138,58.265],[-136.144,58.285],[-136.107,58.303],[-136.045,58.319],[-136.028,58.295],[-136.06,58.268],[-136.112,58.259],[-136.138,58.265]]],[[[-135.719,58.346],[-135.714,58.37],[-135.655,58.38],[-135.569,58.373],[-135.543,58.335],[-135.592,58.328],[-135.671,58.331],[-135.719,58.346]]],[[[-152.035,58.952],[-152.013,58.945],[-152.013,58.94],[-152.035,58.952]]],[[[-151.688,59.13],[-151.67,59.118],[-151.644,59.116],[-151.688,59.13]]],[[[-151.465,59.138],[-151.448,59.136],[-151.434,59.135],[-151.465,59.138]]],[[[-151.859,59.164],[-151.817,59.171],[-151.789,59.153],[-151.801,59.139],[-151.853,59.145],[-151.893,59.144],[-151.889,59.157],[-151.859,59.164]]],[[[-146.324,59.452],[-146.313,59.456],[-146.308,59.447],[-146.322,59.426],[-146.341,59.411],[-146.359,59.41],[-146.359,59.422],[-146.324,59.452]]],[[[-152.563,60.15],[-152.558,60.135],[-152.558,60.108],[-152.563,60.15]]],[[[-147.36,60.301],[-147.349,60.302],[-147.343,60.299],[-147.36,60.301]]],[[[-173.064,60.643],[-173.054,60.631],[-173.053,60.624],[-173.064,60.643]]],[[[-146.82,60.842],[-146.806,60.854],[-146.775,60.857],[-146.82,60.842]]],[[[-147.094,60.898],[-147.078,60.893],[-147.077,60.887],[-147.094,60.898]]],[[[-165.949,62.03],[-165.947,62.026],[-165.944,62.018],[-165.949,62.03]]],[[[-168.036,64.985],[-168.028,64.98],[-168.027,64.968],[-168.036,64.985]]],[[[-168.908,65.768],[-168.903,65.762],[-168.9,65.748],[-168.908,65.768]]],[[[-167.777,65.773],[-167.751,65.777],[-167.738,65.777],[-167.777,65.773]]],[[[-167.671,65.794],[-167.566,65.817],[-167.556,65.817],[-167.671,65.794]]],[[[-166.859,66.04],[-166.84,66.044],[-166.836,66.042],[-166.859,66.04]]],[[[-166.284,66.201],[-166.187,66.21],[-166.225,66.202],[-166.284,66.201]]],[[[-166.089,66.256],[-166.054,66.262],[-166.042,66.26],[-166.089,66.256]]],[[[-165.864,66.317],[-165.815,66.326],[-165.814,66.322],[-165.864,66.317]]],[[[-165.489,66.409],[-165.49,66.409],[-165.495,66.406],[-165.489,66.409]]],[[[-165.489,66.409],[-165.485,66.41],[-165.448,66.419],[-165.424,66.421],[-165.489,66.409]]],[[[-165.343,66.437],[-165.378,66.429],[-165.382,66.426],[-165.423,66.421],[-165.343,66.437]]],[[[-165.343,66.437],[-165.326,66.44],[-165.323,66.44],[-165.343,66.437]]],[[[-164.763,66.546],[-164.752,66.545],[-164.746,66.541],[-164.763,66.546]]]]}},{"type":"Feature","properties":{"iso3":"CAN","name":"Canada"},"geometry":{"type":"MultiPolygon","coordinates":[[[[-141.006,69.651],[-139.144,69.514],[-138.603,69.243],[-138.357,69.305],[-137.224,68.951],[-136.068,68.885],[-135.149,68.66],[-135.505,68.845],[-135.341,68.839],[-136.005,68.948],[-135.954,69.048],[-135.519,69.03],[-135.919,69.093],[-135.968,69.222],[-135.416,69.099],[-135.855,69.29],[-135.167,69.263],[-135.284,69.415],[-135.155,69.48],[-134.476,69.444],[-134.416,69.497],[-134.594,69.513],[-134.406,69.637],[-134.481,69.727],[-134.121,69.544],[-133.751,69.551],[-134.313,69.154],[-133.632,69.399],[-133.046,69.435],[-132.887,69.661],[-132.333,69.685],[-132.627,69.674],[-132.548,69.743],[-132.139,69.688],[-131.408,69.961],[-131.188,69.825],[-130.894,70.106],[-130.515,70.177],[-129.932,70.076],[-129.674,70.27],[-129.406,70.121],[-130.941,69.566],[-131.048,69.644],[-131.984,69.537],[-132.497,69.16],[-132.545,69.29],[-132.771,69.256],[-132.892,68.983],[-133.101,69.072],[-133.491,68.843],[-132.922,68.694],[-133.388,68.845],[-132.483,68.805],[-132.394,68.866],[-132.785,68.851],[-132.71,68.886],[-132.811,68.937],[-132.676,68.927],[-132.874,69.058],[-132.415,69.238],[-132.47,69.113],[-132.327,69.234],[-132.216,69.154],[-131.715,69.4],[-131.911,69.428],[-131.428,69.435],[-131.515,69.336],[-131.317,69.494],[-131.244,69.408],[-131.252,69.504],[-131.211,69.398],[-131.348,69.317],[-131.161,69.394],[-131.243,69.585],[-131.115,69.517],[-131.138,69.37],[-131.128,69.621],[-131.03,69.462],[-131.12,69.325],[-130.948,69.539],[-131.051,69.339],[-130.901,69.386],[-131.026,69.206],[-130.928,69.14],[-130.945,69.277],[-130.38,69.695],[-128.886,69.976],[-128.933,69.845],[-129.174,69.832],[-129.154,69.704],[-128.942,69.682],[-128.31,69.963],[-128.337,70.13],[-127.515,70.222],[-128.201,70.401],[-127.992,70.593],[-127.136,70.253],[-126.775,69.976],[-126.702,69.767],[-126.245,69.525],[-125.449,69.319],[-125.37,69.353],[-125.46,69.414],[-125.089,69.454],[-125.624,69.421],[-125.117,69.49],[-125.438,69.613],[-125.37,69.695],[-124.822,69.715],[-125.281,69.811],[-124.63,69.986],[-125.206,70.003],[-124.546,70.019],[-124.417,70.051],[-124.754,70.127],[-124.408,70.155],[-124.37,70.042],[-124.541,69.97],[-124.404,69.86],[-124.507,69.736],[-124.034,69.682],[-124.521,69.408],[-124.423,69.367],[-123.383,69.414],[-123.443,69.477],[-123.166,69.5],[-123.157,69.77],[-122.98,69.835],[-121.644,69.789],[-120.086,69.364],[-118.666,69.225],[-117.165,68.894],[-115.971,68.809],[-116.318,68.968],[-115.567,68.972],[-114.523,68.717],[-114.08,68.494],[-114.111,68.413],[-113.905,68.4],[-114.035,68.241],[-114.942,68.291],[-114.755,68.194],[-115.242,68.187],[-115.249,68.043],[-115.112,68.016],[-115.543,67.923],[-115.118,67.804],[-111.885,67.685],[-110.06,68.005],[-109.967,67.834],[-109.623,67.742],[-109.717,67.719],[-109.067,67.72],[-108.929,67.532],[-109.013,67.461],[-108.824,67.357],[-108.64,67.629],[-108.471,67.351],[-108.37,67.448],[-107.993,67.282],[-107.885,67.048],[-108.622,67.153],[-107.242,66.349],[-107.8,66.769],[-107.69,66.769],[-107.766,66.996],[-107.608,66.974],[-107.643,67.077],[-107.484,66.919],[-107.697,66.954],[-107.563,66.84],[-107.409,66.817],[-107.401,66.974],[-107.088,66.831],[-107.403,67.041],[-107.203,67.125],[-107.716,67.405],[-107.586,67.501],[-108.006,67.71],[-107.942,67.854],[-107.659,67.947],[-107.91,67.995],[-107.88,68.093],[-107.697,68.078],[-107.774,67.989],[-106.758,68.105],[-106.813,68.208],[-106.632,68.25],[-106.443,68.153],[-106.347,68.187],[-106.484,68.229],[-106.446,68.351],[-105.727,68.427],[-105.779,68.551],[-105.648,68.639],[-106.553,68.516],[-106.422,68.516],[-106.635,68.469],[-106.488,68.407],[-106.553,68.297],[-106.787,68.415],[-107.155,68.27],[-107.547,68.352],[-107.889,68.269],[-107.615,68.167],[-108.389,68.111],[-108.417,68.304],[-108.815,68.274],[-108.281,68.622],[-106.222,68.946],[-105.47,68.722],[-105.539,68.65],[-105.324,68.482],[-105.544,68.414],[-105.039,68.259],[-104.894,68.351],[-104.935,68.236],[-104.602,68.235],[-104.676,68.14],[-104.484,68.034],[-103.793,68.026],[-103.415,68.169],[-103.364,68.011],[-102.219,67.692],[-101.981,67.792],[-101.416,67.69],[-100.707,67.851],[-98.936,67.697],[-98.363,67.795],[-98.727,67.958],[-98.734,68.071],[-98.585,68.096],[-97.927,67.697],[-97.213,67.625],[-97.061,67.68],[-97.226,67.715],[-97.121,67.793],[-97.25,67.925],[-97.693,68.023],[-98.095,67.837],[-98.59,68.153],[-98.316,68.167],[-98.713,68.379],[-97.748,68.369],[-97.98,68.547],[-97.26,68.469],[-96.993,68.338],[-97.081,68.266],[-96.69,68.286],[-96.621,68.186],[-96.404,68.318],[-96.765,68.017],[-95.897,68.297],[-96.082,68.146],[-96.182,67.643],[-96.344,67.689],[-96.465,67.478],[-96.096,67.467],[-96.253,67.248],[-96.111,67.222],[-95.581,67.385],[-95.835,67.166],[-95.437,67.201],[-95.33,67.01],[-95.914,66.948],[-95.956,67.075],[-96.127,66.957],[-96.456,67.06],[-95.852,66.758],[-95.821,66.591],[-95.643,66.669],[-96.093,66.92],[-95.218,66.974],[-95.348,67.153],[-95.173,67.279],[-95.414,67.457],[-95.338,67.552],[-95.708,67.733],[-95.545,67.808],[-95.478,68.063],[-94.798,68.038],[-94.211,68.269],[-94.122,68.422],[-93.375,68.639],[-93.752,68.612],[-93.571,68.844],[-93.635,68.962],[-93.909,68.996],[-93.827,69.069],[-94.081,68.852],[-93.826,68.879],[-94.094,68.763],[-94.636,68.756],[-94.602,68.968],[-94.005,69.16],[-94.324,69.156],[-94.282,69.322],[-93.526,69.441],[-93.882,69.249],[-93.84,69.169],[-93.362,69.373],[-93.588,69.366],[-93.451,69.49],[-94.322,69.453],[-94.63,69.688],[-94.875,69.572],[-95.787,69.743],[-96.206,69.866],[-96.11,69.957],[-96.532,70.136],[-96.546,70.341],[-96.233,70.571],[-95.793,70.544],[-96.054,70.607],[-95.815,70.716],[-96.19,70.625],[-96.602,70.791],[-96.376,71.094],[-96.562,71.127],[-96.376,71.161],[-96.507,71.278],[-96.134,71.414],[-95.536,71.296],[-95.588,71.36],[-95.437,71.38],[-95.546,71.428],[-95.376,71.511],[-95.91,71.607],[-95.277,71.724],[-95.216,71.83],[-94.608,71.868],[-95.179,71.847],[-95.225,71.95],[-94.492,71.99],[-94.393,71.939],[-94.46,71.857],[-94.649,71.82],[-94.355,71.799],[-94.416,71.665],[-94.211,71.792],[-93.721,71.765],[-93.821,71.655],[-92.98,71.347],[-92.854,70.86],[-93.041,70.862],[-92.215,70.616],[-92.286,70.49],[-91.976,70.367],[-92.086,70.305],[-91.723,70.356],[-91.697,70.202],[-91.511,70.161],[-91.995,70.123],[-92.368,70.236],[-92.265,70.207],[-92.587,70.079],[-91.943,70.024],[-92.868,69.702],[-92.539,69.709],[-92.923,69.674],[-92.367,69.709],[-91.798,69.49],[-91.497,69.661],[-91.168,69.656],[-91.572,69.523],[-90.312,69.454],[-90.703,69.454],[-90.586,69.421],[-90.798,69.366],[-90.805,69.256],[-91.45,69.353],[-90.671,69.088],[-90.621,68.916],[-90.435,68.879],[-90.6,68.804],[-90.442,68.831],[-90.565,68.626],[-90.477,68.534],[-90.607,68.444],[-90.319,68.379],[-90.476,68.338],[-90.271,68.242],[-89.865,68.488],[-89.901,68.66],[-89.716,68.646],[-89.743,68.968],[-89.332,69.249],[-89.036,69.267],[-88.023,68.809],[-87.792,68.331],[-87.944,68.201],[-88.18,68.245],[-88.199,68.383],[-88.398,68.291],[-88.283,68.126],[-88.374,67.976],[-88.141,67.671],[-87.363,67.267],[-87.516,67.119],[-86.961,67.255],[-87.078,67.358],[-86.502,67.379],[-86.529,67.687],[-86.131,68.016],[-85.902,68.054],[-85.844,68.324],[-85.665,68.454],[-85.668,68.727],[-84.788,68.736],[-85.193,68.869],[-85.001,68.886],[-85.119,68.964],[-84.796,68.937],[-84.953,69.019],[-84.528,69.024],[-85.138,69.127],[-85.012,69.18],[-85.27,69.138],[-85.207,69.188],[-85.474,69.277],[-85.337,69.318],[-85.508,69.408],[-85.344,69.441],[-85.534,69.463],[-85.385,69.564],[-85.544,69.654],[-85.44,69.712],[-85.514,69.77],[-85.333,69.791],[-85.563,69.858],[-85.056,69.777],[-84.34,69.86],[-83.731,69.709],[-82.253,69.641],[-82.754,69.578],[-82.516,69.494],[-83.294,69.54],[-82.282,69.419],[-82.39,69.4],[-82.143,69.298],[-82.27,69.238],[-81.753,69.268],[-81.273,69.099],[-82.062,68.879],[-81.379,68.868],[-81.233,68.774],[-81.267,68.639],[-81.954,68.431],[-82.274,68.537],[-82.177,68.488],[-82.612,68.53],[-82.497,68.464],[-82.651,68.434],[-82.273,68.292],[-82.315,68.147],[-81.994,68.215],[-82.178,68.009],[-82.102,67.91],[-81.238,67.461],[-81.503,67.001],[-81.955,66.977],[-82.157,66.714],[-83.561,66.349],[-83.678,66.525],[-84.014,66.632],[-83.857,66.687],[-83.918,66.886],[-84.269,66.728],[-84.439,66.831],[-84.24,66.838],[-84.583,66.982],[-84.371,66.974],[-84.939,67.056],[-84.637,66.982],[-85.227,66.886],[-84.603,66.94],[-84.747,66.9],[-84.145,66.687],[-84.211,66.595],[-83.691,66.199],[-84.537,66.405],[-84.637,66.344],[-84.378,66.173],[-85.242,66.27],[-85.465,66.574],[-86.783,66.522],[-86.621,66.314],[-85.857,66.163],[-86.426,65.898],[-86.55,65.672],[-87.381,65.33],[-88.064,65.359],[-88.831,65.645],[-88.414,65.632],[-89.688,65.947],[-90.004,65.947],[-89.771,65.823],[-91.497,65.947],[-91.032,65.808],[-91.108,65.923],[-89.958,65.794],[-89.04,65.328],[-87.373,65.275],[-86.938,65.142],[-87.3,64.764],[-87.81,64.516],[-88.113,64.141],[-88.735,63.972],[-89.291,64.137],[-89.049,63.946],[-89.707,64.032],[-89.826,64.11],[-89.786,64.25],[-89.832,64.141],[-90.127,64.13],[-89.932,64.117],[-89.813,63.946],[-90.278,64.007],[-89.966,63.813],[-90.221,63.613],[-90.648,63.706],[-90.545,63.61],[-90.91,63.569],[-91.991,63.781],[-91.888,63.809],[-92.374,63.779],[-93.78,64.192],[-93.556,64.034],[-93.766,63.993],[-93.647,63.881],[-93.217,63.843],[-93.401,63.977],[-92.1,63.699],[-92.546,63.555],[-92.467,63.528],[-91.778,63.714],[-91.391,63.488],[-90.785,63.398],[-90.976,63.424],[-90.689,63.357],[-90.626,63.061],[-91.394,62.787],[-92.453,62.825],[-91.888,62.62],[-91.983,62.532],[-92.619,62.623],[-92.532,62.445],[-92.827,62.356],[-92.471,62.15],[-93.252,62.37],[-92.765,62.218],[-93.115,62.16],[-92.93,62.117],[-93.17,61.986],[-93.416,62.034],[-93.217,61.958],[-93.389,61.951],[-93.279,61.897],[-93.617,61.952],[-93.265,61.744],[-93.472,61.767],[-93.313,61.732],[-93.985,61.458],[-93.822,61.35],[-94.115,61.328],[-93.986,61.101],[-94.352,60.858],[-94.52,60.547],[-94.801,60.498],[-94.616,60.392],[-94.821,59.948],[-94.793,59.526],[-94.66,59.359],[-94.793,59.094],[-94.999,59.053],[-94.804,59.063],[-94.683,58.95],[-94.746,58.833],[-94.608,58.882],[-94.437,58.724],[-94.204,58.806],[-94.362,58.223],[-94.177,58.779],[-93.19,58.76],[-92.786,57.839],[-92.424,57.354],[-92.597,57.048],[-92.882,56.915],[-91.031,57.265],[-88.879,56.86],[-87.98,56.443],[-87.619,56.003],[-85.904,55.662],[-85.128,55.35],[-85.417,54.999],[-85.054,55.294],[-83.929,55.327],[-83.561,55.133],[-83.713,55.277],[-82.321,55.071],[-82.331,55.163],[-82.199,54.856],[-82.431,54.228],[-82.126,53.812],[-82.219,53.604],[-82.114,53.289],[-82.301,52.968],[-81.479,52.303],[-81.883,52.194],[-81.512,52.239],[-80.595,51.711],[-80.43,51.357],[-81.013,51.035],[-80.41,51.34],[-80.136,51.301],[-79.745,51.124],[-79.334,50.727],[-79.726,51.122],[-79.697,51.399],[-79.323,51.667],[-79.276,51.532],[-79.012,51.467],[-78.847,51.164],[-78.882,51.403],[-78.69,51.487],[-79.039,51.769],[-78.841,51.842],[-78.893,51.947],[-78.547,52.247],[-78.408,52.248],[-78.553,52.268],[-78.516,52.477],[-78.765,52.57],[-78.85,52.757],[-78.69,52.885],[-78.984,53.028],[-78.895,53.269],[-79.115,53.509],[-78.923,53.567],[-79.156,53.708],[-78.902,53.817],[-79.135,53.961],[-78.98,54.019],[-79.293,54.091],[-79.046,54.18],[-79.382,54.194],[-79.286,54.256],[-79.464,54.31],[-79.601,54.557],[-79.525,54.591],[-79.766,54.66],[-77.782,55.274],[-76.682,56.043],[-76.515,56.438],[-76.533,57.115],[-76.95,57.828],[-77.471,58.212],[-78.566,58.621],[-78.469,58.706],[-78.566,58.958],[-78.316,58.926],[-78.107,59.21],[-77.675,59.402],[-77.915,59.419],[-77.73,59.549],[-77.778,59.71],[-77.313,59.567],[-77.545,59.745],[-77.292,59.8],[-77.425,59.919],[-77.189,60.06],[-77.634,60.066],[-77.408,60.135],[-77.742,60.426],[-77.415,60.547],[-77.83,60.649],[-77.511,60.841],[-78.197,60.793],[-77.693,61.207],[-77.785,61.455],[-77.477,61.54],[-77.99,61.715],[-78.155,62.297],[-77.472,62.594],[-75.592,62.273],[-75.894,62.164],[-75.328,62.317],[-74.558,62.109],[-74.755,62.214],[-73.671,62.482],[-72.947,62.123],[-72.629,62.117],[-72.608,61.972],[-72.796,61.835],[-72.602,61.813],[-72.605,61.944],[-72.232,61.881],[-72.132,61.801],[-72.224,61.75],[-71.995,61.677],[-72.303,61.568],[-71.979,61.604],[-71.957,61.711],[-71.581,61.614],[-71.892,61.431],[-71.583,61.41],[-71.823,61.355],[-71.666,61.334],[-71.573,61.156],[-71.498,61.231],[-70.535,61.012],[-70.155,61.088],[-70.151,60.882],[-69.916,60.81],[-69.662,60.885],[-69.585,61.088],[-69.37,60.917],[-69.381,60.8],[-69.829,60.526],[-69.596,60.179],[-69.795,59.991],[-71.035,60.066],[-69.735,59.97],[-69.562,59.865],[-69.658,59.703],[-69.516,59.649],[-69.749,59.516],[-69.632,59.385],[-69.755,59.318],[-69.423,59.362],[-69.233,59.241],[-69.543,59.17],[-69.342,59.094],[-69.504,59.073],[-69.452,58.895],[-69.665,58.792],[-69.863,59.06],[-69.802,58.826],[-70.254,58.772],[-69.921,58.779],[-69.814,58.597],[-69.378,58.869],[-68.773,58.922],[-68.41,58.824],[-68.349,58.6],[-68.191,58.546],[-68.354,58.124],[-69.37,57.77],[-68.418,58.039],[-68.006,58.58],[-67.863,58.309],[-68.13,58.083],[-67.739,58.469],[-67.713,57.927],[-67.568,58.23],[-66.947,58.498],[-66.615,58.498],[-66.595,58.677],[-66.382,58.854],[-65.944,58.621],[-66.053,58.333],[-65.828,58.58],[-66.109,58.779],[-65.796,58.863],[-65.982,58.917],[-65.32,59.046],[-65.718,59.158],[-65.739,59.271],[-65.492,59.258],[-65.559,59.377],[-65.358,59.282],[-65.56,59.491],[-64.984,59.381],[-65.412,59.518],[-65.498,59.793],[-64.984,59.765],[-65.23,59.892],[-65.08,59.93],[-65.129,60.047],[-64.874,60.204],[-64.957,60.259],[-64.86,60.361],[-64.381,60.245],[-64.759,60.238],[-64.381,60.17],[-64.828,59.991],[-64.377,60.13],[-64.518,59.903],[-64.183,60.032],[-64.299,59.944],[-64.126,59.907],[-64.265,59.765],[-63.922,59.656],[-64.121,59.518],[-64.007,59.624],[-63.864,59.611],[-63.981,59.506],[-63.728,59.52],[-64.061,59.387],[-63.71,59.368],[-63.826,59.245],[-63.652,59.368],[-63.524,59.323],[-63.629,59.217],[-63.381,59.279],[-63.442,59.121],[-64.04,59.018],[-63.132,59.062],[-63.34,59.032],[-63.162,58.922],[-63.326,58.861],[-63.015,58.897],[-62.915,58.751],[-63.045,58.71],[-62.845,58.685],[-63.168,58.505],[-63.442,58.525],[-63.524,58.477],[-63.34,58.463],[-63.593,58.306],[-63.264,58.47],[-63.086,58.456],[-63.162,58.368],[-62.558,58.477],[-62.623,58.309],[-62.908,58.214],[-62.668,58.271],[-62.635,58.187],[-63.079,58.155],[-63.34,57.984],[-62.462,58.182],[-62.517,58.059],[-62.305,58.031],[-62.675,57.936],[-62.421,57.964],[-62.421,57.871],[-62.141,57.978],[-62.119,57.797],[-61.887,57.638],[-62.534,57.496],[-61.9,57.415],[-61.805,57.367],[-62.012,57.243],[-61.359,57.09],[-61.345,56.956],[-61.905,56.794],[-61.887,56.702],[-61.695,56.73],[-61.82,56.709],[-61.688,56.62],[-62.503,56.785],[-62.089,56.841],[-62.586,56.798],[-61.914,56.627],[-62.243,56.62],[-61.712,56.575],[-61.668,56.503],[-62.147,56.455],[-61.606,56.284],[-62.078,56.298],[-61.345,56.222],[-61.455,56.058],[-61.235,56.044],[-61.503,56.01],[-60.729,55.825],[-60.944,55.73],[-60.602,55.82],[-60.681,55.565],[-60.508,55.804],[-60.335,55.782],[-60.525,55.617],[-60.4,55.613],[-60.455,55.503],[-60.304,55.53],[-60.482,55.352],[-60.328,55.495],[-60.194,55.427],[-60.503,55.27],[-60.612,55.168],[-60.355,55.259],[-60.688,54.995],[-60.023,55.277],[-60.297,55.023],[-59.776,55.332],[-59.735,55.201],[-59.964,55.117],[-59.43,55.142],[-59.922,54.743],[-59.16,55.239],[-59.383,54.978],[-59.027,55.162],[-59.045,54.999],[-58.892,54.954],[-59.015,54.893],[-58.914,54.848],[-57.35,54.589],[-57.707,54.475],[-57.419,54.461],[-57.634,54.383],[-59.58,54.05],[-58.371,54.228],[-58.626,54.044],[-59.043,54.03],[-58.92,54.016],[-59.475,53.828],[-60.133,53.783],[-60.017,53.708],[-60.136,53.529],[-60.859,53.835],[-60.92,53.714],[-60.064,53.509],[-60.412,53.358],[-60.181,53.336],[-60.421,53.269],[-60.129,53.275],[-59.784,53.482],[-59.879,53.538],[-59.022,53.714],[-59.071,53.796],[-58.841,53.947],[-57.796,54.071],[-58.322,54.093],[-58.356,54.21],[-57.466,54.2],[-57.076,53.824],[-57.549,53.591],[-57.318,53.585],[-57.377,53.434],[-56.983,53.727],[-56.48,53.79],[-56.412,53.728],[-56.727,53.687],[-55.98,53.55],[-56.263,53.554],[-55.817,53.34],[-55.911,53.31],[-55.747,53.146],[-56.165,53.028],[-55.802,52.841],[-56.162,52.818],[-55.754,52.625],[-56.5,52.598],[-55.741,52.493],[-55.654,52.365],[-56.199,52.447],[-55.617,52.22],[-55.773,52.214],[-55.685,52.112],[-55.966,52.022],[-55.916,51.935],[-56.967,51.425],[-57.686,51.48],[-58.04,51.314],[-58.672,51.256],[-58.626,51.151],[-59.008,51.015],[-59.008,50.761],[-59.088,50.888],[-59.42,50.665],[-59.424,50.54],[-60.135,50.213],[-60.803,50.267],[-61.718,50.1],[-61.576,50.187],[-62.709,50.315],[-63.421,50.219],[-63.809,50.315],[-65.964,50.293],[-66.088,50.192],[-66.468,50.269],[-66.55,50.198],[-66.435,50.158],[-66.636,50.185],[-67.131,49.831],[-67.376,49.339],[-68.055,49.294],[-68.392,49.064],[-68.444,49.198],[-68.644,48.918],[-69.056,48.774],[-69.676,48.15],[-71.07,48.445],[-69.736,48.123],[-69.932,47.773],[-70.237,47.496],[-70.487,47.445],[-70.751,47.092],[-71.342,46.742],[-71.881,46.691],[-72.994,46.211],[-73.42,45.765],[-73.979,45.498],[-74.379,45.562],[-73.962,45.354],[-75.27,44.864],[-76.455,44.084],[-76.797,43.645],[-78.751,43.617],[-79.174,43.465],[-78.909,42.93],[-79.019,42.803],[-80.247,42.365],[-81.277,42.209],[-82.451,41.672],[-83.068,41.848],[-83.159,42.046],[-83.08,42.305],[-82.526,42.62],[-82.146,43.576],[-82.548,45.335],[-83.637,45.774],[-83.463,46.008],[-83.614,46.116],[-83.965,46.063],[-84.11,46.526],[-84.567,46.461],[-84.879,46.898],[-88.376,48.305],[-89.364,47.98],[-90.75,48.084],[-90.874,48.234],[-91.575,48.048],[-92.07,48.347],[-92.372,48.223],[-92.491,48.433],[-92.719,48.46],[-92.649,48.536],[-92.98,48.618],[-93.757,48.517],[-93.875,48.636],[-94.593,48.726],[-94.839,49.309],[-95.161,49.369],[-95.177,48.993],[-122.753,48.993],[-122.907,49.088],[-123.091,48.993],[-123.041,49.151],[-123.212,49.13],[-123.138,49.196],[-123.247,49.275],[-122.961,49.282],[-122.856,49.442],[-122.938,49.326],[-123.27,49.335],[-123.171,49.705],[-123.534,49.388],[-124.061,49.631],[-123.939,49.744],[-123.777,49.505],[-123.534,49.705],[-123.795,49.644],[-123.928,49.764],[-123.954,49.99],[-123.755,50.094],[-123.828,50.158],[-123.993,50.22],[-123.808,50.103],[-123.993,50.011],[-123.938,49.829],[-124.037,49.925],[-124.283,49.747],[-124.829,50.055],[-124.685,49.986],[-124.603,50.24],[-124.713,50.331],[-124.359,50.509],[-124.83,50.318],[-125.007,50.432],[-125.082,50.325],[-124.87,50.583],[-124.814,50.927],[-124.986,50.808],[-124.908,50.627],[-125.128,50.437],[-125.357,50.543],[-125.577,50.471],[-125.455,50.72],[-125.703,50.438],[-125.787,50.532],[-126.281,50.519],[-125.96,50.646],[-126.277,50.626],[-125.706,50.682],[-125.507,50.939],[-125.637,51.104],[-125.542,50.939],[-125.648,50.782],[-126.187,50.672],[-126.035,50.795],[-126.547,50.837],[-126.173,50.939],[-126.459,50.952],[-126.515,51.076],[-126.674,50.878],[-127.166,50.939],[-126.922,50.872],[-127.042,50.823],[-127.777,51.167],[-127.127,51.339],[-127.78,51.331],[-127.492,51.621],[-126.603,51.714],[-126.666,51.803],[-126.699,51.665],[-127.423,51.672],[-127.35,51.87],[-127.646,51.7],[-127.467,51.662],[-127.714,51.458],[-127.874,51.673],[-127.85,51.92],[-127.173,52.316],[-126.998,52.298],[-126.672,51.987],[-126.939,52.306],[-126.753,52.393],[-127.144,52.349],[-127.225,52.456],[-126.932,52.713],[-126.97,52.829],[-127.076,52.885],[-126.987,52.711],[-127.617,52.299],[-127.737,52.354],[-127.872,52.22],[-127.888,52.515],[-128.016,52.347],[-128.053,52.485],[-127.878,52.584],[-128.392,52.296],[-128.029,52.917],[-128.443,52.828],[-128.481,53.146],[-128.849,53.279],[-128.831,53.488],[-128.974,53.557],[-128.789,53.57],[-128.494,53.344],[-128.352,53.482],[-128.127,53.451],[-127.871,53.228],[-128.111,53.488],[-128.529,53.434],[-128.808,53.615],[-128.775,53.798],[-128.474,53.841],[-128.694,53.899],[-128.598,54.03],[-128.933,53.776],[-129.009,53.899],[-128.973,53.778],[-129.228,53.633],[-129.29,53.385],[-130.105,53.947],[-129.961,54.167],[-129.715,53.954],[-129.927,54.187],[-129.492,54.251],[-130.125,54.161],[-130.281,54.214],[-130.249,54.406],[-130.483,54.374],[-130.38,54.461],[-130.431,54.633],[-129.959,54.322],[-130.085,54.392],[-129.981,54.515],[-130.101,54.426],[-130.372,54.664],[-129.88,54.621],[-130.202,54.729],[-130.05,54.893],[-130.174,54.845],[-130.022,54.974],[-129.641,54.99],[-130.001,55.022],[-129.478,55.483],[-129.713,55.421],[-129.825,55.619],[-129.786,55.357],[-130.125,55.005],[-129.949,55.293],[-130.131,55.736],[-129.961,55.921],[-130.072,56.084],[-131.826,56.593],[-131.872,56.793],[-132.107,56.859],[-132.032,57.028],[-132.341,57.08],[-132.231,57.197],[-133.392,58.404],[-134.692,59.235],[-134.958,59.281],[-135.096,59.419],[-135.033,59.573],[-135.483,59.792],[-136.258,59.622],[-136.35,59.592],[-136.275,59.486],[-136.468,59.462],[-136.569,59.172],[-137.487,58.9],[-137.611,59.239],[-139.182,60.073],[-139.079,60.341],[-139.68,60.327],[-140.016,60.187],[-140.995,60.304],[-141.006,69.651]]],[[[-74.713,44.999],[-73.519,45.426],[-73.156,46.05],[-72.19,46.526],[-70.535,47.011],[-69.445,47.992],[-68.825,48.366],[-66.622,49.123],[-65.566,49.266],[-64.553,49.097],[-64.221,48.894],[-64.169,48.762],[-64.559,48.883],[-64.175,48.644],[-64.282,48.569],[-64.189,48.527],[-65.286,48.013],[-65.896,48.226],[-66.067,48.102],[-66.848,47.999],[-66.386,48.075],[-65.818,47.907],[-65.636,47.622],[-65.209,47.82],[-64.8,47.809],[-64.86,47.753],[-64.669,47.732],[-64.892,47.562],[-64.909,47.355],[-65.368,47.088],[-64.8,47.082],[-64.854,46.676],[-64.714,46.687],[-64.613,46.419],[-64.704,46.328],[-64.559,46.369],[-64.559,46.224],[-63.813,46.14],[-64.093,46.033],[-63.67,45.823],[-63.23,45.806],[-63.381,45.772],[-63.295,45.726],[-62.675,45.772],[-62.75,45.613],[-62.47,45.614],[-61.911,45.889],[-61.876,45.693],[-61.493,45.691],[-61.237,45.506],[-61.462,45.355],[-60.969,45.272],[-61.687,45.175],[-61.64,45.087],[-62.83,44.718],[-63.059,44.778],[-63.059,44.675],[-63.119,44.791],[-63.439,44.596],[-63.662,44.717],[-63.523,44.518],[-63.633,44.441],[-63.929,44.511],[-63.888,44.696],[-64.066,44.634],[-64.076,44.477],[-64.306,44.566],[-64.34,44.415],[-64.211,44.367],[-64.347,44.361],[-64.237,44.299],[-64.429,44.34],[-64.36,44.272],[-64.717,44.059],[-64.839,43.83],[-64.967,43.874],[-65.129,43.675],[-65.238,43.806],[-65.25,43.673],[-65.368,43.744],[-65.341,43.545],[-65.457,43.6],[-65.475,43.471],[-65.566,43.574],[-65.719,43.509],[-65.862,43.806],[-65.997,43.854],[-66.015,43.696],[-66.17,43.86],[-66.114,44.343],[-65.84,44.573],[-66.197,44.391],[-65.999,44.58],[-65.786,44.696],[-65.692,44.621],[-65.429,44.778],[-65.723,44.727],[-64.415,45.272],[-64.478,45.341],[-64.33,45.31],[-64.368,45.108],[-64.155,44.984],[-64.115,45.216],[-63.36,45.361],[-64.576,45.416],[-64.929,45.326],[-64.381,45.792],[-64.265,45.765],[-64.347,45.889],[-64.546,45.732],[-64.531,45.902],[-64.749,46.09],[-64.572,45.861],[-64.772,45.614],[-65.752,45.244],[-66.136,45.313],[-66.01,45.464],[-66.197,45.334],[-66.06,45.258],[-66.441,45.08],[-66.889,45.061],[-66.943,45.19],[-67.04,45.076],[-67.19,45.233],[-67.356,45.166],[-67.475,45.282],[-67.431,45.598],[-67.807,45.713],[-67.814,47.082],[-68.3,47.368],[-68.906,47.19],[-69.222,47.46],[-70.008,46.704],[-70.281,46.212],[-70.263,45.923],[-70.892,45.235],[-70.993,45.348],[-71.334,45.289],[-71.504,45.014],[-74.713,44.999]]],[[[-66.901,44.889],[-66.917,44.878],[-66.931,44.87],[-66.901,44.889]]],[[[-66.964,44.961],[-66.978,44.936],[-66.986,44.926],[-66.964,44.961]]],[[[-55.877,47.266],[-55.89,47.261],[-55.902,47.264],[-55.877,47.266]]],[[[-54.363,47.41],[-54.121,47.664],[-54.244,47.408],[-54.363,47.41]]],[[[-55.925,47.677],[-55.938,47.657],[-55.924,47.639],[-55.925,47.677]]],[[[-54.061,47.656],[-54.082,47.478],[-54.103,47.561],[-54.061,47.656]]],[[[-53.514,48.187],[-53.619,48.082],[-53.931,48.208],[-53.514,48.187]]],[[[-54.657,49.466],[-54.667,49.466],[-54.679,49.463],[-54.657,49.466]]],[[[-55.726,49.562],[-55.713,49.565],[-55.657,49.562],[-55.726,49.562]]],[[[-55.579,49.61],[-55.573,49.608],[-55.571,49.603],[-55.579,49.61]]],[[[-54.897,49.582],[-54.529,49.625],[-54.744,49.494],[-54.897,49.582]]],[[[-54.307,49.672],[-54.11,49.754],[-53.979,49.664],[-54.263,49.571],[-54.307,49.672]]],[[[-59.351,50.603],[-59.362,50.605],[-59.366,50.606],[-59.351,50.603]]],[[[-55.51,50.805],[-55.491,50.809],[-55.466,50.804],[-55.51,50.805]]],[[[-55.528,50.973],[-55.535,50.958],[-55.543,50.951],[-55.528,50.973]]],[[[-58.398,51.255],[-58.409,51.247],[-58.456,51.225],[-58.398,51.255]]],[[[-52.617,47.523],[-52.938,47.088],[-52.854,47.026],[-53.067,46.666],[-53.355,46.739],[-53.555,46.618],[-53.636,46.711],[-53.486,46.903],[-53.645,46.801],[-53.521,46.945],[-53.643,46.985],[-53.499,47.136],[-53.56,47.205],[-53.948,46.858],[-54.189,46.828],[-53.932,47.234],[-53.996,47.317],[-53.808,47.424],[-53.923,47.454],[-54.082,47.875],[-54.267,47.903],[-54.198,47.833],[-54.404,47.451],[-54.616,47.369],[-54.417,47.609],[-54.664,47.376],[-54.838,47.419],[-55.251,46.919],[-55.739,46.854],[-55.98,46.97],[-55.487,47.14],[-55.184,47.46],[-54.699,47.671],[-55.088,47.602],[-54.938,47.787],[-55.131,47.584],[-55.427,47.72],[-55.407,47.501],[-55.599,47.399],[-55.638,47.545],[-55.918,47.437],[-55.747,47.588],[-56.162,47.492],[-55.63,47.677],[-55.914,47.659],[-55.78,47.958],[-56.059,47.7],[-56.151,47.842],[-56.181,47.631],[-56.302,47.629],[-56.309,47.753],[-56.336,47.616],[-56.754,47.637],[-56.791,47.53],[-57.885,47.697],[-58.355,47.649],[-58.261,47.753],[-59.146,47.561],[-59.308,47.623],[-59.406,47.897],[-58.272,48.521],[-59.262,48.473],[-58.769,48.78],[-58.959,48.616],[-58.714,48.568],[-58.398,49.137],[-57.885,48.972],[-58.135,49.127],[-57.85,49.185],[-58.08,49.147],[-57.926,49.247],[-58.193,49.243],[-58.229,49.371],[-58.001,49.562],[-57.897,49.439],[-57.7,49.463],[-57.948,49.68],[-57.355,50.607],[-57.155,50.626],[-57.397,50.709],[-56.926,50.918],[-57.089,51.021],[-56.901,51.018],[-56.98,51.055],[-56.72,51.319],[-55.893,51.628],[-55.873,51.496],[-55.404,51.563],[-55.596,51.309],[-56.09,51.371],[-56.076,51.233],[-55.764,51.217],[-55.733,51.083],[-56.081,50.721],[-56.161,50.878],[-56.1,50.669],[-56.5,50.391],[-56.444,50.304],[-56.905,49.754],[-56.782,49.729],[-56.857,49.548],[-56.117,50.158],[-56.192,49.925],[-55.959,50.041],[-55.465,49.963],[-56.002,49.753],[-56.165,49.575],[-55.836,49.692],[-56.131,49.429],[-55.822,49.522],[-55.657,49.384],[-55.521,49.494],[-55.569,49.363],[-55.37,49.507],[-55.445,49.356],[-55.289,49.401],[-55.315,49.315],[-55.315,49.535],[-55.136,49.541],[-55.383,49.047],[-55.184,49.123],[-55.288,49.195],[-55.082,49.363],[-55.034,49.23],[-54.834,49.41],[-54.817,49.276],[-54.469,49.546],[-54.483,49.268],[-54.373,49.422],[-54.232,49.363],[-54.045,49.482],[-53.493,49.288],[-53.59,49.052],[-53.838,49.034],[-53.725,49.014],[-54.198,48.774],[-53.844,48.839],[-54.02,48.746],[-53.931,48.63],[-53.835,48.75],[-53.604,48.677],[-54.164,48.391],[-53.855,48.475],[-53.856,48.368],[-53.657,48.547],[-53.725,48.432],[-53.582,48.527],[-53.615,48.41],[-53.437,48.616],[-53.244,48.526],[-53.077,48.704],[-52.985,48.555],[-53.639,48.169],[-53.925,48.237],[-53.905,48.085],[-53.663,48.061],[-53.908,48.021],[-53.609,48.054],[-53.792,47.775],[-53.929,47.852],[-53.763,47.626],[-53.666,47.684],[-53.67,47.527],[-53.554,47.539],[-53.276,48.016],[-52.923,48.171],[-52.837,48.105],[-53.26,47.559],[-53.129,47.417],[-52.773,47.801],[-52.617,47.523]]],[[[-127.871,51.457],[-128.069,51.47],[-128.157,51.628],[-128.01,51.724],[-127.871,51.457]]],[[[-55.353,51.885],[-55.41,51.882],[-55.427,51.891],[-55.353,51.885]]],[[[-128.251,51.876],[-128.159,52.035],[-127.953,52.049],[-128.018,51.772],[-128.251,51.876]]],[[[-130.951,52.095],[-131.065,52.084],[-131.024,51.947],[-131.128,52.098],[-130.951,52.095]]],[[[-127.878,52.172],[-127.961,52.083],[-128.123,52.152],[-127.878,52.172]]],[[[-128.296,52.106],[-128.145,52.194],[-128.207,52.022],[-128.296,52.106]]],[[[-128.228,52.213],[-128.34,52.079],[-128.522,52.158],[-128.228,52.213]]],[[[-128.173,52.255],[-127.985,52.302],[-127.908,52.201],[-128.173,52.255]]],[[[-127.207,52.351],[-127.902,51.968],[-127.751,52.25],[-127.27,52.435],[-127.207,52.351]]],[[[-128.613,52.377],[-128.68,52.268],[-128.764,52.45],[-128.613,52.377]]],[[[-128.472,52.488],[-128.817,52.522],[-128.551,52.665],[-128.472,52.488]]],[[[-131.445,52.703],[-131.602,52.595],[-131.702,52.721],[-131.445,52.703]]],[[[-128.466,52.383],[-128.391,52.797],[-128.282,52.498],[-128.466,52.383]]],[[[-128.925,52.586],[-128.981,52.454],[-129.292,52.763],[-128.925,52.586]]],[[[-128.324,52.775],[-128.173,52.824],[-128.275,52.603],[-128.324,52.775]]],[[[-128.456,52.789],[-128.542,52.722],[-128.502,52.872],[-128.456,52.789]]],[[[-129.557,53.001],[-129.55,52.99],[-129.536,52.976],[-129.557,53.001]]],[[[-129.564,53.056],[-129.544,53.04],[-129.533,53.035],[-129.564,53.056]]],[[[-129.653,53.132],[-129.628,53.118],[-129.599,53.094],[-129.653,53.132]]],[[[-129.291,52.982],[-129.552,53.143],[-129.461,53.187],[-129.291,52.982]]],[[[-132.566,53.146],[-131.798,53.256],[-131.596,53.042],[-132.004,53.064],[-131.613,52.927],[-131.984,52.878],[-131.661,52.806],[-131.84,52.714],[-131.408,52.358],[-131.248,52.447],[-131.318,52.282],[-131.008,52.212],[-131.175,52.124],[-131.277,52.241],[-131.28,52.132],[-131.558,52.33],[-131.512,52.409],[-132.086,52.734],[-131.939,52.773],[-132.086,52.858],[-132.134,52.755],[-132.342,52.942],[-132.114,53.001],[-132.489,53.032],[-132.566,53.146]]],[[[-129.194,53.005],[-129.02,53.311],[-128.622,53.156],[-128.522,52.933],[-128.595,52.614],[-128.749,52.598],[-128.646,52.96],[-128.76,52.669],[-128.891,52.66],[-129.125,52.868],[-128.852,53.052],[-129.015,53.146],[-128.865,53.036],[-129.1,52.903],[-129.194,53.005]]],[[[-129.339,53.178],[-129.213,53.327],[-129.134,53.12],[-129.339,53.178]]],[[[-128.906,53.391],[-129.148,53.364],[-128.997,53.544],[-128.906,53.391]]],[[[-129.737,53.216],[-129.928,53.164],[-130.531,53.56],[-130.444,53.635],[-130.115,53.519],[-129.737,53.216]]],[[[-129.174,53.45],[-129.136,53.649],[-128.824,53.708],[-129.174,53.45]]],[[[-130.406,53.687],[-130.261,53.798],[-130.092,53.57],[-130.406,53.687]]],[[[-129.326,53.296],[-129.585,53.224],[-129.913,53.611],[-130.058,53.608],[-129.872,53.639],[-130.076,53.638],[-130.291,53.838],[-130.03,53.848],[-129.326,53.296]]],[[[-130.724,53.92],[-130.422,54.1],[-130.229,53.954],[-130.362,53.836],[-130.491,53.878],[-130.349,53.999],[-130.489,53.899],[-130.676,53.961],[-130.65,53.838],[-130.724,53.92]]],[[[-133.144,53.897],[-133.053,54.183],[-132.576,54.118],[-132.661,53.941],[-132.284,54.108],[-132.117,53.872],[-132.666,53.677],[-132.353,53.673],[-132.468,53.578],[-132.159,53.7],[-132.079,53.892],[-132.182,54.044],[-131.66,54.137],[-131.933,53.619],[-131.908,53.358],[-132.278,53.215],[-132.127,53.201],[-132.196,53.159],[-132.71,53.262],[-132.538,53.327],[-132.758,53.317],[-132.703,53.378],[-132.4,53.33],[-132.874,53.475],[-133.144,53.897]]],[[[-130.229,54.118],[-130.243,54.123],[-130.254,54.133],[-130.229,54.118]]],[[[-130.654,54.118],[-130.673,54.113],[-130.698,54.115],[-130.654,54.118]]],[[[-130.353,54.268],[-130.356,54.265],[-130.362,54.258],[-130.353,54.268]]],[[[-130.352,54.268],[-130.352,54.268],[-130.352,54.269],[-130.352,54.268]]],[[[-130.76,54.362],[-130.77,54.381],[-130.756,54.394],[-130.76,54.362]]],[[[-130.743,54.606],[-130.969,54.462],[-130.931,54.623],[-130.743,54.606]]],[[[-130.592,54.742],[-130.598,54.746],[-130.61,54.756],[-130.592,54.742]]],[[[-130.208,54.811],[-130.21,54.803],[-130.213,54.797],[-130.208,54.811]]],[[[-57.844,54.825],[-58.157,54.764],[-58.227,54.871],[-57.945,54.927],[-57.988,54.804],[-57.844,54.825]]],[[[-130.462,54.832],[-130.15,54.969],[-130.371,54.782],[-130.462,54.832]]],[[[-60.749,55.935],[-60.753,55.918],[-60.735,55.919],[-60.749,55.935]]],[[[-60.941,56.019],[-61.232,56.1],[-61.044,56.161],[-60.941,56.019]]],[[[-61.414,56.373],[-61.422,56.363],[-61.453,56.357],[-61.414,56.373]]],[[[-61.229,56.455],[-61.21,56.451],[-61.188,56.454],[-61.229,56.455]]],[[[-61.216,56.586],[-61.222,56.591],[-61.23,56.607],[-61.216,56.586]]],[[[-61.339,56.935],[-61.585,56.772],[-61.384,56.772],[-61.388,56.623],[-61.647,56.736],[-61.52,56.949],[-61.339,56.935]]],[[[-61.613,57.415],[-61.9,57.449],[-61.679,57.538],[-61.825,57.435],[-61.613,57.415]]],[[[-61.78,57.536],[-61.929,57.456],[-62.018,57.547],[-61.78,57.536]]],[[[-61.9,57.764],[-61.885,57.786],[-61.8,57.845],[-61.9,57.764]]],[[[-61.931,57.795],[-61.96,57.79],[-61.993,57.804],[-61.931,57.795]]],[[[-69.061,59.077],[-69.364,58.963],[-69.354,59.141],[-69.061,59.077]]],[[[-63.963,59.752],[-64.203,59.745],[-64.08,59.866],[-63.963,59.752]]],[[[-107.875,66.943],[-107.864,66.97],[-107.839,67.001],[-107.875,66.943]]],[[[-107.937,66.954],[-108.037,66.902],[-108.115,67.037],[-107.937,66.954]]],[[[-107.417,67.119],[-107.343,67.111],[-107.32,67.104],[-107.417,67.119]]],[[[-108.149,67.413],[-107.882,67.467],[-107.93,67.31],[-108.149,67.413]]],[[[-108.287,67.536],[-108.303,67.527],[-108.303,67.516],[-108.287,67.536]]],[[[-107.923,67.55],[-108.142,67.53],[-108.112,67.676],[-107.923,67.55]]],[[[-97.432,67.708],[-97.414,67.722],[-97.393,67.734],[-97.432,67.708]]],[[[-109.212,67.79],[-109.121,67.81],[-109.071,67.811],[-109.212,67.79]]],[[[-114.137,67.888],[-114.086,67.882],[-113.975,67.892],[-114.137,67.888]]],[[[-113.446,67.927],[-113.341,67.939],[-113.284,67.939],[-113.446,67.927]]],[[[-111.089,67.865],[-111.067,67.879],[-110.946,67.914],[-111.089,67.865]]],[[[-108.054,67.955],[-108.056,67.924],[-108.069,67.9],[-108.054,67.955]]],[[[-108.911,67.92],[-108.882,67.918],[-108.873,67.901],[-108.911,67.92]]],[[[-98.967,68.071],[-98.967,68.042],[-98.969,68.029],[-98.967,68.071]]],[[[-109.356,68.057],[-109.335,68.047],[-109.317,68.03],[-109.356,68.057]]],[[[-110.061,68.098],[-110.015,68.108],[-109.967,68.127],[-110.061,68.098]]],[[[-109.856,68.16],[-109.785,68.181],[-109.643,68.243],[-109.856,68.16]]],[[[-111.658,68.304],[-111.529,68.314],[-111.5,68.304],[-111.658,68.304]]],[[[-100.091,68.373],[-100.078,68.363],[-100.079,68.355],[-100.091,68.373]]],[[[-110.836,68.551],[-110.799,68.549],[-110.756,68.536],[-110.836,68.551]]],[[[-110.644,68.551],[-110.521,68.551],[-110.552,68.529],[-110.644,68.551]]],[[[-104.429,68.445],[-104.655,68.398],[-105.086,68.551],[-104.681,68.579],[-104.429,68.445]]],[[[-113.967,68.612],[-113.955,68.618],[-113.942,68.62],[-113.967,68.612]]],[[[-114.146,68.674],[-114.072,68.645],[-114.048,68.627],[-114.146,68.674]]],[[[-101.68,68.674],[-101.845,68.571],[-102.352,68.687],[-101.98,68.826],[-101.708,68.788],[-101.68,68.674]]],[[[-114.474,68.893],[-114.463,68.898],[-114.451,68.9],[-114.474,68.893]]],[[[-100.631,68.797],[-100.561,69.038],[-100.125,68.907],[-100.392,68.715],[-100.631,68.797]]],[[[-99.986,69.017],[-100.035,68.941],[-100.255,69.05],[-100.139,69.147],[-99.986,69.017]]],[[[-101.505,69.176],[-101.682,69.087],[-101.605,69.151],[-101.722,69.181],[-101.505,69.176]]],[[[-135.567,69.386],[-135.552,69.407],[-135.522,69.407],[-135.567,69.386]]],[[[-100.959,69.472],[-101.243,69.374],[-101.304,69.448],[-101.187,69.482],[-101.381,69.538],[-100.959,69.472]]],[[[-96.74,69.578],[-96.169,69.571],[-96.101,69.467],[-96.232,69.363],[-96.74,69.578]]],[[[-133.929,69.578],[-133.888,69.572],[-133.929,69.565],[-133.929,69.578]]],[[[-96.011,69.483],[-95.777,69.636],[-95.369,69.496],[-95.712,69.322],[-95.722,69.556],[-95.835,69.558],[-95.885,69.344],[-96.011,69.483]]],[[[-139.113,69.654],[-139.081,69.65],[-139.013,69.631],[-139.113,69.654]]],[[[-135.574,69.578],[-135.593,69.594],[-135.581,69.609],[-135.574,69.578]]],[[[-102.126,69.715],[-102.119,69.671],[-102.159,69.654],[-102.126,69.715]]],[[[-95.21,68.853],[-96.52,68.448],[-98.119,68.675],[-98.364,68.858],[-98.522,68.75],[-98.97,68.955],[-99.192,68.83],[-99.597,69.027],[-98.41,69.308],[-98.611,69.449],[-98.419,69.476],[-98.549,69.585],[-98.024,69.435],[-98.37,69.606],[-97.925,69.896],[-97.342,69.709],[-97.493,69.674],[-97.391,69.6],[-97.284,69.697],[-96.22,69.314],[-96.226,69.054],[-96.123,69.033],[-96.048,69.23],[-95.828,68.876],[-95.21,68.853]]],[[[-97.466,69.901],[-97.487,69.914],[-97.493,69.932],[-97.466,69.901]]],[[[-124.959,70.168],[-124.969,70.166],[-124.978,70.161],[-124.959,70.168]]],[[[-113.166,70.312],[-113.056,70.311],[-112.977,70.302],[-113.166,70.312]]],[[[-100.741,70.312],[-100.751,70.307],[-100.762,70.3],[-100.741,70.312]]],[[[-111.953,70.325],[-111.881,70.318],[-111.671,70.312],[-111.953,70.325]]],[[[-116.664,70.497],[-116.611,70.493],[-116.586,70.485],[-116.664,70.497]]],[[[-116.263,70.552],[-116.157,70.549],[-116.126,70.538],[-116.263,70.552]]],[[[-116.722,70.559],[-116.68,70.568],[-116.61,70.571],[-116.722,70.559]]],[[[-115.886,70.582],[-115.864,70.585],[-115.835,70.582],[-115.886,70.582]]],[[[-117.057,70.572],[-116.918,70.566],[-116.88,70.552],[-117.057,70.572]]],[[[-128.084,70.613],[-128.344,70.545],[-128.235,70.661],[-128.084,70.613]]],[[[-100.715,70.681],[-100.194,70.579],[-100.392,70.585],[-100.262,70.456],[-100.656,70.552],[-100.715,70.681]]],[[[-125.949,71.963],[-125.968,71.965],[-125.988,71.97],[-125.997,71.977],[-125.98,71.984],[-125.964,71.983],[-125.909,71.964],[-125.949,71.963]]],[[[-110.507,72.594],[-110.495,72.593],[-110.485,72.589],[-110.507,72.594]]],[[[-110.397,72.621],[-110.383,72.622],[-110.369,72.621],[-110.357,72.617],[-110.349,72.607],[-110.493,72.621],[-110.469,72.625],[-110.397,72.621]]],[[[-110.315,72.655],[-110.28,72.648],[-110.303,72.633],[-110.34,72.632],[-110.411,72.642],[-110.388,72.649],[-110.364,72.653],[-110.315,72.655]]],[[[-100.872,69.808],[-100.964,69.664],[-101.295,69.67],[-101.457,69.906],[-101.673,69.647],[-102.225,69.92],[-102.336,69.767],[-102.673,69.769],[-102.487,69.691],[-102.51,69.564],[-102.784,69.537],[-103.49,69.695],[-103.126,69.44],[-103.017,69.482],[-103.024,69.28],[-103.198,69.12],[-102.843,69.385],[-102.283,69.504],[-101.939,69.421],[-102.222,69.229],[-101.756,69.16],[-101.847,68.988],[-102.966,68.799],[-104.264,68.948],[-105.123,68.896],[-105.278,68.955],[-104.918,69.075],[-106.412,69.188],[-106.274,69.288],[-106.318,69.401],[-106.584,69.504],[-106.963,69.363],[-106.937,69.216],[-107.335,69.026],[-108.539,68.947],[-109.029,68.727],[-113.244,68.454],[-113.039,68.495],[-113.668,68.815],[-113.55,69.044],[-113.693,69.195],[-113.541,69.191],[-115.975,69.3],[-116.633,69.462],[-116.596,69.564],[-117.236,69.756],[-117.442,69.989],[-116.965,70.129],[-114.509,70.315],[-112.586,70.2],[-111.487,70.332],[-113.988,70.716],[-115.561,70.579],[-117.585,70.606],[-118.421,70.991],[-117.798,71.17],[-115.729,71.387],[-116.19,71.445],[-115.057,71.525],[-117.39,71.387],[-117.565,71.504],[-117.551,71.374],[-118.162,71.379],[-118.308,71.47],[-117.672,71.559],[-117.969,71.622],[-117.695,71.668],[-118.889,71.583],[-119.138,71.774],[-118.678,72.142],[-118.128,72.227],[-118.174,72.338],[-118.593,72.429],[-118.19,72.635],[-117.369,72.918],[-114.584,73.385],[-113.958,73.14],[-114.057,72.889],[-113.981,72.809],[-114.337,72.756],[-114.248,72.689],[-114.546,72.568],[-113.509,72.703],[-113.66,72.613],[-113.44,72.685],[-113.604,72.778],[-113.391,72.912],[-113.015,73.016],[-111.22,72.724],[-111.289,72.566],[-111.888,72.368],[-111.659,72.36],[-111.753,72.207],[-111.295,72.471],[-111.205,72.463],[-111.377,72.354],[-111.028,72.285],[-111.086,72.408],[-110.704,72.579],[-110.334,72.427],[-110.534,72.504],[-109.78,72.436],[-110.259,72.559],[-109.788,72.504],[-110.294,72.676],[-109.773,72.717],[-110.255,72.739],[-110.173,72.791],[-110.736,73.001],[-109.623,72.916],[-109.752,72.881],[-108.946,72.674],[-109.047,72.573],[-108.633,72.566],[-108.54,72.149],[-108.402,72.149],[-108.341,71.936],[-108.192,71.963],[-108.294,71.881],[-108.17,71.754],[-108.246,71.723],[-107.741,71.618],[-107.834,71.71],[-107.252,71.806],[-107.472,71.87],[-107.252,71.902],[-107.779,72.141],[-107.865,72.296],[-107.718,72.303],[-107.872,72.435],[-107.786,72.463],[-107.985,72.518],[-107.875,72.573],[-108.013,72.621],[-108.157,73.052],[-108.298,73.134],[-107.868,73.19],[-108.119,73.269],[-108.013,73.313],[-108.088,73.354],[-107.073,73.178],[-107.088,73.286],[-106.873,73.316],[-105.85,73.06],[-105.367,72.792],[-105.511,72.779],[-104.966,72.194],[-105.025,72.073],[-104.365,71.577],[-104.281,71.35],[-104.487,71.348],[-104.591,71.073],[-103.572,70.606],[-102.928,70.499],[-103.125,70.576],[-103.087,70.677],[-102.192,70.333],[-101.595,70.277],[-101.529,70.113],[-101.022,70.186],[-100.872,69.808]]],[[[-90.119,71.929],[-89.993,72.072],[-89.578,72.162],[-89.901,72.19],[-89.913,72.426],[-89.788,72.424],[-89.888,72.449],[-89.735,72.621],[-89.468,72.669],[-89.578,72.792],[-89.277,72.758],[-89.414,72.831],[-89.361,72.98],[-89.148,73.186],[-88.887,73.217],[-89.051,73.252],[-88.619,73.286],[-88.859,73.334],[-88.687,73.423],[-87.134,73.803],[-85.106,73.812],[-84.837,73.745],[-86.03,73.302],[-86.738,72.731],[-86.242,72.423],[-86.432,72.277],[-86.408,72.006],[-84.838,71.287],[-86.824,70.991],[-84.973,71.196],[-84.878,71.072],[-85.145,71.086],[-84.799,70.928],[-84.797,71.185],[-84.665,71.223],[-84.799,71.288],[-84.761,71.408],[-84.528,71.473],[-84.622,71.666],[-85.258,71.668],[-85.583,71.792],[-85.438,71.815],[-85.556,71.902],[-86.051,72.015],[-85.498,72.08],[-85.399,72.134],[-85.476,72.266],[-84.862,72.22],[-84.207,71.939],[-84.165,72.025],[-84.939,72.292],[-84.432,72.382],[-84.873,72.374],[-84.78,72.462],[-85.132,72.354],[-85.515,72.463],[-85.618,72.545],[-85.474,72.58],[-85.706,72.638],[-85.682,72.894],[-85.318,72.963],[-83.953,72.758],[-85.536,73.026],[-85.464,73.112],[-83.638,72.985],[-85.193,73.231],[-84.797,73.391],[-84.343,73.231],[-84.658,73.395],[-84.182,73.478],[-83.605,73.302],[-83.665,73.456],[-84.008,73.505],[-82.831,73.737],[-81.528,73.716],[-81.229,73.54],[-81.188,73.265],[-80.62,73.16],[-80.64,72.928],[-80.245,72.738],[-81.383,72.244],[-80.506,72.498],[-80.512,72.382],[-80.972,72.203],[-80.567,72.082],[-81.026,72.093],[-80.8,72.018],[-80.985,71.888],[-80.397,72.05],[-80.483,72.181],[-80.238,72.21],[-80.245,72.3],[-79.676,72.128],[-80.17,72.326],[-79.819,72.506],[-79.594,72.341],[-79.768,72.222],[-79.45,72.196],[-79.546,72.292],[-79.332,72.402],[-78.957,72.283],[-79.231,71.976],[-78.504,71.874],[-78.914,72.014],[-78.83,72.173],[-78.504,72.1],[-78.209,71.824],[-77.909,71.771],[-78.308,71.95],[-77.748,71.752],[-78.875,72.231],[-78.604,72.358],[-78.428,72.179],[-78.409,72.329],[-77.691,72.217],[-77.661,72.1],[-76.997,72.134],[-78.555,72.445],[-78.427,72.594],[-77.601,72.756],[-76.784,72.729],[-76.17,72.591],[-76.103,72.48],[-75.94,72.592],[-75.198,72.498],[-74.942,72.257],[-75.246,72.128],[-76.029,72.089],[-76.415,71.861],[-75.658,72.124],[-75.222,72.069],[-75.585,72.004],[-75.805,71.758],[-76.1,71.696],[-75.866,71.708],[-75.551,71.984],[-75.063,72.128],[-74.242,72.08],[-74.118,71.967],[-74.215,71.837],[-75.352,71.7],[-74.94,71.662],[-75.414,71.525],[-74.649,71.679],[-75.153,71.47],[-74.844,71.523],[-74.928,71.456],[-74.705,71.395],[-75.046,71.187],[-74.631,71.39],[-74.743,71.514],[-74.523,71.663],[-74.108,71.738],[-74.249,71.609],[-74.146,71.539],[-74.217,71.621],[-73.996,71.754],[-73.621,71.773],[-73.996,71.462],[-74.318,71.415],[-74.03,71.442],[-74.242,71.203],[-73.866,71.535],[-73.564,71.558],[-73.639,71.361],[-73.379,71.387],[-73.9,71.059],[-73.694,71.086],[-73.441,71.347],[-73.05,71.27],[-73.276,71.223],[-73.455,71.032],[-73.379,70.983],[-72.995,71.254],[-72.995,71.408],[-72.755,71.436],[-72.838,71.511],[-72.549,71.665],[-71.544,71.505],[-71.117,71.27],[-71.471,71.066],[-72.045,71.085],[-72.356,70.879],[-72.776,70.818],[-72.165,70.84],[-72.571,70.613],[-71.591,70.873],[-71.174,70.857],[-71.289,70.908],[-71.202,71.007],[-70.862,71.109],[-70.621,71.069],[-70.521,70.914],[-70.806,70.724],[-71.212,70.582],[-71.576,70.613],[-71.967,70.421],[-71.73,70.425],[-71.824,70.294],[-71.515,70.579],[-71.169,70.535],[-71.542,70.024],[-71.248,70.222],[-70.985,70.634],[-69.915,70.88],[-69.774,70.856],[-70.449,70.635],[-70.494,70.483],[-70.31,70.503],[-70.394,70.615],[-70.041,70.597],[-69.473,70.791],[-68.362,70.584],[-68.281,70.518],[-68.459,70.373],[-68.591,70.467],[-68.72,70.322],[-69.808,70.167],[-70.18,70.02],[-69.832,69.983],[-70.473,69.845],[-69.758,69.973],[-69.683,70.14],[-68.644,70.147],[-69.408,69.829],[-69.788,69.832],[-69.982,69.618],[-69.747,69.804],[-68.649,69.943],[-68.191,70.127],[-68.349,70.189],[-68.157,70.318],[-67.809,70.264],[-67.225,69.948],[-67.115,69.729],[-68.013,69.776],[-68.349,69.633],[-70.022,69.537],[-68.587,69.591],[-66.788,69.34],[-66.649,69.222],[-66.742,69.137],[-69.014,69.359],[-69.261,69.277],[-68.083,69.22],[-68.964,69.223],[-68.507,69.201],[-69.07,69.114],[-68.925,69.106],[-69.018,68.968],[-68.373,69.18],[-67.704,69.024],[-68.551,68.984],[-68.04,68.948],[-67.999,68.856],[-68.493,68.899],[-67.773,68.784],[-69.398,68.858],[-68.048,68.687],[-68.904,68.605],[-67.933,68.56],[-67.958,68.4],[-67.859,68.55],[-67.664,68.565],[-67.492,68.53],[-67.63,68.493],[-67.606,68.384],[-67.549,68.492],[-66.664,68.441],[-67.876,68.283],[-67.033,68.327],[-67.602,68.167],[-66.788,68.249],[-66.971,68.037],[-66.693,68.145],[-66.739,67.989],[-66.581,68.148],[-66.314,68.129],[-66.478,68.078],[-66.183,68.016],[-66.414,67.869],[-66.746,67.879],[-66.389,67.781],[-65.928,68.165],[-65.855,68.081],[-66.032,67.961],[-65.944,67.9],[-66.012,67.637],[-65.81,67.975],[-65.452,67.999],[-65.614,67.789],[-65.361,67.598],[-65.55,67.793],[-65.419,67.914],[-65.025,68.057],[-64.75,68.001],[-65.067,67.934],[-64.943,67.914],[-65.109,67.867],[-65.149,67.796],[-65.012,67.793],[-65.195,67.644],[-64.913,67.794],[-64.826,67.694],[-64.759,67.824],[-64.503,67.807],[-64.368,67.759],[-64.641,67.667],[-64.312,67.735],[-64.042,67.537],[-64.443,67.481],[-63.997,67.454],[-63.908,67.307],[-64.8,67.351],[-64.231,67.296],[-64.773,67.198],[-63.963,67.276],[-64.609,67.14],[-64.7,67.009],[-64.497,67.139],[-63.449,67.228],[-63.771,66.96],[-63.164,67.338],[-62.977,67.222],[-63.281,67.111],[-63.237,66.974],[-63.82,66.817],[-63.442,66.911],[-63.428,66.708],[-63.349,66.891],[-62.865,66.969],[-62.902,66.638],[-62.747,66.943],[-62.555,66.938],[-62.311,66.728],[-62.425,66.928],[-62.09,67.06],[-62.004,67.037],[-62.106,66.919],[-61.754,66.951],[-62.008,66.88],[-61.606,66.872],[-61.73,66.831],[-61.268,66.632],[-61.438,66.547],[-61.999,66.699],[-62.188,66.632],[-61.822,66.629],[-61.582,66.478],[-61.99,66.412],[-61.462,66.371],[-61.565,66.344],[-61.935,66.289],[-62.627,66.44],[-62.716,66.412],[-62.319,66.303],[-62.664,66.22],[-62.894,66.337],[-61.954,66.02],[-63.066,66.124],[-62.429,65.979],[-62.291,65.823],[-62.871,65.908],[-62.572,65.763],[-62.846,65.769],[-62.598,65.675],[-62.657,65.589],[-62.932,65.761],[-62.96,65.59],[-63.196,65.634],[-63.51,65.937],[-63.347,65.673],[-63.721,65.679],[-63.367,65.633],[-63.367,65.538],[-63.62,65.549],[-63.291,65.432],[-63.655,65.467],[-63.388,65.398],[-63.524,65.385],[-63.313,65.21],[-63.518,65.193],[-63.34,65.145],[-63.535,64.899],[-63.826,64.987],[-63.655,65.042],[-63.871,65.045],[-63.809,65.186],[-64.278,65.104],[-64.079,65.2],[-64.374,65.179],[-64.409,65.288],[-64.237,65.432],[-64.557,65.093],[-64.731,65.159],[-64.649,65.254],[-64.909,65.303],[-64.682,65.343],[-64.915,65.343],[-64.409,65.481],[-65.01,65.369],[-65.17,65.487],[-64.71,65.659],[-65.341,65.583],[-64.792,65.728],[-65.184,65.657],[-65.505,65.755],[-65.336,65.921],[-64.738,65.974],[-64.854,66.036],[-64.717,66.225],[-64.354,66.35],[-64.71,66.283],[-64.964,66.076],[-65.899,65.954],[-65.96,66.053],[-65.639,66.173],[-65.477,66.392],[-65.682,66.191],[-66.012,66.117],[-66.257,66.224],[-66.15,66.289],[-66.521,66.219],[-66.472,66.35],[-66.574,66.371],[-66.443,66.414],[-66.766,66.385],[-66.677,66.46],[-66.862,66.543],[-66.725,66.591],[-67.06,66.646],[-66.883,66.57],[-67.129,66.487],[-67.528,66.624],[-67.746,66.57],[-67.286,66.526],[-67.156,66.368],[-67.41,66.433],[-67.146,66.303],[-67.993,66.509],[-67.753,66.255],[-67.163,66.042],[-67.314,66.001],[-67.187,65.916],[-67.923,65.903],[-68.033,66.001],[-67.973,66.083],[-68.514,66.303],[-68.497,66.213],[-68.85,66.193],[-68.027,66.076],[-68.212,66.008],[-68.116,65.967],[-68.348,66.04],[-68.082,65.833],[-68.205,65.796],[-67.814,65.816],[-68.033,65.487],[-67.736,65.638],[-67.273,65.645],[-67.259,65.535],[-67.459,65.501],[-67.06,65.424],[-67.417,65.351],[-66.937,65.241],[-67.109,65.062],[-66.725,65.186],[-66.917,65.049],[-66.759,65.069],[-66.834,64.946],[-66.705,64.769],[-66.682,65.044],[-66.15,64.871],[-66.342,64.774],[-66.218,64.692],[-66.019,64.858],[-66.041,64.719],[-65.807,64.637],[-65.952,64.885],[-65.689,64.83],[-65.71,64.692],[-65.56,64.713],[-65.752,64.59],[-65.707,64.49],[-65.114,64.515],[-65.227,64.301],[-65.656,64.301],[-65.435,64.305],[-65.567,64.254],[-65.053,64.069],[-65.193,64.022],[-64.672,64.039],[-64.991,63.828],[-64.505,63.644],[-64.587,63.602],[-64.508,63.422],[-64.635,63.418],[-64.484,63.288],[-64.642,63.239],[-64.943,63.633],[-65.302,63.813],[-64.987,63.603],[-65.149,63.431],[-64.902,63.239],[-65.149,63.288],[-64.751,63.102],[-64.868,63.096],[-64.765,63.055],[-64.847,62.973],[-64.628,62.911],[-65.272,63.007],[-64.929,62.644],[-65.17,62.568],[-65.355,62.685],[-65.245,62.78],[-65.375,62.787],[-65.252,62.835],[-65.327,62.918],[-65.604,62.825],[-65.752,62.925],[-65.712,63.051],[-65.788,62.873],[-65.963,62.937],[-65.834,63.033],[-66.029,62.986],[-66.283,63.137],[-66.104,62.952],[-66.397,63.0],[-66.688,63.281],[-66.644,63.375],[-66.739,63.294],[-66.55,62.996],[-66.769,63.091],[-66.807,63.275],[-66.834,63.151],[-67.02,63.239],[-66.974,63.396],[-67.012,63.288],[-67.201,63.288],[-67.924,63.768],[-67.698,63.37],[-68.289,63.699],[-68.993,63.761],[-68.23,63.199],[-67.917,63.143],[-67.986,63.076],[-67.611,63.097],[-67.773,62.959],[-67.537,63.045],[-67.677,62.929],[-67.424,62.979],[-67.245,62.89],[-67.369,62.856],[-66.91,62.698],[-67.006,62.657],[-66.76,62.684],[-66.512,62.424],[-66.352,62.447],[-66.474,62.337],[-65.987,62.242],[-66.04,62.075],[-66.204,62.117],[-65.949,61.909],[-66.274,61.858],[-67.338,62.14],[-68.554,62.25],[-69.197,62.445],[-69.281,62.624],[-69.377,62.534],[-69.587,62.658],[-69.39,62.767],[-70.24,62.754],[-71.042,62.959],[-70.946,63.033],[-71.158,62.994],[-70.823,63.13],[-70.899,63.165],[-71.237,63.007],[-71.713,63.178],[-71.649,63.264],[-71.769,63.26],[-71.761,63.403],[-72.142,63.448],[-71.614,63.427],[-71.227,63.602],[-71.562,63.581],[-71.535,63.712],[-71.656,63.658],[-71.923,63.82],[-72.008,63.754],[-71.844,63.761],[-71.93,63.655],[-72.201,63.78],[-72.318,63.679],[-72.365,63.761],[-72.09,63.911],[-72.242,63.959],[-72.378,63.783],[-72.666,63.856],[-72.663,64.084],[-72.734,63.97],[-73.104,64.281],[-73.386,64.281],[-73.266,64.37],[-73.482,64.405],[-73.167,64.59],[-73.303,64.666],[-73.314,64.538],[-73.464,64.508],[-73.427,64.603],[-73.646,64.666],[-73.752,64.542],[-73.922,64.609],[-73.783,64.48],[-73.962,64.48],[-74.078,64.329],[-74.174,64.37],[-74.079,64.421],[-74.174,64.466],[-74.044,64.446],[-74.126,64.542],[-73.955,64.515],[-74.167,64.57],[-74.003,64.583],[-74.05,64.726],[-74.242,64.583],[-74.42,64.666],[-74.394,64.577],[-74.708,64.74],[-74.487,64.837],[-74.646,64.905],[-74.731,64.772],[-74.989,64.802],[-74.469,64.562],[-74.646,64.535],[-74.506,64.462],[-74.681,64.378],[-75.82,64.622],[-75.633,64.46],[-75.922,64.487],[-75.736,64.372],[-76.711,64.305],[-76.689,64.192],[-77.854,64.37],[-78.182,64.58],[-78.156,64.699],[-78.299,64.707],[-78.073,64.816],[-78.121,64.974],[-77.313,65.2],[-77.514,65.326],[-77.292,65.381],[-77.392,65.473],[-75.798,65.232],[-75.441,65.066],[-75.425,64.972],[-75.668,64.946],[-75.379,64.722],[-75.346,64.925],[-75.572,64.884],[-75.263,64.957],[-75.199,65.106],[-75.363,65.008],[-75.949,65.322],[-75.193,65.256],[-75.105,65.396],[-74.715,65.44],[-74.551,65.333],[-74.118,65.537],[-73.474,65.46],[-73.718,65.775],[-74.472,66.149],[-72.949,66.735],[-73.006,66.818],[-72.803,67.043],[-72.351,67.119],[-72.193,67.276],[-72.663,67.685],[-72.608,67.786],[-72.944,67.932],[-72.995,68.236],[-73.495,68.277],[-73.214,68.379],[-73.619,68.25],[-73.947,68.413],[-73.739,68.519],[-73.756,68.687],[-74.188,68.729],[-73.886,68.564],[-73.986,68.495],[-74.386,68.548],[-74.721,68.736],[-74.574,68.842],[-74.983,68.811],[-74.685,68.88],[-75.044,68.907],[-74.64,69.024],[-74.809,69.083],[-75.116,68.893],[-75.486,69.022],[-75.607,68.886],[-76.625,68.682],[-76.534,68.881],[-76.638,69.016],[-75.99,69.011],[-75.621,69.088],[-75.596,69.229],[-76.63,69.546],[-76.182,69.668],[-76.622,69.689],[-76.517,69.668],[-76.703,69.565],[-77.203,69.647],[-76.795,69.722],[-76.901,69.777],[-76.777,69.836],[-77.313,69.842],[-76.976,69.942],[-77.634,69.825],[-77.442,69.791],[-77.614,69.743],[-77.704,70.201],[-78.408,70.216],[-78.539,70.312],[-78.388,70.339],[-79.074,70.477],[-78.882,70.601],[-78.717,70.552],[-79.016,70.682],[-79.159,70.629],[-79.003,70.619],[-79.16,70.443],[-79.347,70.449],[-79.252,70.558],[-79.591,70.411],[-78.925,70.302],[-78.665,70.014],[-78.8,69.88],[-79.681,69.849],[-79.906,69.983],[-81.762,70.123],[-80.77,69.782],[-80.929,69.715],[-83.006,70.31],[-81.712,69.935],[-82.138,69.786],[-83.052,70.01],[-84.695,70.007],[-84.812,70.119],[-85.875,70.072],[-85.235,69.996],[-85.783,69.995],[-86.55,70.236],[-86.591,70.367],[-86.297,70.477],[-86.371,70.527],[-86.639,70.325],[-86.883,70.336],[-86.742,70.387],[-86.975,70.473],[-87.249,70.394],[-87.01,70.374],[-87.005,70.283],[-87.934,70.25],[-88.263,70.332],[-87.879,70.318],[-88.907,70.545],[-89.449,70.908],[-89.188,70.963],[-89.558,71.093],[-87.893,70.935],[-87.002,70.997],[-87.749,71.141],[-87.864,71.275],[-89.853,71.339],[-90.045,71.597],[-89.798,71.765],[-90.119,71.929]]],[[[-115.319,73.488],[-119.164,72.63],[-119.34,72.347],[-120.255,72.261],[-120.158,72.128],[-120.434,71.964],[-120.382,71.692],[-120.635,71.491],[-121.423,71.38],[-121.701,71.468],[-122.798,71.088],[-123.255,71.13],[-124.065,71.7],[-125.253,71.956],[-124.959,71.967],[-125.878,71.964],[-125.438,72.416],[-124.952,72.57],[-125.103,72.635],[-124.946,72.703],[-125.113,72.867],[-124.476,72.933],[-124.86,73.09],[-123.774,73.766],[-124.213,73.879],[-124.756,74.349],[-121.581,74.556],[-119.518,74.231],[-119.818,74.104],[-119.765,74.035],[-119.48,74.226],[-119.144,74.209],[-119.069,74.091],[-119.189,73.992],[-118.952,74.018],[-118.725,74.221],[-117.416,74.232],[-115.319,73.488]]],[[[-123.287,48.613],[-123.283,48.611],[-123.28,48.601],[-123.287,48.613]]],[[[-123.369,48.774],[-123.531,48.734],[-123.596,48.952],[-123.369,48.774]]],[[[-123.654,49.034],[-123.659,49.041],[-123.698,49.082],[-123.654,49.034]]],[[[-123.721,49.161],[-123.704,49.156],[-123.697,49.148],[-123.721,49.161]]],[[[-125.95,49.201],[-125.945,49.198],[-125.937,49.191],[-125.95,49.201]]],[[[-126.048,49.267],[-126.24,49.302],[-126.132,49.397],[-126.048,49.267]]],[[[-123.331,49.373],[-123.337,49.365],[-123.344,49.356],[-123.331,49.373]]],[[[-124.232,49.499],[-124.172,49.464],[-124.172,49.455],[-124.232,49.499]]],[[[-123.452,49.445],[-123.449,49.459],[-123.454,49.469],[-123.452,49.445]]],[[[-124.607,49.531],[-124.6,49.528],[-124.594,49.522],[-124.607,49.531]]],[[[-124.709,49.497],[-124.694,49.491],[-124.691,49.483],[-124.709,49.497]]],[[[-124.109,49.678],[-124.136,49.657],[-124.164,49.66],[-124.109,49.678]]],[[[-124.664,49.747],[-124.348,49.704],[-124.123,49.5],[-124.664,49.747]]],[[[-126.618,49.631],[-126.807,49.627],[-126.987,49.815],[-126.691,49.857],[-126.618,49.631]]],[[[-127.241,50.022],[-127.232,50.013],[-127.232,50.01],[-127.241,50.022]]],[[[-124.891,50.069],[-125.06,50.115],[-125.0,50.233],[-124.891,50.069]]],[[[-125.349,50.242],[-125.171,50.219],[-125.161,50.003],[-125.349,50.242]]],[[[-124.891,50.193],[-124.913,50.194],[-124.926,50.2],[-124.891,50.193]]],[[[-124.803,50.229],[-124.808,50.232],[-124.812,50.24],[-124.803,50.229]]],[[[-125.404,50.332],[-125.288,50.437],[-125.048,50.206],[-125.142,50.126],[-125.212,50.322],[-125.404,50.332]]],[[[-125.502,50.414],[-125.503,50.405],[-125.592,50.388],[-125.502,50.414]]],[[[-125.368,50.461],[-125.34,50.453],[-125.328,50.434],[-125.368,50.461]]],[[[-125.749,50.422],[-125.757,50.42],[-125.785,50.412],[-125.749,50.422]]],[[[-126.538,50.584],[-126.524,50.579],[-126.518,50.576],[-126.538,50.584]]],[[[-126.337,50.603],[-126.325,50.605],[-126.288,50.603],[-126.337,50.603]]],[[[-126.404,50.63],[-126.385,50.629],[-126.364,50.619],[-126.404,50.63]]],[[[-126.859,50.646],[-126.84,50.634],[-126.833,50.625],[-126.859,50.646]]],[[[-126.618,50.672],[-126.289,50.829],[-126.179,50.751],[-126.618,50.672]]],[[[-126.782,50.775],[-126.796,50.775],[-126.855,50.786],[-126.782,50.775]]],[[[-123.281,48.448],[-123.654,48.314],[-125.094,48.73],[-125.185,48.801],[-124.847,49.02],[-124.808,49.247],[-124.908,49.006],[-125.607,48.962],[-125.872,49.09],[-125.613,49.206],[-125.747,49.148],[-125.775,49.37],[-126.028,49.274],[-125.912,49.438],[-126.014,49.322],[-126.055,49.445],[-126.573,49.414],[-126.549,49.596],[-126.107,49.683],[-126.453,49.674],[-126.467,49.792],[-126.573,49.707],[-126.65,49.898],[-126.844,49.973],[-126.839,49.888],[-126.919,49.973],[-126.936,49.867],[-127.142,49.867],[-127.238,49.962],[-127.097,50.151],[-127.363,50.033],[-127.463,50.187],[-127.898,50.114],[-127.747,50.243],[-127.968,50.342],[-127.926,50.462],[-127.591,50.486],[-127.447,50.377],[-127.562,50.521],[-127.419,50.603],[-127.878,50.63],[-127.593,50.544],[-128.06,50.453],[-128.417,50.772],[-127.882,50.867],[-126.864,50.53],[-125.477,50.339],[-124.882,49.725],[-124.976,49.668],[-124.795,49.473],[-123.955,49.229],[-123.58,48.822],[-123.651,48.753],[-123.535,48.54],[-123.417,48.691],[-123.281,48.448]]],[[[-127.846,50.923],[-127.844,50.919],[-127.839,50.912],[-127.846,50.923]]],[[[-127.545,51.09],[-127.527,51.084],[-127.527,51.066],[-127.545,51.09]]],[[[-131.681,52.842],[-131.665,52.841],[-131.654,52.838],[-131.681,52.842]]],[[[-132.23,52.995],[-132.22,52.992],[-132.202,52.984],[-132.23,52.995]]],[[[-132.979,54.246],[-132.969,54.24],[-132.966,54.234],[-132.979,54.246]]],[[[-64.862,60.466],[-64.422,60.398],[-64.427,60.286],[-64.862,60.466]]],[[[-67.826,60.466],[-67.973,60.29],[-68.439,60.259],[-68.241,60.586],[-67.826,60.466]]],[[[-64.61,60.69],[-64.599,60.688],[-64.594,60.684],[-64.61,60.69]]],[[[-78.244,60.835],[-78.237,60.833],[-78.234,60.831],[-78.244,60.835]]],[[[-65.486,61.599],[-65.047,61.698],[-64.65,61.605],[-64.875,61.331],[-65.486,61.599]]],[[[-65.676,61.76],[-65.946,61.801],[-65.791,61.873],[-65.676,61.76]]],[[[-93.025,61.917],[-93.028,61.913],[-93.032,61.903],[-93.025,61.917]]],[[[-64.828,61.761],[-65.255,61.891],[-65.067,61.93],[-64.828,61.761]]],[[[-92.272,62.407],[-92.241,62.399],[-92.142,62.404],[-92.272,62.407]]],[[[-79.264,62.236],[-79.326,61.988],[-79.759,61.582],[-80.286,61.93],[-80.215,62.138],[-79.867,62.401],[-79.54,62.418],[-79.264,62.236]]],[[[-92.577,62.404],[-92.558,62.411],[-92.543,62.424],[-92.577,62.404]]],[[[-64.36,62.506],[-64.594,62.37],[-64.963,62.465],[-64.801,62.569],[-64.36,62.506]]],[[[-77.854,62.588],[-77.836,62.562],[-77.861,62.55],[-77.854,62.588]]],[[[-77.723,62.588],[-77.64,62.592],[-77.621,62.588],[-77.723,62.588]]],[[[-64.967,62.534],[-65.062,62.533],[-65.114,62.538],[-64.967,62.534]]],[[[-91.593,62.651],[-91.584,62.643],[-91.576,62.632],[-91.593,62.651]]],[[[-91.134,62.685],[-91.045,62.683],[-90.984,62.664],[-91.134,62.685]]],[[[-74.016,62.671],[-74.002,62.659],[-73.968,62.618],[-74.016,62.671]]],[[[-70.177,62.59],[-70.728,62.553],[-70.925,62.746],[-70.774,62.771],[-71.237,62.873],[-70.492,62.767],[-70.177,62.59]]],[[[-81.862,62.925],[-81.957,62.698],[-83.066,62.187],[-83.705,62.144],[-83.94,62.424],[-83.296,62.931],[-83.06,62.842],[-82.257,62.996],[-81.862,62.925]]],[[[-90.62,63.48],[-90.615,63.476],[-90.611,63.472],[-90.62,63.48]]],[[[-77.496,63.276],[-77.941,63.087],[-78.544,63.449],[-77.844,63.472],[-77.496,63.276]]],[[[-90.675,63.521],[-90.689,63.51],[-90.706,63.509],[-90.675,63.521]]],[[[-91.463,63.617],[-91.447,63.609],[-91.399,63.598],[-91.463,63.617]]],[[[-64.06,63.275],[-64.352,63.395],[-64.498,63.617],[-64.338,63.657],[-64.293,63.439],[-64.06,63.275]]],[[[-76.545,63.467],[-76.982,63.407],[-77.448,63.642],[-77.12,63.685],[-76.545,63.467]]],[[[-72.474,63.706],[-72.46,63.688],[-72.471,63.676],[-72.474,63.706]]],[[[-92.978,63.904],[-92.964,63.89],[-92.962,63.879],[-92.978,63.904]]],[[[-64.916,63.824],[-64.563,63.909],[-64.613,63.788],[-64.388,63.733],[-64.916,63.824]]],[[[-77.973,63.966],[-77.983,63.972],[-77.976,63.988],[-77.973,63.966]]],[[[-81.469,64.192],[-81.517,64.197],[-81.539,64.206],[-81.469,64.192]]],[[[-73.276,64.219],[-73.251,64.212],[-73.198,64.214],[-73.276,64.219]]],[[[-73.495,64.476],[-73.646,64.319],[-73.578,64.493],[-73.684,64.525],[-73.495,64.476]]],[[[-65.688,64.548],[-65.412,64.74],[-65.21,64.644],[-65.688,64.548]]],[[[-62.127,65.679],[-62.318,65.615],[-62.486,65.724],[-62.127,65.679]]],[[[-83.503,65.81],[-83.538,65.819],[-83.572,65.84],[-83.503,65.81]]],[[[-87.224,63.66],[-86.896,63.93],[-86.193,64.103],[-86.419,64.597],[-86.173,64.83],[-86.152,65.396],[-85.939,65.763],[-85.487,65.924],[-85.488,65.797],[-85.172,65.789],[-85.052,65.614],[-85.316,65.541],[-85.008,65.416],[-84.932,65.218],[-84.555,65.486],[-84.16,65.347],[-84.23,65.268],[-84.098,65.21],[-83.398,65.137],[-83.208,64.948],[-81.771,64.512],[-81.775,64.309],[-81.607,64.134],[-81.992,63.999],[-81.399,64.102],[-80.931,63.993],[-80.889,64.123],[-80.497,63.918],[-80.675,63.894],[-80.17,63.774],[-81.125,63.464],[-82.482,63.685],[-82.551,63.757],[-82.371,63.913],[-83.085,63.958],[-82.966,64.137],[-83.084,64.19],[-83.685,64.014],[-83.634,63.771],[-84.284,63.627],[-84.59,63.315],[-85.274,63.123],[-85.635,63.243],[-85.59,63.613],[-85.714,63.774],[-86.868,63.562],[-87.224,63.66]]],[[[-84.574,65.636],[-84.841,65.588],[-85.186,65.947],[-84.93,66.015],[-84.574,65.636]]],[[[-84.474,66.13],[-84.021,66.088],[-83.693,65.926],[-83.786,65.813],[-83.212,65.706],[-83.839,65.652],[-83.685,65.755],[-84.143,65.767],[-84.125,65.907],[-84.474,66.13]]],[[[-83.296,66.312],[-82.904,66.268],[-83.078,66.198],[-83.296,66.312]]],[[[-62.407,67.187],[-62.374,67.166],[-62.407,67.159],[-62.407,67.187]]],[[[-63.518,67.324],[-63.498,67.337],[-63.487,67.342],[-63.518,67.324]]],[[[-63.757,67.523],[-64.038,67.53],[-63.955,67.655],[-63.757,67.523]]],[[[-73.358,67.838],[-74.402,67.779],[-74.777,67.985],[-74.338,68.181],[-74.255,68.063],[-73.446,67.993],[-73.358,67.838]]],[[[-66.183,68.263],[-66.271,68.161],[-66.661,68.209],[-66.183,68.263]]],[[[-86.372,67.937],[-86.68,67.735],[-86.92,67.861],[-86.837,67.992],[-86.987,68.084],[-86.577,68.291],[-86.408,68.208],[-86.372,67.937]]],[[[-75.004,68.123],[-75.161,67.953],[-75.044,67.817],[-75.082,67.533],[-75.889,67.258],[-76.982,67.243],[-77.251,67.454],[-77.323,67.708],[-76.868,68.159],[-76.299,68.335],[-75.597,68.314],[-75.004,68.123]]],[[[-78.81,68.284],[-79.044,68.166],[-79.191,68.268],[-78.81,68.284]]],[[[-82.081,68.307],[-82.149,68.334],[-82.26,68.344],[-82.081,68.307]]],[[[-74.401,68.423],[-74.081,68.333],[-74.222,68.25],[-74.401,68.423]]],[[[-78.971,68.475],[-78.669,68.585],[-78.886,68.659],[-78.463,68.62],[-78.737,68.452],[-78.971,68.475]]],[[[-74.845,68.579],[-74.858,68.59],[-74.893,68.626],[-74.845,68.579]]],[[[-75.411,68.523],[-75.239,68.725],[-74.771,68.473],[-74.9,68.434],[-74.784,68.418],[-74.843,68.323],[-75.411,68.523]]],[[[-68.006,68.77],[-67.696,68.719],[-67.663,68.708],[-68.006,68.77]]],[[[-90.182,69.119],[-90.171,69.117],[-90.162,69.114],[-90.182,69.119]]],[[[-90.456,69.234],[-90.685,69.229],[-90.667,69.357],[-90.777,69.277],[-90.619,69.376],[-90.456,69.234]]],[[[-79.423,68.927],[-78.622,69.263],[-78.71,69.342],[-78.214,69.303],[-78.847,68.908],[-79.268,68.832],[-79.423,68.927]]],[[[-90.51,69.331],[-90.202,69.448],[-90.147,69.373],[-90.328,69.239],[-90.51,69.331]]],[[[-76.647,69.383],[-76.93,69.223],[-76.901,69.106],[-77.387,69.267],[-77.25,69.435],[-76.647,69.383]]],[[[-67.444,69.592],[-67.398,69.591],[-67.377,69.586],[-67.444,69.592]]],[[[-68.308,69.592],[-67.828,69.661],[-67.956,69.71],[-67.725,69.647],[-67.91,69.534],[-68.308,69.592]]],[[[-77.942,69.647],[-78.881,69.481],[-78.195,69.755],[-77.942,69.647]]],[[[-80.814,69.695],[-79.672,69.82],[-79.327,69.709],[-80.053,69.649],[-79.999,69.5],[-80.814,69.695]]],[[[-83.836,69.75],[-83.87,69.759],[-83.902,69.774],[-83.836,69.75]]],[[[-91.854,69.86],[-91.802,69.878],[-91.748,69.883],[-91.854,69.86]]],[[[-91.737,69.791],[-91.409,69.88],[-91.534,69.731],[-91.737,69.791]]],[[[-87.379,70.106],[-86.651,70.121],[-86.46,70.017],[-87.084,69.989],[-87.379,70.106]]],[[[-71.343,71.008],[-72.002,70.812],[-72.228,70.922],[-71.86,71.079],[-71.343,71.008]]],[[[-72.817,71.449],[-73.07,71.298],[-73.379,71.518],[-73.172,71.573],[-73.077,71.539],[-73.156,71.423],[-72.977,71.522],[-72.817,71.449]]],[[[-72.738,71.662],[-72.708,71.657],[-72.689,71.644],[-72.738,71.662]]],[[[-95.328,71.847],[-95.291,71.847],[-95.274,71.843],[-95.328,71.847]]],[[[-95.766,72.875],[-95.734,72.858],[-95.721,72.849],[-95.766,72.875]]],[[[-97.014,72.779],[-96.759,72.896],[-96.648,72.801],[-97.014,72.779]]],[[[-96.568,73.052],[-96.934,72.924],[-97.144,73.076],[-96.857,73.194],[-96.568,73.052]]],[[[-108.088,73.591],[-108.014,73.622],[-107.849,73.633],[-108.088,73.591]]],[[[-104.49,73.532],[-104.737,73.19],[-105.36,72.95],[-105.203,72.867],[-105.285,72.851],[-106.121,73.293],[-107.039,73.484],[-106.6,73.711],[-105.381,73.771],[-104.49,73.532]]],[[[-80.903,73.607],[-80.862,73.751],[-80.56,73.773],[-79.45,73.635],[-78.114,73.666],[-77.213,73.511],[-77.04,73.359],[-76.714,73.322],[-76.634,73.17],[-76.243,73.093],[-76.333,72.971],[-76.058,72.902],[-76.319,72.817],[-78.171,72.899],[-79.568,72.76],[-80.002,72.871],[-80.176,73.046],[-80.164,73.233],[-80.86,73.319],[-80.85,73.475],[-80.697,73.484],[-80.903,73.607]]],[[[-96.304,72.427],[-96.877,72.326],[-96.534,72.244],[-96.5,72.093],[-96.869,72.045],[-96.493,72.028],[-96.767,71.922],[-96.501,71.931],[-96.589,71.821],[-97.685,71.618],[-98.253,71.67],[-98.359,71.734],[-98.213,71.881],[-98.295,71.902],[-98.5,71.723],[-98.042,71.531],[-98.73,71.272],[-99.235,71.35],[-99.385,71.586],[-100.637,72.186],[-100.968,72.175],[-101.216,72.335],[-101.449,72.242],[-101.782,72.309],[-101.934,72.487],[-102.756,72.779],[-102.485,73.041],[-101.948,73.093],[-101.334,72.725],[-100.431,72.74],[-100.317,72.806],[-100.467,73.019],[-100.31,73.033],[-100.417,72.978],[-100.269,72.96],[-100.305,72.875],[-100.035,72.944],[-100.323,73.101],[-100.228,73.134],[-100.53,73.093],[-100.611,73.148],[-100.467,73.203],[-100.556,73.231],[-99.769,73.211],[-100.363,73.4],[-100.858,73.263],[-101.626,73.491],[-100.919,73.603],[-100.42,73.419],[-100.604,73.499],[-100.549,73.601],[-101.119,73.724],[-100.886,73.832],[-100.023,73.738],[-99.846,73.888],[-100.303,73.861],[-99.803,73.937],[-99.191,73.69],[-97.774,73.919],[-97.836,73.868],[-97.194,73.847],[-96.938,73.687],[-97.644,73.54],[-97.15,73.395],[-98.494,73.018],[-98.446,72.873],[-97.985,73.044],[-97.256,72.962],[-97.419,72.861],[-97.026,72.729],[-97.194,72.615],[-96.538,72.752],[-96.304,72.427]]],[[[-99.44,73.909],[-97.643,74.072],[-98.763,73.817],[-99.44,73.909]]],[[[-90.196,73.902],[-90.786,73.557],[-90.983,73.56],[-90.921,73.498],[-91.258,73.272],[-91.634,73.231],[-91.376,73.203],[-92.096,72.746],[-94.321,72.765],[-93.787,72.741],[-93.817,72.645],[-93.464,72.463],[-94.234,72.032],[-94.027,72.066],[-94.088,71.979],[-95.211,71.994],[-95.089,72.1],[-95.201,72.111],[-94.79,72.16],[-95.177,72.155],[-95.235,72.44],[-95.136,72.463],[-95.669,72.802],[-95.691,73.087],[-95.513,73.134],[-95.705,73.56],[-95.54,73.581],[-95.725,73.642],[-95.432,73.776],[-94.622,73.656],[-95.328,73.947],[-94.374,74.132],[-93.757,74.077],[-93.668,74.173],[-92.8,74.132],[-92.373,74.048],[-92.334,73.943],[-91.572,74.033],[-90.196,73.902]]],[[[-97.737,74.471],[-97.769,74.476],[-97.786,74.482],[-97.737,74.471]]],[[[-95.256,74.519],[-95.87,74.581],[-95.563,74.643],[-95.256,74.519]]],[[[-103.586,75.177],[-104.229,75.019],[-104.93,75.141],[-104.403,75.433],[-103.821,75.367],[-103.586,75.177]]],[[[-93.409,74.889],[-93.608,74.654],[-94.724,74.632],[-95.898,74.826],[-96.137,74.937],[-96.065,75.024],[-96.267,74.91],[-96.616,74.992],[-96.469,75.194],[-95.78,75.383],[-96.156,75.408],[-95.705,75.403],[-95.842,75.465],[-94.9,75.645],[-93.677,75.362],[-93.8,75.307],[-93.499,75.268],[-93.58,75.205],[-93.492,75.074],[-93.642,75.04],[-93.409,74.889]]],[[[-97.055,75.499],[-96.375,75.66],[-95.91,75.561],[-96.206,75.458],[-96.424,75.581],[-96.844,75.359],[-97.055,75.499]]],[[[-120.868,75.917],[-120.991,75.763],[-121.293,75.76],[-120.868,75.917]]],[[[-103.387,75.766],[-103.045,75.906],[-101.981,75.952],[-102.605,75.773],[-103.387,75.766]]],[[[-94.295,75.776],[-94.744,75.762],[-94.91,75.937],[-94.515,75.994],[-94.295,75.776]]],[[[-102.572,75.993],[-102.945,75.958],[-103.318,75.924],[-102.572,75.993]]],[[[-119.409,75.602],[-118.621,75.922],[-117.463,76.088],[-118.202,75.602],[-118.661,75.503],[-119.409,75.602]]],[[[-78.8,76.085],[-79.176,75.958],[-78.896,75.843],[-79.752,75.883],[-79.068,76.125],[-78.8,76.085]]],[[[-81.328,76.15],[-81.36,76.149],[-81.436,76.155],[-81.328,76.15]]],[[[-104.478,76.147],[-102.727,76.316],[-102.531,76.157],[-103.811,76.034],[-104.478,76.147]]],[[[-89.38,76.445],[-89.407,76.438],[-89.596,76.444],[-89.38,76.445]]],[[[-83.992,76.425],[-84.057,76.442],[-84.123,76.451],[-83.992,76.425]]],[[[-104.681,76.602],[-104.025,76.67],[-103.925,76.64],[-104.058,76.568],[-103.796,76.623],[-103.01,76.423],[-104.378,76.325],[-104.398,76.469],[-104.681,76.602]]],[[[-97.281,75.403],[-97.724,75.572],[-97.856,75.548],[-97.774,75.46],[-98.042,75.485],[-97.774,75.424],[-98.035,75.416],[-97.88,75.374],[-98.117,75.298],[-97.931,75.34],[-98.001,75.28],[-97.569,75.15],[-98.103,75.226],[-97.976,75.014],[-99.406,74.999],[-99.306,75.131],[-99.645,74.976],[-100.369,75.023],[-100.549,75.205],[-99.987,75.239],[-100.782,75.355],[-99.666,75.616],[-99.823,75.656],[-98.894,75.7],[-102.633,75.498],[-102.882,75.618],[-102.009,75.705],[-102.374,75.81],[-102.262,75.87],[-101.833,75.906],[-101.276,75.746],[-100.913,75.815],[-101.551,75.87],[-101.304,76.021],[-101.71,75.99],[-101.903,76.106],[-101.385,76.253],[-102.168,76.239],[-101.955,76.369],[-102.035,76.413],[-101.322,76.415],[-101.057,76.328],[-101.132,76.245],[-100.625,76.123],[-100.741,76.096],[-100.42,76.123],[-100.625,76.081],[-99.947,75.875],[-99.44,75.972],[-99.864,75.937],[-100.221,76.136],[-99.419,76.164],[-100.479,76.234],[-99.844,76.287],[-100.988,76.507],[-99.641,76.637],[-99.07,76.404],[-99.139,76.455],[-98.851,76.438],[-99.029,76.602],[-98.455,76.682],[-98.151,76.589],[-98.368,76.571],[-97.665,76.486],[-97.789,76.322],[-97.507,76.191],[-97.655,75.982],[-97.57,75.865],[-97.939,75.746],[-97.378,75.68],[-97.409,75.472],[-97.281,75.403]]],[[[-101.16,76.582],[-101.338,76.561],[-101.687,76.589],[-101.16,76.582]]],[[[-89.675,76.733],[-89.859,76.616],[-89.675,76.507],[-89.977,76.478],[-90.594,76.751],[-89.982,76.842],[-89.675,76.733]]],[[[-105.39,75.653],[-105.751,75.492],[-105.593,75.465],[-106.074,75.105],[-106.009,75.057],[-107.231,74.92],[-107.686,74.982],[-107.772,75.101],[-107.991,75.013],[-107.944,74.937],[-108.417,74.917],[-108.824,75.072],[-112.437,74.414],[-113.693,74.444],[-114.44,74.684],[-112.798,74.985],[-111.586,75.006],[-110.918,75.232],[-112.346,75.122],[-112.473,75.15],[-112.337,75.226],[-112.59,75.183],[-112.679,75.28],[-112.699,75.142],[-112.857,75.11],[-113.887,75.058],[-113.929,75.144],[-113.645,75.191],[-113.94,75.183],[-113.813,75.324],[-113.323,75.424],[-113.874,75.374],[-114.071,75.475],[-114.196,75.225],[-114.615,75.283],[-114.303,75.182],[-114.441,75.068],[-115.058,74.967],[-115.263,75.183],[-115.667,75.149],[-115.537,75.04],[-115.715,74.97],[-116.256,75.06],[-116.044,75.129],[-116.338,75.116],[-116.257,75.211],[-116.767,75.122],[-117.688,75.26],[-117.202,75.481],[-116.042,75.485],[-115.002,75.698],[-117.249,75.609],[-116.885,75.789],[-114.827,75.879],[-116.736,75.937],[-116.461,75.978],[-116.702,76.04],[-116.63,76.12],[-116.163,76.204],[-114.667,76.164],[-115.927,76.287],[-114.872,76.52],[-114.159,76.459],[-113.963,76.191],[-112.994,76.273],[-112.426,76.171],[-112.526,76.121],[-111.727,75.917],[-112.227,75.815],[-111.459,75.842],[-111.596,75.815],[-111.37,75.733],[-111.411,75.616],[-111.251,75.522],[-108.91,75.479],[-109.034,75.554],[-108.855,75.561],[-108.937,75.678],[-108.828,75.691],[-110.055,75.896],[-109.297,76.039],[-109.323,76.115],[-110.384,76.301],[-110.397,76.397],[-108.776,76.864],[-108.451,76.733],[-108.732,76.643],[-108.485,76.459],[-108.616,76.423],[-108.081,76.287],[-108.499,76.04],[-107.64,75.989],[-108.026,75.787],[-107.076,75.899],[-106.881,75.649],[-106.882,75.766],[-106.615,75.801],[-106.886,75.838],[-106.875,75.965],[-106.34,76.062],[-105.607,75.937],[-105.39,75.653]]],[[[-114.879,76.767],[-113.846,76.899],[-113.453,76.774],[-114.879,76.767]]],[[[-79.334,74.903],[-79.909,74.814],[-80.313,74.942],[-80.411,74.902],[-80.101,74.828],[-80.245,74.759],[-80.129,74.718],[-80.218,74.587],[-81.789,74.458],[-82.92,74.552],[-83.117,74.669],[-83.078,74.816],[-83.492,74.909],[-83.322,74.762],[-83.494,74.578],[-84.258,74.506],[-84.915,74.512],[-85.008,74.704],[-85.035,74.539],[-85.185,74.493],[-85.534,74.69],[-85.482,74.545],[-85.604,74.498],[-86.125,74.484],[-86.179,74.622],[-86.38,74.487],[-86.803,74.622],[-86.604,74.471],[-88.518,74.501],[-88.434,74.766],[-88.297,74.78],[-88.539,74.904],[-88.848,74.665],[-89.099,74.841],[-89.06,74.722],[-89.27,74.759],[-89.099,74.687],[-89.147,74.608],[-89.434,74.553],[-91.025,74.704],[-90.787,74.89],[-91.23,74.738],[-91.099,74.629],[-91.33,74.721],[-91.513,74.645],[-92.063,74.803],[-92.012,74.91],[-92.23,75.074],[-92.056,75.153],[-92.504,75.218],[-92.327,75.376],[-92.463,75.376],[-92.381,75.456],[-92.004,75.602],[-92.176,75.753],[-92.127,75.874],[-92.62,76.015],[-93.06,76.349],[-95.39,76.239],[-94.801,76.328],[-96.109,76.5],[-95.588,76.61],[-96.027,76.555],[-96.966,76.739],[-96.308,76.76],[-96.82,76.872],[-96.658,76.952],[-96.818,76.983],[-95.771,77.077],[-93.701,76.921],[-93.197,76.753],[-93.299,76.555],[-93.656,76.445],[-93.561,76.395],[-93.079,76.628],[-90.921,76.643],[-90.469,76.486],[-91.566,76.5],[-89.194,76.248],[-90.456,76.178],[-90.094,76.125],[-91.613,76.267],[-91.258,76.202],[-91.409,76.15],[-90.668,76.116],[-90.867,76.068],[-90.188,76.068],[-91.161,76.021],[-90.943,76.006],[-91.129,75.836],[-90.798,75.999],[-90.428,75.972],[-90.519,75.899],[-89.964,76.016],[-89.688,75.903],[-89.777,75.794],[-89.163,75.765],[-89.257,75.636],[-89.763,75.581],[-89.208,75.586],[-88.917,75.43],[-88.764,75.438],[-88.9,75.609],[-88.722,75.686],[-88.228,75.471],[-87.751,75.581],[-87.467,75.456],[-87.507,75.561],[-87.266,75.623],[-86.365,75.43],[-86.618,75.369],[-85.522,75.403],[-86.152,75.509],[-84.576,75.624],[-84.665,75.691],[-83.918,75.815],[-84.001,75.829],[-81.113,75.779],[-81.286,75.664],[-80.503,75.662],[-79.95,75.54],[-80.376,75.465],[-79.574,75.451],[-79.683,75.438],[-79.491,75.383],[-79.615,75.304],[-79.444,75.287],[-79.517,75.229],[-80.443,75.04],[-80.249,74.954],[-79.592,75.021],[-79.334,74.903]]],[[[-123.041,76.088],[-122.403,76.404],[-121.512,76.448],[-121.187,76.688],[-120.368,76.815],[-120.429,76.869],[-119.163,77.325],[-117.852,77.39],[-117.962,77.37],[-117.039,77.293],[-117.181,77.349],[-116.647,77.39],[-117.154,77.459],[-116.407,77.562],[-115.393,77.308],[-116.401,77.137],[-115.732,76.949],[-116.366,76.932],[-115.893,76.698],[-117.008,76.552],[-116.934,76.356],[-117.136,76.29],[-118.058,76.41],[-117.908,76.533],[-117.919,76.693],[-117.736,76.78],[-117.866,76.823],[-118.497,76.719],[-118.305,76.555],[-118.946,76.523],[-118.569,76.345],[-118.9,76.275],[-119.084,76.09],[-119.486,76.361],[-119.717,76.335],[-119.565,76.172],[-119.703,76.164],[-119.552,76.123],[-119.806,76.116],[-119.486,75.975],[-119.863,75.859],[-120.439,75.811],[-120.388,75.972],[-120.684,76.006],[-120.649,76.103],[-120.752,76.103],[-120.662,76.144],[-120.865,76.201],[-121.011,76.139],[-120.953,75.958],[-121.3,75.911],[-121.847,76.045],[-122.732,75.978],[-122.483,76.102],[-122.705,76.116],[-122.493,76.144],[-122.606,76.174],[-123.041,76.088]]],[[[-85.162,77.459],[-85.179,77.464],[-85.17,77.477],[-85.162,77.459]]],[[[-89.645,77.343],[-90.405,77.203],[-91.102,77.362],[-91.209,77.52],[-90.955,77.651],[-90.304,77.629],[-89.645,77.343]]],[[[-106.094,77.73],[-105.503,77.721],[-104.996,77.537],[-105.016,77.415],[-104.371,77.235],[-104.754,77.111],[-105.225,77.164],[-106.094,77.73]]],[[[-96.329,77.61],[-95.507,77.811],[-93.608,77.781],[-93.101,77.664],[-93.375,77.634],[-93.581,77.44],[-95.988,77.479],[-96.329,77.61]]],[[[-77.573,77.857],[-77.587,77.845],[-77.593,77.842],[-77.573,77.857]]],[[[-102.531,77.836],[-101.698,77.905],[-100.932,77.745],[-102.176,77.695],[-102.531,77.836]]],[[[-113.577,77.815],[-114.301,77.713],[-115.118,77.96],[-114.327,78.081],[-113.577,77.815]]],[[[-109.582,78.054],[-110.904,77.853],[-110.108,77.776],[-110.041,77.644],[-110.235,77.504],[-111.991,77.329],[-113.166,77.515],[-113.241,77.582],[-113.09,77.623],[-113.323,77.808],[-113.141,77.923],[-111.278,78.09],[-109.582,78.054]]],[[[-102.778,78.215],[-103.284,78.161],[-103.024,78.27],[-102.778,78.215]]],[[[-88.057,78.452],[-88.047,78.423],[-88.08,78.4],[-88.057,78.452]]],[[[-109.26,78.459],[-109.409,78.31],[-109.823,78.295],[-113.336,78.336],[-110.741,78.758],[-109.887,78.676],[-109.26,78.459]]],[[[-74.558,78.781],[-74.512,78.771],[-74.316,78.756],[-74.558,78.781]]],[[[-98.411,78.494],[-98.025,78.553],[-98.329,78.655],[-98.356,78.774],[-97.451,78.797],[-94.828,78.364],[-95.403,78.233],[-94.889,78.109],[-95.061,77.973],[-96.861,77.789],[-97.103,77.808],[-96.993,77.925],[-97.774,78.042],[-96.869,78.137],[-97.92,78.22],[-97.767,78.247],[-98.411,78.494]]],[[[-105.628,79.165],[-105.457,79.329],[-103.722,79.363],[-102.879,79.233],[-102.619,79.097],[-102.776,78.946],[-102.599,78.878],[-102.421,79.014],[-101.648,79.081],[-100.988,78.932],[-101.185,78.807],[-100.35,78.824],[-99.892,78.699],[-100.063,78.638],[-99.558,78.599],[-99.872,78.439],[-99.748,78.381],[-99.803,78.308],[-98.946,78.069],[-99.104,77.966],[-99.029,77.883],[-99.939,77.783],[-100.61,77.864],[-100.831,78.015],[-100.762,78.083],[-101.06,78.206],[-102.593,78.244],[-102.802,78.288],[-102.744,78.381],[-104.466,78.275],[-105.046,78.505],[-103.54,78.5],[-103.38,78.59],[-104.045,78.631],[-103.318,78.737],[-104.188,78.777],[-103.832,78.905],[-104.247,78.997],[-105.006,78.807],[-104.679,79.011],[-105.563,79.026],[-105.628,79.165]]],[[[-100.194,80.032],[-99.779,80.151],[-99.063,80.125],[-98.706,79.967],[-98.775,79.905],[-98.651,79.792],[-98.84,79.67],[-99.584,79.899],[-100.098,79.885],[-100.194,80.032]]],[[[-95.852,80.653],[-96.151,80.666],[-96.11,80.686],[-95.852,80.653]]],[[[-96.802,80.097],[-94.382,79.988],[-94.807,80.097],[-94.087,80.18],[-95.402,80.127],[-95.698,80.18],[-95.232,80.241],[-95.969,80.201],[-96.685,80.344],[-95.437,80.344],[-96.102,80.495],[-95.904,80.543],[-96.027,80.584],[-93.786,80.529],[-94.677,80.666],[-94.129,80.728],[-95.534,80.824],[-94.903,81.064],[-94.447,80.968],[-93.909,81.043],[-94.302,81.123],[-93.156,81.098],[-93.217,81.215],[-94.396,81.262],[-94.188,81.367],[-93.258,81.373],[-91.798,81.159],[-91.915,81.077],[-90.593,80.653],[-90.731,80.567],[-89.058,80.468],[-89.257,80.399],[-89.078,80.399],[-89.256,80.29],[-88.538,80.099],[-88.146,80.103],[-88.709,80.29],[-88.644,80.397],[-87.701,80.413],[-87.568,80.183],[-88.064,80.125],[-87.008,79.953],[-87.488,79.837],[-86.962,79.909],[-87.136,79.649],[-87.461,79.536],[-86.309,79.648],[-86.042,79.569],[-86.166,79.46],[-86.068,79.436],[-85.699,79.618],[-84.913,79.271],[-86.747,78.959],[-86.968,79.064],[-86.94,78.919],[-87.649,78.643],[-87.998,78.811],[-87.985,78.964],[-87.728,79.083],[-88.174,78.996],[-88.136,78.687],[-88.358,78.658],[-87.91,78.552],[-88.229,78.464],[-88.805,78.61],[-88.54,78.417],[-88.811,78.165],[-90.006,78.614],[-90.099,78.562],[-89.989,78.449],[-89.455,78.164],[-90.332,78.336],[-90.751,78.323],[-90.325,78.274],[-90.353,78.145],[-92.025,78.211],[-92.991,78.466],[-91.649,78.565],[-93.282,78.595],[-93.813,78.768],[-93.038,78.768],[-94.294,78.987],[-93.33,79.171],[-90.366,79.248],[-92.627,79.245],[-91.121,79.392],[-92.495,79.365],[-92.58,79.385],[-92.23,79.433],[-93.087,79.487],[-93.005,79.392],[-93.389,79.343],[-93.234,79.418],[-93.321,79.452],[-93.93,79.259],[-94.211,79.275],[-93.841,79.399],[-94.48,79.427],[-94.388,79.371],[-95.211,79.281],[-95.28,79.405],[-95.78,79.481],[-94.3,79.775],[-95.854,79.652],[-96.616,79.885],[-96.137,79.912],[-96.678,80.015],[-96.39,80.049],[-96.802,80.097]]],[[[-61.085,82.331],[-62.258,82.024],[-64.326,81.831],[-64.121,81.769],[-64.373,81.725],[-68.213,81.563],[-69.308,81.722],[-68.356,81.543],[-68.856,81.55],[-68.581,81.516],[-66.608,81.516],[-70.213,81.18],[-69.637,81.18],[-70.02,81.106],[-65.736,81.493],[-64.436,81.482],[-67.563,80.946],[-69.666,80.355],[-70.309,80.358],[-70.22,80.42],[-70.824,80.567],[-70.37,80.413],[-70.453,80.344],[-69.959,80.262],[-70.159,80.192],[-71.735,80.118],[-72.42,80.213],[-71.898,80.118],[-72.342,80.063],[-70.648,80.143],[-70.487,80.063],[-71.46,79.899],[-70.912,79.893],[-71.142,79.789],[-72.232,79.663],[-74.228,79.896],[-74.845,79.85],[-73.383,79.776],[-73.125,79.566],[-73.966,79.564],[-73.992,79.459],[-74.282,79.44],[-74.996,79.513],[-74.889,79.416],[-75.028,79.373],[-77.134,79.549],[-75.88,79.357],[-76.873,79.35],[-77.125,79.469],[-77.402,79.453],[-77.162,79.33],[-78.059,79.357],[-77.326,79.267],[-77.497,79.248],[-74.469,79.227],[-74.825,79.179],[-74.441,79.063],[-75.757,79.084],[-76.089,79.205],[-78.257,79.172],[-76.086,79.104],[-76.169,79.077],[-78.895,79.069],[-77.703,79.008],[-78.227,78.772],[-77.718,78.97],[-75.781,78.982],[-76.459,78.849],[-74.774,78.835],[-74.906,78.788],[-74.722,78.713],[-74.873,78.644],[-74.633,78.59],[-76.662,78.528],[-75.03,78.336],[-75.626,78.2],[-76.915,78.207],[-75.582,78.113],[-75.934,77.959],[-78.217,78.003],[-78.43,77.911],[-77.981,77.817],[-78.08,77.679],[-77.716,77.61],[-78.69,77.319],[-80.551,77.31],[-81.937,77.685],[-81.673,77.524],[-81.737,77.435],[-81.171,77.333],[-82.198,77.302],[-81.858,77.17],[-81.103,77.287],[-80.115,77.206],[-80.372,77.075],[-79.432,77.239],[-79.007,77.105],[-79.376,76.926],[-78.72,76.828],[-78.091,77.023],[-77.716,76.822],[-77.771,76.664],[-78.367,76.466],[-78.774,76.577],[-79.293,76.302],[-81.072,76.129],[-80.958,76.198],[-81.095,76.219],[-80.772,76.42],[-81.207,76.564],[-82.056,76.516],[-82.062,76.617],[-81.783,76.688],[-82.276,76.635],[-82.73,76.821],[-82.082,76.568],[-82.225,76.52],[-82.138,76.439],[-83.001,76.436],[-83.381,76.761],[-83.528,76.709],[-83.185,76.431],[-83.713,76.435],[-84.293,76.664],[-84.216,76.451],[-85.056,76.52],[-84.388,76.315],[-85.203,76.284],[-86.347,76.389],[-86.418,76.472],[-86.207,76.527],[-86.578,76.642],[-86.303,76.528],[-86.643,76.477],[-86.722,76.348],[-87.433,76.466],[-87.563,76.62],[-87.406,76.356],[-88.404,76.394],[-88.507,76.824],[-88.709,76.712],[-88.496,76.548],[-88.618,76.404],[-88.71,76.601],[-88.911,76.41],[-89.681,76.575],[-89.386,76.733],[-89.537,76.857],[-88.393,77.103],[-88.495,77.114],[-86.604,77.178],[-87.181,77.2],[-86.913,77.267],[-87.249,77.308],[-86.85,77.364],[-87.721,77.37],[-87.701,77.541],[-88.211,77.65],[-88.235,77.774],[-88.105,77.815],[-88.222,77.863],[-86.452,77.836],[-85.974,77.713],[-85.719,77.474],[-85.796,77.425],[-85.508,77.479],[-84.466,77.302],[-84.617,77.384],[-83.466,77.349],[-83.836,77.459],[-82.986,77.679],[-82.541,77.925],[-82.596,78.021],[-82.321,78.083],[-82.765,78.028],[-82.736,77.928],[-83.678,77.535],[-84.761,77.52],[-84.868,77.573],[-84.435,77.729],[-84.943,77.603],[-85.351,77.74],[-84.971,77.844],[-85.402,77.832],[-84.315,77.898],[-85.68,77.935],[-84.289,78.083],[-85.097,78.103],[-85.035,78.179],[-84.028,78.179],[-84.968,78.214],[-84.576,78.354],[-84.871,78.37],[-84.617,78.59],[-85.491,78.106],[-86.289,78.083],[-85.86,78.386],[-86.77,78.12],[-87.537,78.145],[-87.091,78.207],[-87.523,78.233],[-87.529,78.411],[-86.858,78.549],[-87.122,78.583],[-86.94,78.714],[-85.031,78.922],[-83.746,78.839],[-82.343,78.569],[-82.239,78.594],[-82.596,78.706],[-82.219,78.727],[-83.26,78.837],[-81.754,78.843],[-81.479,79.049],[-82.535,78.885],[-84.752,79.039],[-84.453,79.148],[-83.363,79.055],[-84.33,79.192],[-84.487,79.413],[-85.021,79.618],[-86.475,79.761],[-86.396,79.963],[-85.254,79.926],[-86.535,80.031],[-86.654,80.137],[-86.504,80.309],[-83.788,80.251],[-82.171,79.869],[-81.616,79.624],[-81.787,79.611],[-80.587,79.569],[-79.752,79.707],[-81.523,79.718],[-81.662,79.908],[-81.404,79.94],[-82.169,80.018],[-83.206,80.323],[-78.052,80.569],[-79.964,80.617],[-76.515,80.856],[-78.936,80.879],[-78.909,81.002],[-78.444,81.171],[-76.744,81.44],[-78.192,81.305],[-78.737,81.114],[-79.505,81.2],[-79.066,81.091],[-79.614,80.828],[-80.876,80.663],[-82.913,80.539],[-83.168,80.588],[-81.76,80.817],[-83.569,80.742],[-83.124,80.831],[-83.274,80.847],[-83.863,80.762],[-83.719,80.632],[-83.846,80.544],[-85.121,80.504],[-85.865,80.543],[-85.563,80.625],[-86.749,80.604],[-85.622,80.98],[-82.363,81.18],[-85.781,81.034],[-87.276,80.632],[-87.707,80.645],[-89.462,80.915],[-86.699,81.005],[-84.734,81.284],[-89.826,81.013],[-90.353,81.174],[-88.934,81.249],[-89.956,81.331],[-88.818,81.461],[-88.889,81.5],[-87.249,81.495],[-88.343,81.591],[-90.492,81.371],[-90.86,81.447],[-89.586,81.632],[-90.299,81.704],[-91.47,81.53],[-91.957,81.66],[-90.243,81.9],[-89.335,81.809],[-89.147,81.886],[-89.413,81.93],[-88.07,82.107],[-87.373,82.077],[-87.174,82.016],[-87.29,81.964],[-86.728,81.893],[-87.131,81.976],[-86.162,82.046],[-85.399,81.857],[-85.734,81.989],[-84.603,81.893],[-86.879,82.208],[-85.401,82.277],[-85.548,82.416],[-85.919,82.434],[-84.708,82.483],[-84.624,82.453],[-84.946,82.427],[-83.675,82.349],[-82.952,82.126],[-83.13,82.071],[-81.877,82.044],[-82.627,82.104],[-82.97,82.298],[-79.231,81.818],[-79.864,82.027],[-82.731,82.405],[-82.497,82.509],[-81.479,82.503],[-82.328,82.659],[-80.581,82.543],[-81.585,82.801],[-81.474,82.83],[-80.315,82.786],[-79.847,82.644],[-79.985,82.694],[-78.504,82.688],[-80.43,82.9],[-80.158,82.939],[-78.606,82.944],[-78.175,82.831],[-77.852,82.926],[-75.894,82.599],[-76.218,82.452],[-75.4,82.619],[-77.387,82.99],[-77.134,83.037],[-74.2,83.002],[-72.591,82.701],[-72.502,82.729],[-73.653,82.927],[-72.702,83.097],[-71.628,83.103],[-71.796,83.02],[-70.837,82.886],[-71.501,83.01],[-69.688,83.117],[-69.774,83.051],[-69.452,83.037],[-69.617,82.99],[-66.3,82.935],[-68.618,82.63],[-65.852,82.842],[-65.155,82.77],[-65.355,82.804],[-64.697,82.91],[-64.937,82.872],[-64.443,82.76],[-63.447,82.827],[-63.381,82.77],[-63.853,82.722],[-62.928,82.571],[-63.373,82.441],[-62.175,82.53],[-62.352,82.482],[-61.579,82.489],[-61.085,82.331]]],[[[-79.841,53.146],[-79.805,53.126],[-79.799,53.122],[-79.841,53.146]]],[[[-79.95,53.352],[-79.957,53.323],[-79.917,53.297],[-79.95,53.352]]],[[[-79.862,53.913],[-79.866,53.913],[-79.869,53.911],[-79.862,53.913]]],[[[-80.105,56.201],[-79.546,56.53],[-79.716,56.309],[-80.105,56.201]]],[[[-79.594,56.771],[-79.48,56.695],[-79.565,56.621],[-79.594,56.771]]],[[[-79.903,56.894],[-79.795,56.952],[-79.724,56.821],[-79.903,56.894]]],[[[-79.851,57.487],[-79.737,57.622],[-79.696,57.552],[-79.851,57.487]]],[[[-80.471,59.491],[-80.476,59.483],[-80.476,59.478],[-80.471,59.491]]],[[[-80.225,59.731],[-80.211,59.722],[-80.168,59.716],[-80.225,59.731]]],[[[-80.108,59.765],[-80.1,59.776],[-80.081,59.789],[-80.108,59.765]]],[[[-65.608,43.483],[-65.617,43.508],[-65.605,43.514],[-65.608,43.483]]],[[[-59.794,43.965],[-59.741,43.996],[-59.707,44.014],[-59.794,43.965]]],[[[-66.232,44.387],[-66.213,44.396],[-66.203,44.392],[-66.232,44.387]]],[[[-66.687,44.629],[-66.906,44.606],[-66.791,44.799],[-66.687,44.629]]],[[[-73.995,45.32],[-73.987,45.325],[-73.983,45.326],[-73.995,45.32]]],[[[-73.889,45.397],[-73.876,45.394],[-73.862,45.39],[-73.889,45.397]]],[[[-73.932,45.489],[-73.937,45.49],[-73.941,45.491],[-73.932,45.489]]],[[[-60.879,45.567],[-61.004,45.461],[-61.112,45.549],[-60.879,45.567]]],[[[-73.857,45.549],[-73.865,45.554],[-73.866,45.561],[-73.857,45.549]]],[[[-73.469,45.706],[-73.589,45.448],[-73.974,45.445],[-73.469,45.706]]],[[[-70.843,47.033],[-70.828,47.03],[-70.816,47.024],[-70.843,47.033]]],[[[-61.552,46.022],[-60.642,47.004],[-60.396,47.026],[-60.496,46.895],[-60.311,46.854],[-60.352,46.601],[-60.606,46.211],[-60.427,46.284],[-61.119,45.949],[-60.736,46.057],[-61.071,45.895],[-60.914,45.854],[-61.148,45.708],[-60.732,45.684],[-60.4,45.998],[-60.782,45.954],[-60.284,46.328],[-60.205,46.242],[-60.29,46.156],[-60.136,46.252],[-59.811,46.17],[-59.958,46.027],[-59.802,45.945],[-60.127,45.869],[-60.075,45.797],[-60.395,45.643],[-61.285,45.548],[-61.552,46.022]]],[[[-61.977,46.455],[-62.576,46.239],[-62.453,46.108],[-62.572,46.033],[-62.456,46.025],[-62.751,45.951],[-63.031,46.067],[-62.878,46.156],[-63.117,46.216],[-62.963,46.32],[-63.196,46.272],[-63.233,46.145],[-63.602,46.217],[-63.8,46.332],[-63.737,46.396],[-64.134,46.416],[-64.073,46.642],[-64.417,46.683],[-63.997,47.067],[-64.093,46.78],[-63.834,46.612],[-63.936,46.478],[-63.709,46.444],[-63.677,46.568],[-63.238,46.407],[-61.977,46.455]]],[[[-62.017,47.246],[-61.926,47.413],[-61.382,47.637],[-61.859,47.424],[-61.593,47.561],[-61.966,47.283],[-61.793,47.24],[-62.017,47.246]]],[[[-64.477,47.938],[-64.649,47.732],[-64.7,47.828],[-64.477,47.938]]],[[[-64.546,47.972],[-64.526,48.021],[-64.511,48.034],[-64.546,47.972]]],[[[-64.511,49.868],[-64.133,49.95],[-63.124,49.784],[-61.883,49.354],[-61.661,49.151],[-62.248,49.068],[-63.093,49.233],[-64.511,49.868]]],[[[-63.885,50.199],[-63.912,50.206],[-63.927,50.221],[-63.885,50.199]]],[[[-79.252,52.077],[-79.393,51.94],[-79.656,51.987],[-79.252,52.077]]],[[[-80.67,52.742],[-82.063,53.023],[-81.858,53.185],[-81.123,53.202],[-80.67,52.742]]],[[[-79.758,53.523],[-79.768,53.531],[-79.769,53.535],[-79.758,53.523]]],[[[-79.286,54.914],[-79.019,54.941],[-79.026,54.932],[-79.286,54.914]]],[[[-77.312,55.619],[-77.245,55.645],[-77.211,55.654],[-77.312,55.619]]],[[[-78.936,56.024],[-79.142,55.797],[-79.013,56.059],[-78.936,56.024]]],[[[-78.936,56.119],[-78.758,56.435],[-78.649,56.291],[-78.676,56.182],[-78.936,56.119]]],[[[-80.026,55.9],[-79.525,56.294],[-79.454,56.56],[-79.607,56.134],[-79.409,56.222],[-79.258,56.682],[-78.882,56.326],[-79.203,55.859],[-78.98,56.392],[-79.286,55.866],[-79.156,56.236],[-79.469,55.879],[-79.786,55.79],[-79.524,56.135],[-79.88,55.837],[-80.026,55.9]]],[[[-79.906,56.867],[-79.873,56.867],[-79.858,56.866],[-79.906,56.867]]],[[[-77.922,58.333],[-77.818,58.309],[-77.697,58.256],[-77.922,58.333]]],[[[-78.642,58.628],[-78.624,58.616],[-78.483,58.553],[-78.642,58.628]]],[[[-123.287,48.813],[-123.266,48.8],[-123.252,48.79],[-123.287,48.813]]],[[[-123.089,48.768],[-123.102,48.762],[-123.12,48.765],[-123.089,48.768]]],[[[-62.545,45.827],[-62.533,45.829],[-62.518,45.828],[-62.545,45.827]]],[[[-59.708,45.995],[-59.714,45.998],[-59.726,46.0],[-59.708,45.995]]],[[[-54.794,47.279],[-54.778,47.274],[-54.792,47.259],[-54.798,47.243],[-54.812,47.232],[-54.828,47.243],[-54.83,47.267],[-54.794,47.279]]],[[[-54.196,47.393],[-54.178,47.418],[-54.159,47.415],[-54.196,47.393]]],[[[-70.37,47.427],[-70.34,47.428],[-70.324,47.427],[-70.37,47.427]]],[[[-52.956,47.655],[-52.919,47.653],[-52.916,47.634],[-52.956,47.655]]],[[[-68.864,48.408],[-68.856,48.414],[-68.843,48.416],[-68.864,48.408]]],[[[-125.862,49.237],[-125.831,49.237],[-125.797,49.227],[-125.862,49.237]]],[[[-55.854,50.205],[-55.85,50.214],[-55.842,50.215],[-55.854,50.205]]],[[[-55.763,50.232],[-55.751,50.232],[-55.73,50.23],[-55.763,50.232]]],[[[-128.639,50.805],[-128.627,50.812],[-128.607,50.812],[-128.639,50.805]]],[[[-58.861,50.833],[-58.852,50.813],[-58.846,50.789],[-58.861,50.78],[-58.881,50.785],[-58.886,50.794],[-58.861,50.833]]],[[[-128.702,50.837],[-128.698,50.832],[-128.683,50.829],[-128.702,50.837]]],[[[-57.25,50.841],[-57.232,50.841],[-57.229,50.837],[-57.25,50.841]]],[[[-127.779,50.902],[-127.745,50.913],[-127.713,50.913],[-127.779,50.902]]],[[[-58.463,51.176],[-58.427,51.167],[-58.457,51.141],[-58.463,51.176]]],[[[-58.308,51.252],[-58.307,51.236],[-58.326,51.22],[-58.363,51.202],[-58.411,51.202],[-58.414,51.222],[-58.388,51.239],[-58.308,51.252]]],[[[-128.438,51.981],[-128.432,51.995],[-128.417,52.003],[-128.438,51.981]]],[[[-79.027,52.114],[-79.018,52.112],[-79.002,52.108],[-79.027,52.114]]],[[[-79.406,52.261],[-79.385,52.256],[-79.379,52.252],[-79.406,52.261]]],[[[-78.734,52.445],[-78.719,52.446],[-78.707,52.448],[-78.734,52.445]]],[[[-79.585,52.555],[-79.572,52.548],[-79.565,52.545],[-79.585,52.555]]],[[[-129.433,52.683],[-129.413,52.688],[-129.4,52.68],[-129.433,52.683]]],[[[-55.852,52.772],[-55.832,52.771],[-55.812,52.77],[-55.852,52.772]]],[[[-129.355,52.863],[-129.33,52.849],[-129.312,52.839],[-129.355,52.863]]],[[[-55.808,53.007],[-55.801,53.015],[-55.787,53.017],[-55.808,53.007]]],[[[-55.827,53.079],[-55.79,53.094],[-55.771,53.089],[-55.827,53.079]]],[[[-55.928,53.492],[-55.914,53.492],[-55.902,53.497],[-55.928,53.492]]],[[[-130.592,53.496],[-130.587,53.478],[-130.587,53.466],[-130.602,53.471],[-130.625,53.482],[-130.636,53.498],[-130.617,53.506],[-130.592,53.496]]],[[[-57.153,53.693],[-57.13,53.705],[-57.103,53.705],[-57.153,53.693]]],[[[-56.922,53.798],[-56.889,53.807],[-56.836,53.806],[-56.922,53.798]]],[[[-130.609,53.797],[-130.617,53.823],[-130.569,53.837],[-130.609,53.797]]],[[[-57.328,54.288],[-57.292,54.284],[-57.306,54.276],[-57.328,54.288]]],[[[-81.105,54.333],[-81.108,54.343],[-81.109,54.354],[-81.105,54.333]]],[[[-57.244,54.484],[-57.229,54.492],[-57.22,54.48],[-57.244,54.484]]],[[[-130.818,54.486],[-130.79,54.494],[-130.766,54.469],[-130.818,54.486]]],[[[-57.304,54.575],[-57.275,54.58],[-57.272,54.567],[-57.304,54.575]]],[[[-131.099,54.628],[-131.057,54.626],[-131.05,54.606],[-131.069,54.588],[-131.091,54.582],[-131.102,54.596],[-131.099,54.628]]],[[[-76.73,56.161],[-76.724,56.154],[-76.716,56.138],[-76.73,56.161]]],[[[-77.85,56.315],[-77.885,56.304],[-77.912,56.298],[-77.85,56.315]]],[[[-77.487,56.442],[-77.483,56.441],[-77.478,56.436],[-77.487,56.442]]],[[[-78.811,56.658],[-78.82,56.661],[-78.832,56.669],[-78.811,56.658]]],[[[-76.623,56.681],[-76.626,56.679],[-76.627,56.676],[-76.623,56.681]]],[[[-76.652,57.071],[-76.655,57.067],[-76.661,57.065],[-76.652,57.071]]],[[[-78.268,57.199],[-78.263,57.198],[-78.257,57.194],[-78.268,57.199]]],[[[-78.336,57.305],[-78.38,57.288],[-78.415,57.279],[-78.336,57.305]]],[[[-76.791,57.336],[-76.792,57.344],[-76.808,57.365],[-76.791,57.336]]],[[[-67.526,58.347],[-67.662,58.327],[-67.593,58.422],[-67.526,58.347]]],[[[-78.629,58.78],[-78.625,58.778],[-78.625,58.773],[-78.629,58.78]]],[[[-78.901,58.832],[-78.897,58.823],[-78.884,58.81],[-78.901,58.832]]],[[[-68.995,59.016],[-68.985,59.005],[-68.975,58.99],[-68.995,59.016]]],[[[-80.552,59.11],[-80.54,59.106],[-80.535,59.1],[-80.552,59.11]]],[[[-80.519,59.695],[-80.514,59.697],[-80.51,59.692],[-80.519,59.695]]],[[[-80.387,59.712],[-80.381,59.711],[-80.37,59.709],[-80.387,59.712]]],[[[-69.922,61.013],[-69.911,61.0],[-69.95,60.986],[-69.922,61.013]]],[[[-71.561,61.333],[-71.488,61.337],[-71.484,61.32],[-71.561,61.333]]],[[[-72.091,61.895],[-72.022,61.877],[-71.994,61.871],[-72.091,61.895]]],[[[-92.798,61.948],[-92.772,61.935],[-92.787,61.929],[-92.798,61.948]]],[[[-72.412,62.039],[-72.384,62.032],[-72.328,62.016],[-72.352,62.0],[-72.394,62.013],[-72.441,62.027],[-72.462,62.037],[-72.412,62.039]]],[[[-92.642,62.061],[-92.636,62.04],[-92.653,62.027],[-92.689,62.042],[-92.694,62.057],[-92.701,62.075],[-92.642,62.061]]],[[[-66.438,62.895],[-66.363,62.871],[-66.343,62.85],[-66.411,62.848],[-66.495,62.877],[-66.569,62.915],[-66.562,62.931],[-66.438,62.895]]],[[[-66.925,63.065],[-66.807,62.986],[-66.771,62.945],[-66.925,63.065]]],[[[-68.145,63.272],[-68.058,63.223],[-68.05,63.192],[-68.127,63.221],[-68.188,63.25],[-68.216,63.276],[-68.145,63.272]]],[[[-68.023,63.301],[-67.932,63.233],[-67.895,63.189],[-67.959,63.218],[-68.03,63.272],[-68.092,63.32],[-68.023,63.301]]],[[[-67.853,63.346],[-67.846,63.326],[-67.818,63.291],[-67.853,63.346]]],[[[-64.043,63.563],[-64.065,63.534],[-64.091,63.486],[-64.149,63.54],[-64.169,63.605],[-64.137,63.618],[-64.043,63.563]]],[[[-64.217,63.843],[-64.174,63.806],[-64.204,63.791],[-64.217,63.843]]],[[[-76.484,64.181],[-76.526,64.197],[-76.569,64.206],[-76.484,64.181]]],[[[-76.664,64.242],[-76.691,64.252],[-76.69,64.264],[-76.664,64.242]]],[[[-64.965,64.31],[-64.987,64.29],[-64.946,64.276],[-64.965,64.31]]],[[[-66.934,65.317],[-66.968,65.283],[-66.997,65.298],[-67.017,65.32],[-66.971,65.347],[-66.925,65.365],[-66.903,65.345],[-66.934,65.317]]],[[[-89.047,65.406],[-89.023,65.415],[-89.013,65.407],[-89.047,65.406]]],[[[-88.431,65.487],[-88.383,65.472],[-88.371,65.462],[-88.431,65.487]]],[[[-67.433,65.743],[-67.389,65.736],[-67.423,65.726],[-67.433,65.743]]],[[[-65.866,65.781],[-65.771,65.763],[-65.837,65.678],[-65.866,65.781]]],[[[-66.929,65.95],[-66.963,65.951],[-66.988,65.974],[-66.929,65.95]]],[[[-85.022,66.083],[-85.003,66.075],[-85.009,66.065],[-85.022,66.083]]],[[[-83.595,66.04],[-83.604,66.038],[-83.62,66.041],[-83.595,66.04]]],[[[-83.611,66.085],[-83.618,66.084],[-83.623,66.081],[-83.611,66.085]]],[[[-85.956,66.463],[-85.911,66.462],[-85.896,66.454],[-85.956,66.463]]],[[[-113.008,67.947],[-112.945,67.95],[-112.885,67.961],[-113.008,67.947]]],[[[-112.837,68.17],[-112.746,68.168],[-112.718,68.156],[-112.837,68.17]]],[[[-136.212,69.179],[-136.145,69.161],[-136.067,69.129],[-136.212,69.179]]],[[[-80.147,69.401],[-80.124,69.393],[-80.071,69.384],[-80.147,69.401]]],[[[-81.643,69.414],[-81.549,69.415],[-81.506,69.407],[-81.643,69.414]]],[[[-135.706,69.509],[-135.591,69.467],[-135.595,69.448],[-135.706,69.509]]],[[[-82.506,69.791],[-82.492,69.763],[-82.559,69.743],[-82.506,69.791]]]]}},{"type":"Feature","properties":{"iso3":"MEX","name":"Mexico"},"geometry":{"type":"MultiPolygon","coordinates":[[[[-86.742,21.164],[-87.43,20.221],[-87.48,19.784],[-87.478,19.965],[-87.667,19.634],[-87.741,19.672],[-87.674,19.506],[-87.413,19.578],[-87.676,19.311],[-87.639,19.221],[-87.461,19.321],[-87.845,18.197],[-88.078,18.499],[-88.036,18.875],[-88.248,18.696],[-88.151,18.699],[-88.283,18.491],[-88.528,18.454],[-88.871,17.891],[-89.049,17.999],[-89.16,17.814],[-90.991,17.802],[-90.992,17.252],[-91.443,17.238],[-90.797,16.805],[-90.633,16.483],[-90.395,16.419],[-90.437,16.099],[-91.74,16.061],[-92.211,15.272],[-92.074,15.074],[-92.226,14.549],[-92.768,15.171],[-93.943,16.011],[-93.898,16.089],[-94.399,16.299],[-94.437,16.223],[-93.964,15.998],[-94.722,16.2],[-94.581,16.326],[-94.793,16.258],[-94.852,16.429],[-95.064,16.268],[-94.767,16.199],[-95.233,16.158],[-96.237,15.683],[-96.556,15.659],[-97.266,15.936],[-97.773,15.979],[-98.172,16.209],[-98.068,16.202],[-98.553,16.315],[-98.777,16.555],[-99.663,16.698],[-101.059,17.264],[-101.99,17.975],[-102.191,17.916],[-103.362,18.267],[-103.98,18.875],[-104.994,19.342],[-105.699,20.407],[-105.244,20.584],[-105.342,20.755],[-105.545,20.768],[-105.234,21.061],[-105.185,21.443],[-105.632,21.956],[-105.8,22.638],[-106.43,23.185],[-107.036,23.981],[-107.8,24.512],[-107.498,24.344],[-107.53,24.522],[-107.909,24.578],[-108.06,24.786],[-107.979,24.757],[-107.985,24.953],[-108.088,24.823],[-108.328,25.111],[-108.183,24.981],[-108.004,25.031],[-108.732,25.358],[-108.594,25.351],[-108.766,25.381],[-108.769,25.54],[-109.116,25.536],[-108.98,25.545],[-108.838,25.805],[-109.062,25.59],[-109.25,25.686],[-109.156,25.557],[-109.41,25.646],[-109.287,25.711],[-109.41,25.693],[-109.433,26.022],[-109.217,26.344],[-109.088,26.29],[-109.25,26.334],[-109.483,26.743],[-109.785,26.719],[-109.966,27.109],[-110.522,27.29],[-110.426,27.302],[-110.627,27.641],[-110.513,27.873],[-110.849,27.907],[-110.839,27.989],[-110.886,27.839],[-111.105,27.935],[-111.438,28.387],[-111.708,28.46],[-111.949,28.757],[-111.868,28.803],[-112.167,28.967],[-112.239,29.315],[-112.411,29.345],[-112.378,29.486],[-112.746,29.91],[-112.764,30.212],[-113.08,30.67],[-113.092,31.202],[-113.622,31.326],[-113.66,31.498],[-113.978,31.663],[-114.029,31.492],[-114.209,31.512],[-115.029,31.971],[-114.781,31.656],[-114.884,31.121],[-114.71,30.918],[-114.666,30.2],[-114.533,29.968],[-113.636,29.282],[-113.525,28.892],[-113.435,28.96],[-113.354,28.8],[-113.22,28.825],[-113.103,28.505],[-112.846,28.441],[-112.773,27.864],[-112.355,27.547],[-112.213,27.21],[-111.95,27.093],[-112.017,26.979],[-111.784,26.572],[-111.677,26.582],[-111.851,26.88],[-111.56,26.696],[-111.307,25.779],[-111.019,25.515],[-110.684,24.883],[-110.739,24.555],[-110.61,24.254],[-110.361,24.111],[-110.332,24.329],[-110.233,24.343],[-109.988,24.046],[-109.828,24.063],[-109.696,23.666],[-109.468,23.555],[-109.516,23.125],[-109.895,22.874],[-110.027,22.916],[-110.307,23.541],[-111.679,24.586],[-111.813,24.506],[-112.008,24.875],[-111.967,24.744],[-112.088,24.773],[-112.097,25.0],[-112.145,24.874],[-112.166,24.954],[-112.031,25.474],[-112.179,25.955],[-112.403,26.24],[-113.061,26.599],[-113.119,26.794],[-113.216,26.744],[-113.146,26.97],[-113.271,26.752],[-113.637,26.726],[-113.816,26.949],[-114.435,27.176],[-114.506,27.406],[-115.023,27.74],[-115.084,27.851],[-114.499,27.774],[-114.316,27.875],[-114.103,27.602],[-113.953,27.656],[-114.059,27.801],[-114.141,27.731],[-114.153,27.945],[-114.276,27.901],[-114.134,28.084],[-114.106,27.928],[-114.04,28.028],[-114.068,28.518],[-114.972,29.378],[-115.698,29.756],[-115.837,30.346],[-116.049,30.48],[-116.058,30.802],[-116.335,30.956],[-116.342,31.22],[-116.75,31.752],[-116.612,31.843],[-116.865,32.013],[-117.125,32.532],[-114.724,32.713],[-114.822,32.5],[-111.006,31.327],[-108.215,31.327],[-108.215,31.778],[-106.429,31.758],[-106.209,31.477],[-104.934,30.611],[-104.444,29.589],[-103.302,29.002],[-103.123,28.996],[-102.859,29.229],[-102.683,29.744],[-102.321,29.894],[-101.405,29.778],[-100.669,29.116],[-100.275,28.277],[-99.515,27.589],[-99.462,27.057],[-99.106,26.423],[-98.223,26.075],[-97.66,26.031],[-97.425,25.855],[-97.139,25.966],[-97.651,24.516],[-97.725,23.806],[-97.822,23.788],[-97.761,23.652],[-97.722,23.739],[-97.742,22.972],[-97.893,22.61],[-97.834,22.67],[-97.761,22.096],[-97.316,21.561],[-97.411,21.273],[-97.472,21.438],[-97.37,21.538],[-97.781,22.096],[-97.673,21.675],[-97.151,20.647],[-96.456,19.869],[-96.29,19.333],[-95.753,18.8],[-95.959,18.856],[-95.862,18.723],[-95.568,18.683],[-95.733,18.8],[-95.19,18.705],[-94.787,18.512],[-94.531,18.161],[-93.798,18.267],[-93.552,18.429],[-93.156,18.443],[-93.128,18.341],[-93.138,18.429],[-92.717,18.592],[-92.669,18.429],[-92.696,18.616],[-92.405,18.671],[-91.948,18.691],[-91.867,18.598],[-92.053,18.547],[-91.902,18.581],[-91.814,18.389],[-91.798,18.491],[-91.486,18.436],[-91.182,18.657],[-91.299,18.629],[-91.266,18.736],[-91.415,18.814],[-91.237,18.958],[-91.505,18.817],[-90.769,19.309],[-90.684,19.753],[-90.478,19.922],[-90.36,21.0],[-89.922,21.241],[-88.129,21.616],[-87.238,21.443],[-87.138,21.563],[-87.413,21.534],[-87.111,21.623],[-86.828,21.433],[-86.742,21.164]]],[[[-114.776,18.355],[-114.724,18.355],[-114.72,18.352],[-114.776,18.355]]],[[[-110.911,18.763],[-111.067,18.769],[-111.001,18.868],[-110.911,18.763]]],[[[-110.814,19.348],[-110.806,19.342],[-110.799,19.334],[-110.814,19.348]]],[[[-106.224,21.329],[-106.226,21.309],[-106.228,21.291],[-106.224,21.329]]],[[[-106.404,21.484],[-106.386,21.483],[-106.373,21.482],[-106.404,21.484]]],[[[-106.512,21.597],[-106.516,21.589],[-106.514,21.579],[-106.512,21.597]]],[[[-106.664,21.777],[-106.663,21.77],[-106.658,21.767],[-106.664,21.777]]],[[[-109.836,24.225],[-109.823,24.209],[-109.809,24.182],[-109.836,24.225]]],[[[-111.562,24.378],[-111.539,24.373],[-111.51,24.364],[-111.562,24.378]]],[[[-111.753,24.447],[-111.724,24.396],[-111.706,24.38],[-111.753,24.447]]],[[[-110.288,24.47],[-110.348,24.402],[-110.416,24.57],[-110.288,24.47]]],[[[-110.711,25.095],[-110.709,25.102],[-110.707,25.105],[-110.711,25.095]]],[[[-112.057,24.554],[-112.305,24.792],[-112.125,25.266],[-112.214,24.848],[-112.057,24.554]]],[[[-108.832,25.426],[-108.819,25.421],[-108.799,25.394],[-108.832,25.426]]],[[[-110.765,25.594],[-110.786,25.604],[-110.806,25.644],[-110.765,25.594]]],[[[-111.081,25.999],[-111.07,25.997],[-111.071,25.986],[-111.081,25.999]]],[[[-110.044,27.087],[-110.037,27.089],[-110.017,27.084],[-110.044,27.087]]],[[[-110.604,27.318],[-110.607,27.359],[-110.605,27.383],[-110.604,27.318]]],[[[-115.155,28.171],[-115.182,28.028],[-115.358,28.083],[-115.215,28.378],[-115.155,28.171]]],[[[-112.894,28.678],[-112.861,28.672],[-112.805,28.637],[-112.894,28.678]]],[[[-112.613,28.726],[-112.601,28.728],[-112.593,28.732],[-112.613,28.726]]],[[[-112.583,28.875],[-112.439,29.202],[-112.264,29.247],[-112.196,29.021],[-112.263,28.763],[-112.583,28.875]]],[[[-113.102,29.053],[-113.593,29.434],[-113.477,29.532],[-113.37,29.31],[-113.169,29.276],[-113.102,29.053]]],[[[-114.786,31.803],[-114.755,31.798],[-114.71,31.764],[-114.786,31.803]]],[[[-87.331,18.532],[-87.328,18.541],[-87.324,18.55],[-87.331,18.532]]],[[[-87.269,18.739],[-87.255,18.724],[-87.248,18.676],[-87.25,18.651],[-87.263,18.629],[-87.259,18.657],[-87.269,18.739]]],[[[-91.6,18.772],[-91.556,18.792],[-91.539,18.793],[-91.6,18.772]]],[[[-86.735,20.585],[-86.995,20.261],[-87.023,20.355],[-86.937,20.547],[-86.735,20.585]]],[[[-86.701,21.199],[-86.72,21.213],[-86.74,21.243],[-86.75,21.273],[-86.742,21.288],[-86.739,21.267],[-86.728,21.243],[-86.701,21.199]]],[[[-97.651,21.788],[-97.615,21.764],[-97.602,21.752],[-97.651,21.788]]],[[[-97.815,22.72],[-97.798,22.763],[-97.789,22.775],[-97.815,22.72]]],[[[-118.221,29.015],[-118.289,28.868],[-118.369,29.114],[-118.256,29.181],[-118.221,29.015]]],[[[-113.245,26.725],[-113.229,26.733],[-113.22,26.731],[-113.245,26.725]]],[[[-89.771,22.533],[-89.61,22.461],[-89.664,22.371],[-89.771,22.533]]],[[[-110.586,24.832],[-110.575,24.84],[-110.569,24.844],[-110.586,24.832]]],[[[-115.753,24.955],[-115.752,24.954],[-115.752,24.953],[-115.753,24.953],[-115.754,24.954],[-115.754,24.954],[-115.753,24.955]]],[[[-110.715,25.306],[-110.705,25.306],[-110.697,25.307],[-110.715,25.306]]],[[[-112.106,25.484],[-112.103,25.489],[-112.098,25.486],[-112.106,25.484]]],[[[-111.059,25.701],[-111.06,25.708],[-111.044,25.707],[-111.059,25.701]]],[[[-111.258,25.813],[-111.255,25.811],[-111.253,25.802],[-111.258,25.813]]],[[[-111.287,26.126],[-111.275,26.136],[-111.269,26.136],[-111.287,26.126]]],[[[-112.097,27.225],[-112.109,27.237],[-112.09,27.26],[-112.097,27.225]]],[[[-111.892,27.429],[-111.904,27.438],[-111.901,27.449],[-111.892,27.429]]],[[[-115.204,27.892],[-115.197,27.891],[-115.185,27.882],[-115.204,27.892]]],[[[-111.389,27.969],[-111.395,27.979],[-111.387,27.988],[-111.373,27.969],[-111.366,27.953],[-111.382,27.957],[-111.389,27.969]]],[[[-115.594,28.317],[-115.588,28.31],[-115.579,28.314],[-115.594,28.317]]],[[[-113.519,29.096],[-113.512,29.095],[-113.505,29.092],[-113.519,29.096]]],[[[-114.419,29.987],[-114.402,29.986],[-114.4,29.969],[-114.395,29.96],[-114.407,29.959],[-114.422,29.966],[-114.416,29.976],[-114.419,29.987]]],[[[-116.114,30.496],[-116.11,30.495],[-116.104,30.488],[-116.104,30.483],[-116.115,30.482],[-116.123,30.485],[-116.123,30.492],[-116.114,30.496]]],[[[-117.254,32.421],[-117.248,32.419],[-117.245,32.415],[-117.254,32.421]]]]}},{"type":"Feature","properties":{"iso3":"BLZ","name":"Belize"},"geometry":{"type":"MultiPolygon","coordinates":[[[[-88.084,18.21],[-88.288,17.604],[-88.167,17.512],[-88.286,17.34],[-88.215,16.967],[-88.349,16.515],[-88.311,16.662],[-88.914,15.894],[-89.237,15.894],[-89.154,17.941],[-88.871,17.891],[-88.489,18.485],[-88.287,18.463],[-88.358,18.304],[-88.097,18.375],[-88.084,18.21]]],[[[-87.838,17.388],[-87.826,17.399],[-87.814,17.381],[-87.838,17.388]]],[[[-87.828,17.546],[-87.816,17.545],[-87.802,17.542],[-87.828,17.546]]],[[[-88.077,17.642],[-88.064,17.631],[-88.054,17.606],[-88.044,17.553],[-88.051,17.553],[-88.056,17.563],[-88.064,17.586],[-88.077,17.642]]],[[[-88.16,17.683],[-88.14,17.692],[-88.083,17.729],[-88.16,17.683]]],[[[-87.913,18.026],[-87.907,18.026],[-87.915,17.983],[-87.913,18.026]]],[[[-88.096,17.517],[-88.077,17.504],[-88.068,17.491],[-88.096,17.517]]],[[[-87.969,18.091],[-87.963,18.093],[-87.96,18.09],[-87.969,18.091]]],[[[-87.94,18.119],[-87.937,18.115],[-87.936,18.104],[-87.94,18.119]]],[[[-87.878,18.208],[-87.875,18.206],[-87.874,18.202],[-87.878,18.208]]]]}},{"type":"Feature","properties":{"iso3":"PAN","name":"Panama"},"geometry":{"type":"MultiPolygon","coordinates":[[[[-77.163,7.939],[-77.58,7.528],[-77.764,7.706],[-77.731,7.53],[-77.919,7.242],[-78.436,8.058],[-78.252,8.117],[-78.306,8.254],[-78.132,8.405],[-77.737,8.13],[-78.023,8.29],[-78.134,8.562],[-78.094,8.411],[-78.241,8.384],[-78.223,8.542],[-78.223,8.438],[-78.367,8.425],[-78.408,8.548],[-78.416,8.356],[-78.614,8.775],[-79.087,8.994],[-78.977,9.145],[-79.116,8.994],[-79.566,8.96],[-79.752,8.816],[-79.774,8.58],[-80.47,8.221],[-80.456,8.036],[-79.994,7.523],[-80.307,7.425],[-80.437,7.246],[-80.93,7.256],[-81.054,7.911],[-81.218,7.898],[-81.225,7.609],[-81.575,7.76],[-81.746,8.192],[-82.157,8.158],[-82.184,8.343],[-82.738,8.317],[-82.862,8.254],[-82.877,8.024],[-83.053,8.315],[-82.848,8.465],[-82.923,8.756],[-82.719,8.922],[-82.939,9.06],[-82.847,9.601],[-82.343,9.433],[-82.394,9.262],[-82.171,9.2],[-82.243,9.004],[-81.776,8.94],[-81.883,9.18],[-81.539,8.813],[-81.304,8.782],[-79.793,9.349],[-79.551,9.629],[-78.971,9.573],[-79.058,9.458],[-78.561,9.438],[-78.037,9.236],[-77.374,8.665],[-77.489,8.474],[-77.163,7.939]]],[[[-81.808,7.287],[-81.798,7.291],[-81.79,7.29],[-81.808,7.287]]],[[[-81.149,7.561],[-81.136,7.568],[-81.118,7.575],[-81.149,7.561]]],[[[-81.588,7.335],[-81.883,7.517],[-81.739,7.644],[-81.588,7.335]]],[[[-82.212,8.199],[-82.233,8.205],[-82.247,8.207],[-82.212,8.199]]],[[[-82.343,8.26],[-82.315,8.24],[-82.335,8.235],[-82.343,8.26]]],[[[-79.094,8.308],[-79.088,8.296],[-79.083,8.274],[-79.094,8.308]]],[[[-82.362,8.087],[-82.359,8.099],[-82.352,8.112],[-82.362,8.087]]],[[[-79.084,8.382],[-79.093,8.377],[-79.112,8.391],[-79.084,8.382]]],[[[-82.123,9.323],[-82.098,9.311],[-82.085,9.303],[-82.123,9.323]]],[[[-82.328,9.412],[-82.302,9.432],[-82.286,9.439],[-82.328,9.412]]],[[[-78.834,8.343],[-78.918,8.227],[-78.975,8.444],[-78.834,8.343]]],[[[-79.57,8.799],[-79.563,8.805],[-79.557,8.803],[-79.57,8.799]]],[[[-81.568,9.108],[-81.565,9.105],[-81.56,9.104],[-81.568,9.108]]],[[[-82.047,9.173],[-82.052,9.178],[-82.052,9.182],[-82.047,9.173]]]]}},{"type":"Feature","properties":{"iso3":"VEN","name":"Venezuela"},"geometry":{"type":"MultiPolygon","coordinates":[[[[-59.816,8.288],[-60.03,8.043],[-60.526,7.813],[-60.731,7.525],[-60.618,7.18],[-60.3,7.121],[-60.377,6.939],[-60.722,6.76],[-60.908,6.815],[-61.205,6.596],[-61.122,6.187],[-61.397,5.946],[-60.664,5.17],[-60.592,4.95],[-60.977,4.535],[-61.316,4.521],[-61.552,4.255],[-61.888,4.15],[-62.428,4.183],[-62.744,4.034],[-62.75,3.66],[-62.889,3.561],[-63.352,3.959],[-63.511,3.855],[-63.672,3.946],[-64.038,3.883],[-64.147,4.111],[-64.59,4.119],[-64.805,4.272],[-64.203,3.595],[-64.223,3.124],[-63.998,2.715],[-64.048,2.471],[-63.385,2.421],[-63.373,2.267],[-63.412,2.149],[-64.037,1.927],[-64.093,1.623],[-64.353,1.366],[-64.409,1.508],[-64.731,1.248],[-65.137,1.127],[-65.203,0.924],[-65.543,0.649],[-65.596,0.984],[-66.285,0.746],[-66.875,1.223],[-67.19,2.394],[-67.627,2.813],[-67.856,2.79],[-67.309,3.384],[-67.632,3.762],[-67.875,4.533],[-67.835,5.339],[-67.617,5.542],[-67.625,5.785],[-67.422,5.978],[-67.45,6.198],[-67.827,6.313],[-68.635,6.136],[-69.061,6.218],[-69.246,6.081],[-69.444,6.122],[-70.129,6.973],[-70.703,7.1],[-71.184,6.963],[-71.994,7.013],[-72.206,7.382],[-72.479,7.484],[-72.491,7.938],[-72.336,8.104],[-72.394,8.355],[-72.675,8.652],[-72.791,9.114],[-72.955,9.104],[-73.01,9.295],[-73.391,9.173],[-72.986,9.812],[-72.915,10.433],[-72.499,11.121],[-72.267,11.155],[-71.971,11.662],[-71.358,11.851],[-71.961,11.591],[-71.576,10.721],[-71.63,10.454],[-72.124,9.826],[-71.995,9.459],[-71.735,9.385],[-71.817,9.233],[-71.709,9.077],[-71.241,9.156],[-71.062,9.327],[-71.036,9.744],[-71.469,10.402],[-71.583,10.809],[-71.446,10.796],[-71.501,10.96],[-70.037,11.441],[-70.162,11.569],[-69.795,11.437],[-69.816,11.694],[-70.212,11.609],[-70.302,11.858],[-70.206,12.112],[-70.018,12.199],[-69.624,11.468],[-68.863,11.453],[-68.403,11.2],[-68.278,10.925],[-68.377,10.919],[-68.239,10.885],[-68.287,10.658],[-68.13,10.488],[-66.276,10.652],[-66.047,10.576],[-66.122,10.507],[-65.923,10.282],[-65.084,10.048],[-64.777,10.09],[-64.717,10.228],[-64.468,10.249],[-64.189,10.478],[-63.655,10.495],[-64.032,10.59],[-64.234,10.515],[-64.271,10.673],[-61.846,10.741],[-62.335,10.53],[-62.923,10.531],[-63.011,10.454],[-62.857,10.532],[-62.831,10.407],[-62.995,10.408],[-63.004,10.275],[-62.942,10.405],[-62.764,10.395],[-62.627,10.131],[-63.018,10.103],[-62.801,9.996],[-62.58,10.224],[-62.319,9.706],[-62.222,9.938],[-62.216,9.638],[-62.195,9.933],[-62.027,9.874],[-62.196,10.02],[-61.831,9.792],[-61.846,9.651],[-61.78,9.759],[-61.743,9.596],[-61.828,9.827],[-61.593,9.782],[-61.637,9.899],[-60.862,9.456],[-60.785,9.314],[-61.085,9.102],[-60.959,9.183],[-61.209,8.609],[-61.659,8.617],[-61.599,8.555],[-61.284,8.397],[-61.027,8.501],[-61.072,8.403],[-60.976,8.576],[-60.198,8.624],[-59.816,8.288]]],[[[-61.016,8.61],[-61.011,8.608],[-61.008,8.606],[-61.016,8.61]]],[[[-60.92,9.028],[-60.898,9.033],[-60.875,9.028],[-60.92,9.028]]],[[[-61.085,8.891],[-61.097,8.901],[-61.093,8.92],[-61.085,8.891]]],[[[-60.873,9.117],[-60.89,9.099],[-60.94,9.082],[-60.873,9.117]]],[[[-60.818,9.206],[-60.803,9.218],[-60.781,9.229],[-60.818,9.206]]],[[[-63.977,10.809],[-63.957,10.8],[-63.928,10.791],[-63.977,10.809]]],[[[-65.228,10.954],[-65.22,10.954],[-65.211,10.954],[-65.228,10.954]]],[[[-63.788,10.974],[-64.06,10.858],[-64.409,10.967],[-64.22,11.092],[-64.032,10.996],[-63.881,11.179],[-63.788,10.974]]],[[[-66.608,11.783],[-66.593,11.783],[-66.588,11.783],[-66.608,11.783]]],[[[-66.132,11.824],[-66.109,11.826],[-66.103,11.819],[-66.132,11.824]]],[[[-64.607,11.899],[-64.595,11.892],[-64.563,11.868],[-64.607,11.899]]],[[[-66.75,11.778],[-66.736,11.783],[-66.729,11.784],[-66.75,11.778]]],[[[-66.733,11.87],[-66.716,11.871],[-66.712,11.868],[-66.733,11.87]]],[[[-67.658,11.985],[-67.649,11.984],[-67.638,11.98],[-67.658,11.985]]],[[[-67.68,12.025],[-67.682,12.026],[-67.679,12.028],[-67.68,12.025]]],[[[-67.678,12.028],[-67.677,12.03],[-67.676,12.028],[-67.677,12.027],[-67.678,12.028]]],[[[-67.677,12.05],[-67.675,12.048],[-67.676,12.044],[-67.677,12.046],[-67.677,12.05]]],[[[-67.681,12.064],[-67.681,12.062],[-67.684,12.063],[-67.681,12.064]]],[[[-67.687,12.066],[-67.689,12.069],[-67.687,12.068],[-67.687,12.066]]],[[[-63.64,15.696],[-63.644,15.701],[-63.64,15.703],[-63.635,15.701],[-63.634,15.696],[-63.635,15.694],[-63.64,15.696]]],[[[-61.39,8.581],[-61.37,8.571],[-61.344,8.573],[-61.39,8.581]]],[[[-60.605,8.671],[-60.81,8.642],[-60.676,8.763],[-60.605,8.671]]],[[[-60.686,8.789],[-60.847,8.638],[-61.177,8.604],[-61.06,8.798],[-60.732,8.892],[-60.686,8.789]]],[[[-62.331,9.921],[-62.323,9.91],[-62.316,9.886],[-62.331,9.921]]],[[[-62.403,10.006],[-62.398,10.004],[-62.391,9.993],[-62.403,10.006]]],[[[-62.241,10.052],[-62.236,10.044],[-62.231,10.028],[-62.241,10.052]]],[[[-62.665,10.366],[-62.658,10.36],[-62.649,10.345],[-62.665,10.366]]],[[[-64.169,10.828],[-64.16,10.825],[-64.156,10.812],[-64.169,10.828]]]]}},{"type":"Feature","properties":{"iso3":"PNG","name":"Papua New Guinea"},"geometry":{"type":"MultiPolygon","coordinates":[[[[150.874,-10.225],[150.4,-10.3],[150.362,-10.4],[150.693,-10.557],[150.211,-10.701],[149.855,-10.55],[150.082,-10.461],[149.923,-10.488],[149.748,-10.338],[148.748,-10.235],[148.689,-10.105],[148.402,-10.2],[148.155,-10.071],[147.977,-10.166],[147.868,-10.043],[147.717,-10.098],[147.31,-9.539],[146.895,-9.268],[146.975,-9.033],[146.873,-9.107],[146.602,-9.006],[146.606,-8.802],[146.1,-8.083],[145.791,-7.912],[145.442,-7.944],[144.88,-7.782],[144.852,-7.569],[144.825,-7.683],[144.654,-7.561],[144.604,-7.657],[144.522,-7.496],[144.514,-7.672],[144.407,-7.514],[144.508,-7.798],[144.311,-7.61],[144.215,-7.796],[143.646,-7.438],[143.957,-7.972],[143.804,-7.933],[143.914,-8.008],[143.767,-8.04],[143.364,-7.896],[143.612,-8.239],[142.494,-8.333],[142.36,-8.167],[142.146,-8.217],[142.354,-8.189],[142.452,-8.373],[142.728,-8.317],[143.132,-8.486],[143.395,-8.769],[143.361,-9.007],[142.612,-9.335],[142.211,-9.159],[141.153,-9.232],[140.977,-9.106],[140.977,-6.897],[140.849,-6.703],[140.977,-6.335],[141.043,-2.59],[142.063,-3.06],[143.523,-3.436],[144.021,-3.803],[144.513,-3.818],[144.558,-3.979],[144.868,-4.099],[145.078,-4.357],[145.346,-4.39],[145.801,-4.842],[145.76,-5.477],[146.461,-5.599],[147.116,-5.969],[147.511,-6.0],[147.827,-6.335],[147.854,-6.691],[146.963,-6.747],[147.188,-7.463],[147.487,-7.616],[147.727,-7.932],[148.146,-8.046],[148.23,-8.555],[148.445,-8.675],[148.586,-9.064],[149.309,-9.017],[149.227,-9.487],[150.049,-9.685],[149.731,-9.809],[149.855,-10.015],[150.627,-10.278],[150.874,-10.225]]],[[[153.781,-11.599],[153.382,-11.566],[153.192,-11.362],[153.781,-11.599]]],[[[154.282,-11.348],[154.283,-11.358],[154.288,-11.37],[154.282,-11.348]]],[[[153.185,-11.277],[153.195,-11.271],[153.199,-11.27],[153.185,-11.277]]],[[[152.808,-10.633],[152.816,-10.633],[152.851,-10.646],[152.808,-10.633]]],[[[151.075,-10.606],[151.047,-10.627],[151.045,-10.637],[151.075,-10.606]]],[[[150.902,-10.563],[150.882,-10.653],[150.767,-10.606],[150.902,-10.563]]],[[[151.301,-9.968],[151.232,-10.2],[150.97,-10.11],[150.753,-9.752],[151.109,-10.037],[151.301,-9.968]]],[[[150.424,-9.389],[150.759,-9.399],[150.931,-9.652],[150.434,-9.631],[150.513,-9.526],[150.424,-9.389]]],[[[150.381,-9.387],[150.312,-9.519],[150.108,-9.361],[150.215,-9.206],[150.381,-9.387]]],[[[153.012,-9.149],[152.967,-9.257],[152.736,-9.26],[152.389,-8.991],[152.794,-9.003],[153.012,-9.149]]],[[[151.145,-8.816],[151.044,-8.727],[151.122,-8.583],[150.999,-8.518],[151.129,-8.419],[151.145,-8.816]]],[[[143.608,-8.638],[143.629,-8.645],[143.644,-8.661],[143.608,-8.638]]],[[[143.379,-8.426],[143.358,-8.415],[143.33,-8.394],[143.379,-8.426]]],[[[148.077,-5.658],[147.991,-5.856],[147.765,-5.603],[147.82,-5.479],[148.077,-5.658]]],[[[155.968,-6.727],[155.697,-6.877],[155.33,-6.72],[155.173,-6.528],[155.215,-6.317],[154.756,-5.948],[154.698,-5.452],[155.069,-5.552],[155.452,-6.137],[155.813,-6.365],[155.968,-6.727]]],[[[148.1,-5.377],[148.127,-5.392],[148.146,-5.42],[148.1,-5.377]]],[[[147.607,-5.287],[147.625,-5.289],[147.633,-5.299],[147.607,-5.287]]],[[[147.244,-5.349],[147.127,-5.443],[147.004,-5.302],[147.134,-5.191],[147.244,-5.349]]],[[[154.727,-5.211],[154.632,-5.459],[154.536,-5.137],[154.657,-5.02],[154.727,-5.211]]],[[[149.122,-4.883],[149.13,-4.877],[149.169,-4.862],[149.122,-4.883]]],[[[146.203,-4.825],[146.205,-4.809],[146.213,-4.796],[146.203,-4.825]]],[[[149.519,-4.643],[149.533,-4.65],[149.549,-4.66],[149.519,-4.643]]],[[[146.056,-4.625],[145.965,-4.755],[145.876,-4.687],[145.975,-4.529],[146.056,-4.625]]],[[[152.418,-4.345],[152.292,-4.935],[151.974,-4.984],[152.099,-5.456],[151.834,-5.593],[151.464,-5.534],[151.533,-5.665],[151.183,-5.964],[150.821,-6.014],[150.465,-6.274],[149.635,-6.308],[149.321,-6.055],[149.053,-6.162],[149.053,-6.007],[148.386,-5.775],[148.325,-5.646],[148.43,-5.445],[148.556,-5.54],[148.978,-5.465],[149.224,-5.599],[149.911,-5.515],[150.113,-5.008],[150.202,-5.062],[150.032,-5.295],[150.161,-5.547],[150.906,-5.49],[151.369,-4.903],[151.679,-4.9],[151.54,-4.177],[151.965,-4.331],[152.185,-4.143],[152.186,-4.309],[152.418,-4.345]]],[[[145.079,-4.047],[145.096,-4.055],[145.106,-4.067],[145.079,-4.047]]],[[[153.192,-3.471],[153.222,-3.448],[153.233,-3.444],[153.192,-3.471]]],[[[153.302,-3.369],[153.328,-3.369],[153.343,-3.379],[153.302,-3.369]]],[[[154.642,-3.262],[154.666,-3.31],[154.717,-3.393],[154.642,-3.262]]],[[[152.672,-3.138],[152.644,-3.225],[152.527,-3.098],[152.651,-3.046],[152.672,-3.138]]],[[[150.992,-2.958],[151.003,-2.96],[151.013,-2.959],[150.992,-2.958]]],[[[152.072,-2.917],[152.078,-2.929],[152.079,-2.957],[152.072,-2.917]]],[[[152.013,-2.807],[152.006,-2.82],[151.987,-2.831],[152.013,-2.807]]],[[[151.982,-2.663],[151.96,-2.652],[151.96,-2.627],[151.982,-2.663]]],[[[153.137,-4.269],[152.898,-4.848],[152.69,-4.548],[152.688,-4.164],[152.289,-3.57],[151.091,-2.833],[150.739,-2.745],[150.892,-2.698],[150.813,-2.556],[152.053,-3.247],[153.137,-4.269]]],[[[150.471,-2.547],[150.451,-2.658],[150.187,-2.679],[149.958,-2.478],[150.208,-2.375],[150.471,-2.547]]],[[[147.827,-2.238],[147.848,-2.265],[147.864,-2.278],[147.827,-2.238]]],[[[147.445,-2.005],[147.206,-2.186],[146.52,-2.15],[146.658,-1.963],[147.445,-2.005]]],[[[149.793,-1.58],[149.54,-1.425],[149.628,-1.357],[149.793,-1.58]]],[[[154.192,-4.465],[154.22,-4.476],[154.242,-4.499],[154.192,-4.465]]],[[[154.151,-4.438],[154.147,-4.417],[154.138,-4.395],[154.151,-4.438]]],[[[152.487,-4.136],[152.503,-4.153],[152.506,-4.172],[152.487,-4.136]]],[[[153.665,-4.041],[153.657,-4.047],[153.671,-4.09],[153.665,-4.041]]],[[[153.719,-3.999],[153.738,-4.002],[153.747,-4.015],[153.719,-3.999]]],[[[152.094,-10.402],[152.099,-10.391],[152.11,-10.391],[152.108,-10.401],[152.094,-10.402]]],[[[151.87,-10.345],[151.868,-10.338],[151.877,-10.334],[151.87,-10.345]]],[[[151.853,-10.26],[151.862,-10.25],[151.865,-10.255],[151.857,-10.265],[151.853,-10.26]]],[[[144.6,-3.5],[144.61,-3.503],[144.619,-3.509],[144.6,-3.5]]],[[[144.062,-3.215],[144.073,-3.197],[144.096,-3.189],[144.121,-3.215],[144.134,-3.23],[144.115,-3.248],[144.081,-3.239],[144.062,-3.215]]],[[[142.818,-1.733],[142.819,-1.712],[142.834,-1.697],[142.818,-1.733]]],[[[151.025,-9.639],[151.03,-9.643],[151.034,-9.65],[151.025,-9.639]]],[[[143.816,-8.495],[143.822,-8.5],[143.823,-8.51],[143.816,-8.495]]],[[[143.674,-8.391],[143.676,-8.4],[143.682,-8.413],[143.674,-8.391]]],[[[143.663,-8.109],[143.68,-8.121],[143.69,-8.137],[143.663,-8.109]]],[[[143.676,-8.054],[143.686,-8.066],[143.698,-8.091],[143.676,-8.054]]],[[[151.188,-4.892],[151.206,-4.902],[151.223,-4.918],[151.188,-4.892]]],[[[143.585,-3.379],[143.569,-3.379],[143.54,-3.368],[143.585,-3.379]]],[[[150.004,-1.673],[150.019,-1.672],[150.023,-1.675],[150.004,-1.673]]]]}},{"type":"Feature","properties":{"iso3":"EGY","name":"Egypt"},"geometry":{"type":"MultiPolygon","coordinates":[[[[33.995,26.752],[34.003,26.732],[34.004,26.708],[33.995,26.752]]],[[[36.899,22.03],[31.435,21.995],[31.423,22.227],[31.248,21.994],[24.981,21.995],[24.981,29.181],[24.688,30.144],[24.995,30.785],[24.849,31.349],[25.151,31.656],[25.302,31.507],[25.967,31.617],[27.321,31.381],[27.446,31.223],[27.853,31.24],[27.927,31.099],[28.424,31.083],[29.028,30.827],[29.503,30.957],[30.07,31.333],[30.289,31.238],[30.179,31.278],[30.362,31.509],[30.974,31.587],[30.543,31.402],[30.734,31.388],[31.119,31.493],[30.978,31.584],[31.097,31.608],[31.557,31.443],[31.945,31.521],[32.2,31.295],[31.889,31.532],[31.767,31.285],[32.037,31.217],[32.106,31.053],[32.283,31.137],[32.207,31.295],[32.602,31.061],[32.927,31.155],[32.731,31.039],[33.01,31.056],[33.109,31.196],[33.133,31.046],[33.648,31.117],[34.2,31.314],[34.887,29.49],[34.41,28.32],[34.435,27.976],[34.257,27.729],[33.763,28.024],[33.229,28.569],[33.178,28.99],[32.715,29.456],[32.578,30.011],[32.338,29.592],[32.581,29.369],[32.625,28.973],[32.869,28.579],[33.554,27.896],[33.592,27.791],[33.473,27.823],[33.592,27.647],[33.496,27.647],[33.996,26.897],[33.941,26.654],[35.145,24.5],[35.793,23.902],[35.484,23.918],[35.489,23.497],[35.695,22.932],[36.226,22.635],[36.899,22.03]],[[35.429,22.978],[35.212,22.786],[35.346,22.902],[35.487,23.023],[35.621,23.139],[35.429,22.978]],[[34.778,22.5],[34.828,22.607],[34.862,22.68],[34.778,22.5]],[[34.502,22.262],[34.682,22.298],[34.423,22.249],[34.147,22.192],[34.321,22.226],[34.502,22.262]]],[[[34.051,27.455],[34.051,27.449],[34.044,27.45],[34.051,27.455]]],[[[34.662,27.93],[34.682,27.959],[34.732,27.957],[34.732,27.919],[34.705,27.908],[34.681,27.915],[34.662,27.93]]],[[[34.62,27.92],[34.582,27.918],[34.547,27.92],[34.62,27.92]]],[[[32.983,31.09],[32.987,31.084],[32.989,31.073],[32.979,31.082],[32.975,31.086],[32.97,31.087],[32.977,31.091],[32.983,31.09]]],[[[33.454,31.155],[33.299,31.213],[33.27,31.217],[33.454,31.155]]],[[[33.243,31.219],[33.213,31.224],[33.183,31.228],[33.243,31.219]]]]}},{"type":"Feature","properties":{"iso3":"YEM","name":"Yemen"},"geometry":{"type":"MultiPolygon","coordinates":[[[[53.09,16.642],[52.319,16.291],[52.156,15.984],[52.234,15.622],[51.676,15.34],[49.372,14.65],[49.093,14.52],[48.696,14.044],[48.189,13.969],[48.017,14.057],[47.398,13.655],[46.701,13.43],[45.666,13.342],[45.118,12.962],[45.059,12.762],[45.015,12.859],[44.881,12.73],[44.611,12.82],[44.191,12.619],[43.462,12.693],[43.226,13.284],[43.281,13.722],[42.959,14.513],[43.021,14.442],[42.937,14.948],[42.864,15.136],[42.61,15.244],[42.712,15.366],[42.809,15.268],[42.692,15.702],[42.835,15.915],[42.789,16.371],[43.18,16.665],[43.118,17.086],[43.252,17.272],[43.165,17.326],[43.391,17.512],[43.915,17.302],[45.165,17.428],[45.43,17.312],[46.71,17.275],[46.97,16.957],[47.161,16.947],[47.428,17.092],[48.162,18.149],[49.036,18.58],[51.979,18.996],[53.09,16.642]]],[[[53.248,12.121],[53.268,12.129],[53.287,12.127],[53.248,12.121]]],[[[53.053,12.175],[53.068,12.175],[53.083,12.165],[53.053,12.175]]],[[[52.289,12.201],[52.319,12.188],[52.375,12.201],[52.289,12.201]]],[[[43.429,12.674],[43.442,12.667],[43.444,12.664],[43.429,12.674]]],[[[54.54,12.55],[53.731,12.3],[53.307,12.543],[53.519,12.714],[53.846,12.599],[54.119,12.701],[54.54,12.55]]],[[[42.719,13.743],[42.762,13.772],[42.783,13.78],[42.719,13.743]]],[[[42.802,14.023],[42.782,13.92],[42.692,14.013],[42.802,14.023]]],[[[42.636,15.446],[42.61,15.429],[42.607,15.423],[42.636,15.446]]]]}},{"type":"Feature","properties":{"iso3":"MRT","name":"Mauritania"},"geometry":{"type":"MultiPolygon","coordinates":[[[[-4.822,24.995],[-6.593,24.994],[-5.623,16.528],[-5.353,16.312],[-5.512,15.493],[-9.349,15.496],[-9.356,15.698],[-9.424,15.441],[-10.725,15.433],[-10.915,15.103],[-11.524,15.643],[-11.727,15.541],[-11.82,14.9],[-12.07,14.734],[-12.888,15.251],[-12.964,15.509],[-13.238,15.623],[-13.485,16.155],[-13.836,16.121],[-14.407,16.661],[-14.974,16.691],[-15.672,16.481],[-16.274,16.523],[-16.542,15.809],[-16.459,16.644],[-16.024,17.96],[-16.205,18.983],[-16.535,19.381],[-16.285,19.529],[-16.465,19.413],[-16.234,19.794],[-16.313,19.89],[-16.2,20.215],[-16.409,20.675],[-16.529,20.739],[-16.542,20.561],[-16.673,20.678],[-16.918,21.159],[-17.057,20.767],[-17.081,20.875],[-16.959,21.333],[-13.015,21.333],[-13.152,22.82],[-12.619,23.271],[-12.019,23.461],[-12.015,25.995],[-8.688,26.0],[-8.682,27.285],[-4.822,24.995]]],[[[-16.337,19.856],[-16.432,19.601],[-16.464,19.685],[-16.337,19.856]]],[[[-16.321,19.729],[-16.31,19.731],[-16.302,19.723],[-16.321,19.729]]],[[[-16.477,19.732],[-16.47,19.73],[-16.469,19.72],[-16.477,19.732]]],[[[-16.459,20.615],[-16.451,20.613],[-16.446,20.607],[-16.459,20.615]]]]}},{"type":"Feature","properties":{"iso3":"GNQ","name":"Equatorial Guinea"},"geometry":{"type":"MultiPolygon","coordinates":[[[[11.336,0.999],[9.944,0.925],[9.718,1.133],[9.584,1.043],[9.347,1.182],[9.594,1.572],[9.744,1.6],[9.607,1.644],[9.81,1.935],[9.8,2.342],[9.991,2.166],[11.322,2.166],[11.336,0.999]]],[[[5.626,-1.456],[5.62,-1.445],[5.619,-1.433],[5.626,-1.456]]],[[[8.963,3.68],[8.686,3.197],[8.422,3.339],[8.702,3.761],[8.963,3.68]]]]}},{"type":"Feature","properties":{"iso3":"GMB","name":"Gambia"},"geometry":{"type":"Polygon","coordinates":[[[-16.83,13.339],[-16.617,13.478],[-16.419,13.208],[-16.151,13.276],[-16.161,13.429],[-15.341,13.441],[-15.556,13.528],[-16.412,13.339],[-16.522,13.359],[-16.561,13.587],[-15.518,13.583],[-15.394,13.772],[-15.098,13.82],[-14.741,13.615],[-14.543,13.641],[-14.366,13.455],[-13.988,13.579],[-13.819,13.429],[-13.901,13.315],[-14.369,13.236],[-15.138,13.59],[-15.277,13.38],[-15.819,13.334],[-15.833,13.157],[-16.674,13.164],[-16.754,13.065],[-16.83,13.339]]]}},{"type":"Feature","properties":{"iso3":"VAT","name":"Vatican"},"geometry":{"type":"Polygon","coordinates":[[[12.453,41.903],[12.453,41.903],[12.453,41.903],[12.453,41.904],[12.454,41.904],[12.454,41.903],[12.453,41.903]]]}},{"type":"Feature","properties":{"iso3":"AUS","name":"Australia"},"geometry":{"type":"MultiPolygon","coordinates":[[[[113.157,-26.152],[113.276,-26.235],[113.306,-25.997],[113.384,-26.383],[113.363,-26.013],[113.566,-26.565],[113.625,-26.44],[113.67,-26.653],[113.87,-26.522],[113.885,-26.343],[113.577,-26.089],[113.421,-25.728],[113.515,-25.509],[113.757,-25.885],[113.728,-26.197],[113.855,-25.944],[114.022,-26.391],[114.104,-26.448],[114.234,-26.317],[114.259,-25.842],[113.692,-25.105],[113.391,-24.414],[113.46,-23.91],[113.769,-23.458],[113.807,-22.931],[113.647,-22.578],[114.036,-21.838],[114.176,-21.822],[114.122,-22.504],[114.337,-22.494],[114.647,-21.843],[115.479,-21.501],[116.196,-20.847],[116.452,-20.815],[116.791,-20.535],[116.855,-20.712],[117.154,-20.596],[117.354,-20.728],[117.736,-20.658],[118.151,-20.356],[118.806,-20.281],[119.095,-19.967],[119.59,-20.066],[121.128,-19.521],[121.519,-19.07],[121.811,-18.463],[122.347,-18.121],[122.344,-17.983],[122.17,-17.978],[122.172,-17.261],[122.473,-16.92],[122.595,-16.971],[122.582,-16.78],[122.821,-16.78],[122.759,-16.604],[122.916,-16.416],[123.02,-16.383],[122.96,-16.58],[123.132,-16.686],[123.143,-16.914],[123.571,-17.595],[123.595,-16.985],[123.913,-17.216],[123.795,-17.0],[123.953,-16.829],[123.792,-16.891],[123.51,-16.654],[123.609,-16.546],[123.424,-16.491],[123.712,-16.43],[123.57,-16.177],[123.807,-16.191],[123.733,-16.259],[123.863,-16.43],[123.993,-16.378],[123.911,-16.217],[124.223,-16.396],[124.904,-16.402],[124.402,-16.329],[124.434,-16.058],[124.52,-16.176],[124.596,-16.115],[124.733,-15.807],[124.486,-15.998],[124.376,-15.525],[124.683,-15.474],[124.664,-15.25],[125.185,-15.518],[125.073,-15.419],[125.144,-15.313],[124.885,-15.297],[125.055,-15.162],[124.87,-15.25],[124.842,-15.141],[125.072,-14.969],[125.165,-15.162],[125.165,-15.011],[125.432,-15.138],[125.43,-15.009],[125.187,-14.945],[125.309,-14.885],[125.136,-14.736],[125.348,-14.499],[125.439,-14.639],[125.494,-14.491],[125.589,-14.545],[125.618,-14.224],[125.733,-14.271],[125.638,-14.635],[125.733,-14.399],[125.918,-14.638],[126.145,-14.195],[125.973,-14.021],[126.096,-14.025],[126.086,-13.889],[126.111,-14.018],[126.22,-13.956],[126.166,-14.085],[126.289,-14.23],[126.528,-13.929],[126.453,-14.078],[126.604,-14.23],[126.707,-13.984],[126.857,-13.949],[126.747,-13.792],[126.864,-13.743],[127.13,-13.968],[127.165,-13.881],[127.418,-13.942],[127.947,-14.573],[128.231,-14.718],[128.024,-15.497],[128.125,-15.182],[128.289,-15.402],[128.196,-15.057],[128.313,-14.905],[128.45,-15.043],[128.388,-14.803],[128.532,-14.753],[129.102,-14.905],[129.153,-15.224],[129.263,-15.108],[129.229,-14.837],[129.727,-15.194],[129.649,-14.833],[129.993,-14.725],[129.763,-14.82],[129.588,-14.613],[129.789,-14.532],[129.535,-14.545],[129.373,-14.329],[129.482,-14.052],[129.736,-13.992],[129.891,-13.438],[129.969,-13.53],[130.332,-13.346],[130.123,-13.165],[130.13,-12.941],[130.319,-12.906],[130.354,-12.672],[130.507,-12.596],[130.693,-12.701],[130.56,-12.628],[130.578,-12.401],[130.784,-12.435],[130.9,-12.64],[130.874,-12.514],[130.969,-12.537],[130.825,-12.401],[131.051,-12.373],[131.026,-12.147],[131.257,-12.236],[131.296,-12.044],[131.448,-12.29],[131.897,-12.216],[132.058,-12.307],[132.251,-12.156],[132.388,-12.38],[132.44,-12.155],[132.758,-12.133],[132.635,-12.067],[132.593,-11.784],[132.696,-11.653],[132.495,-11.476],[132.106,-11.523],[131.768,-11.311],[131.982,-11.13],[132.175,-11.406],[132.148,-11.137],[132.285,-11.268],[132.343,-11.122],[132.674,-11.508],[132.911,-11.332],[133.167,-11.704],[133.532,-11.749],[133.532,-11.866],[133.916,-11.722],[133.844,-11.855],[134.138,-11.879],[134.186,-12.076],[134.285,-11.968],[134.594,-12.064],[134.769,-11.948],[134.861,-12.127],[135.218,-12.301],[135.17,-12.228],[135.588,-12.099],[135.712,-12.018],[135.581,-12.058],[135.593,-11.965],[135.9,-11.759],[135.717,-12.003],[135.916,-11.968],[135.652,-12.203],[135.732,-12.311],[136.053,-12.064],[135.935,-12.214],[136.06,-12.232],[136.034,-12.466],[136.285,-12.416],[136.363,-12.223],[136.177,-12.171],[136.572,-11.896],[136.47,-11.986],[136.664,-12.264],[136.761,-12.164],[136.984,-12.345],[136.74,-12.476],[136.611,-12.83],[136.472,-12.774],[136.657,-12.996],[136.497,-12.975],[136.472,-13.242],[136.322,-13.308],[136.333,-13.047],[136.159,-13.263],[136.148,-13.122],[136.053,-13.312],[136.008,-13.216],[135.883,-13.326],[135.969,-13.426],[135.855,-13.456],[135.887,-13.714],[136.078,-13.663],[135.909,-14.195],[135.368,-14.723],[135.47,-14.948],[136.225,-15.409],[136.716,-15.936],[136.992,-15.864],[137.746,-16.252],[138.184,-16.697],[139.008,-16.895],[139.274,-17.348],[140.0,-17.706],[140.523,-17.63],[140.845,-17.441],[141.431,-16.062],[141.44,-15.649],[141.666,-15.011],[141.522,-14.484],[141.598,-14.115],[141.468,-13.865],[141.694,-13.251],[141.584,-12.986],[141.81,-12.668],[141.939,-12.908],[141.905,-12.757],[142.008,-12.715],[141.823,-12.654],[141.974,-12.585],[141.798,-12.58],[141.745,-12.455],[141.591,-12.541],[141.831,-12.006],[141.913,-11.955],[141.92,-12.106],[142.033,-12.041],[141.948,-11.896],[142.151,-10.951],[142.546,-10.688],[142.502,-10.948],[142.591,-10.865],[142.742,-10.975],[142.872,-11.383],[142.862,-11.837],[143.249,-11.968],[143.077,-12.329],[143.434,-12.613],[143.359,-12.881],[143.544,-12.833],[143.53,-13.75],[143.783,-14.402],[143.941,-14.511],[144.486,-14.162],[144.678,-14.556],[145.346,-14.943],[145.244,-15.428],[145.462,-16.06],[145.4,-16.443],[145.774,-16.988],[145.955,-16.873],[145.882,-17.06],[146.148,-17.633],[146.01,-18.237],[146.339,-18.527],[146.333,-18.959],[146.905,-19.305],[147.024,-19.177],[147.134,-19.411],[147.421,-19.413],[147.402,-19.304],[147.684,-19.828],[147.824,-19.714],[147.929,-19.898],[148.279,-19.966],[148.402,-20.198],[148.56,-20.053],[148.611,-20.214],[148.782,-20.241],[148.937,-20.535],[148.701,-20.439],[148.66,-20.572],[148.827,-20.891],[149.056,-20.899],[149.231,-21.09],[149.292,-21.511],[149.487,-21.536],[149.435,-21.79],[149.663,-22.494],[149.813,-22.378],[150.047,-22.645],[149.924,-22.298],[150.054,-22.142],[150.194,-22.379],[150.609,-22.611],[150.544,-22.367],[150.678,-22.358],[150.76,-22.47],[150.678,-22.563],[150.773,-22.53],[150.826,-22.698],[150.737,-22.933],[150.814,-23.509],[151.551,-24.091],[151.692,-24.098],[151.641,-23.978],[151.78,-24.023],[152.123,-24.592],[152.47,-24.806],[152.568,-25.179],[152.914,-25.288],[152.884,-25.674],[153.021,-25.969],[153.062,-25.818],[153.206,-25.935],[153.074,-26.317],[153.21,-27.077],[153.038,-27.193],[153.446,-27.791],[153.631,-28.662],[153.023,-30.576],[153.06,-31.077],[152.747,-31.843],[152.546,-32.044],[152.54,-32.442],[152.061,-32.698],[152.185,-32.767],[151.799,-32.894],[151.569,-33.292],[151.454,-33.304],[151.424,-33.528],[151.231,-33.535],[151.341,-33.617],[151.281,-33.952],[151.095,-34.014],[151.231,-34.04],[150.801,-34.548],[150.917,-34.603],[150.727,-34.874],[150.845,-35.077],[150.696,-35.026],[150.759,-35.179],[150.554,-35.214],[150.191,-35.727],[150.142,-36.32],[149.876,-37.096],[150.054,-37.269],[149.951,-37.284],[149.985,-37.496],[149.718,-37.516],[149.678,-37.691],[149.491,-37.783],[148.306,-37.823],[147.758,-37.985],[146.848,-38.685],[146.224,-38.714],[146.286,-38.91],[146.477,-38.81],[146.394,-39.145],[146.182,-38.868],[145.921,-38.907],[145.809,-38.65],[145.6,-38.68],[145.373,-38.537],[145.557,-38.385],[145.464,-38.235],[145.256,-38.241],[145.229,-38.413],[144.945,-38.51],[144.677,-38.333],[144.983,-38.341],[145.119,-38.159],[144.935,-37.868],[144.373,-38.118],[144.705,-38.146],[144.653,-38.286],[144.402,-38.301],[143.537,-38.858],[142.502,-38.374],[141.762,-38.262],[141.648,-38.403],[141.41,-38.407],[141.134,-38.128],[140.398,-37.92],[139.742,-37.181],[139.672,-36.953],[139.842,-36.846],[139.857,-36.635],[139.567,-36.075],[138.918,-35.577],[139.448,-35.927],[139.672,-36.228],[139.475,-35.896],[139.041,-35.604],[139.155,-35.503],[139.338,-35.687],[139.219,-35.507],[139.361,-35.49],[139.363,-35.377],[139.178,-35.315],[138.961,-35.414],[139.031,-35.518],[138.794,-35.484],[138.993,-35.548],[138.531,-35.646],[138.107,-35.621],[138.438,-35.343],[138.551,-34.782],[138.078,-34.128],[137.75,-35.131],[136.874,-35.295],[137.02,-34.901],[137.446,-34.917],[137.452,-34.156],[137.931,-33.616],[137.81,-33.26],[138.04,-33.082],[137.774,-32.52],[137.778,-32.983],[137.632,-32.962],[137.452,-33.14],[137.225,-33.653],[136.607,-33.903],[136.115,-34.384],[136.101,-34.535],[135.937,-34.535],[135.799,-34.805],[136.016,-34.744],[135.965,-35.008],[135.783,-34.858],[135.633,-34.953],[135.288,-34.592],[135.108,-34.596],[135.21,-34.432],[135.371,-34.628],[135.504,-34.612],[135.389,-34.569],[135.19,-33.893],[134.841,-33.631],[134.706,-33.173],[134.334,-33.205],[134.069,-32.929],[134.074,-32.714],[134.214,-32.806],[134.298,-32.678],[134.148,-32.457],[133.864,-32.547],[133.95,-32.389],[133.649,-32.102],[133.271,-32.219],[132.776,-31.951],[132.234,-32.033],[131.178,-31.478],[130.79,-31.608],[128.99,-31.691],[127.289,-32.273],[126.008,-32.273],[124.834,-32.868],[124.201,-33.038],[123.952,-33.567],[123.527,-33.939],[123.155,-34.009],[123.023,-33.861],[122.095,-34.019],[122.006,-33.821],[121.334,-33.815],[120.394,-33.974],[120.002,-33.926],[119.572,-34.142],[119.469,-34.313],[119.559,-34.384],[119.23,-34.532],[118.84,-34.453],[118.199,-35.017],[117.835,-35.031],[117.933,-35.12],[116.638,-35.05],[116.388,-34.858],[115.979,-34.836],[115.612,-34.446],[115.01,-34.245],[114.989,-33.521],[115.367,-33.631],[115.71,-33.271],[115.601,-32.662],[115.701,-32.513],[115.714,-32.78],[115.722,-31.773],[115.061,-30.522],[114.842,-29.109],[114.166,-28.107],[114.013,-27.315],[113.157,-26.152]]],[[[128.159,-15.09],[128.163,-15.097],[128.171,-15.101],[128.159,-15.09]]],[[[128.416,-14.956],[128.43,-14.966],[128.438,-14.989],[128.416,-14.956]]],[[[129.632,-14.847],[129.635,-14.859],[129.634,-14.871],[129.632,-14.847]]],[[[129.533,-14.799],[129.578,-14.861],[129.587,-14.883],[129.533,-14.799]]],[[[126.501,-13.874],[126.523,-13.871],[126.554,-13.875],[126.501,-13.874]]],[[[134.885,-12.058],[134.907,-12.06],[134.918,-12.063],[134.885,-12.058]]],[[[134.965,-12.026],[134.984,-12.036],[134.986,-12.041],[134.965,-12.026]]],[[[135.122,-11.93],[135.107,-11.942],[135.085,-11.946],[135.122,-11.93]]],[[[133.409,-11.592],[133.429,-11.587],[133.454,-11.584],[133.409,-11.592]]],[[[133.477,-11.455],[133.481,-11.471],[133.489,-11.484],[133.477,-11.455]]],[[[144.606,-40.997],[144.721,-40.64],[146.586,-41.18],[146.744,-41.066],[146.95,-41.161],[146.819,-41.075],[147.018,-40.977],[147.445,-41.008],[147.651,-40.829],[147.849,-40.889],[148.02,-40.744],[148.331,-41.002],[148.261,-41.8],[148.364,-42.204],[148.258,-42.244],[148.32,-42.119],[148.162,-42.059],[148.181,-41.947],[148.217,-42.093],[148.093,-42.1],[148.006,-42.514],[147.889,-42.545],[147.953,-42.72],[147.845,-42.866],[148.005,-42.909],[147.999,-43.23],[147.883,-43.132],[147.792,-43.244],[147.627,-43.043],[147.693,-42.936],[147.887,-43.034],[147.84,-42.902],[147.534,-42.837],[147.559,-42.977],[147.436,-43.046],[147.477,-42.909],[147.284,-42.778],[147.36,-42.925],[147.258,-43.254],[146.973,-43.131],[147.1,-43.299],[146.963,-43.34],[147.055,-43.356],[146.922,-43.43],[147.018,-43.478],[146.927,-43.612],[146.711,-43.629],[146.555,-43.469],[146.024,-43.553],[145.943,-43.365],[146.161,-43.416],[146.23,-43.32],[146.025,-43.325],[145.917,-43.196],[145.844,-43.301],[145.472,-42.915],[145.189,-42.196],[145.472,-42.513],[145.558,-42.342],[145.346,-42.147],[145.229,-42.196],[145.251,-42.041],[144.92,-41.703],[144.606,-40.997]]],[[[158.893,-54.511],[158.908,-54.496],[158.948,-54.486],[158.893,-54.511]]],[[[147.365,-43.388],[147.304,-43.509],[147.086,-43.43],[147.304,-43.262],[147.365,-43.388]]],[[[147.438,-43.239],[147.292,-43.153],[147.36,-43.075],[147.438,-43.239]]],[[[148.176,-42.648],[148.012,-42.751],[148.04,-42.603],[148.176,-42.648]]],[[[148.299,-42.306],[148.317,-42.314],[148.325,-42.324],[148.299,-42.306]]],[[[145.014,-40.668],[145.031,-40.673],[145.046,-40.683],[145.014,-40.668]]],[[[148.251,-40.489],[148.194,-40.596],[148.105,-40.53],[148.251,-40.489]]],[[[144.792,-40.428],[144.765,-40.585],[144.708,-40.489],[144.792,-40.428]]],[[[144.901,-40.469],[144.875,-40.468],[144.859,-40.456],[144.901,-40.469]]],[[[148.485,-40.428],[147.999,-40.418],[148.323,-40.304],[148.485,-40.428]]],[[[147.758,-39.879],[147.953,-39.712],[148.299,-39.962],[148.224,-40.126],[148.334,-40.175],[148.075,-40.255],[147.881,-39.895],[147.758,-39.879]]],[[[144.145,-39.926],[143.923,-40.127],[143.837,-39.919],[143.986,-39.571],[144.145,-39.926]]],[[[146.627,-38.756],[146.635,-38.753],[146.643,-38.753],[146.627,-38.756]]],[[[145.361,-38.562],[145.113,-38.531],[145.286,-38.451],[145.361,-38.562]]],[[[145.442,-38.317],[145.454,-38.322],[145.463,-38.329],[145.442,-38.317]]],[[[138.13,-35.816],[138.048,-35.919],[137.629,-35.91],[137.459,-36.083],[137.228,-35.98],[136.716,-36.063],[136.533,-35.912],[136.598,-35.758],[137.335,-35.583],[137.623,-35.582],[137.581,-35.727],[137.813,-35.811],[137.936,-35.726],[138.13,-35.816]]],[[[136.447,-35.148],[136.463,-35.14],[136.476,-35.145],[136.447,-35.148]]],[[[136.174,-35.011],[136.185,-35.021],[136.194,-35.026],[136.174,-35.011]]],[[[137.369,-34.472],[137.374,-34.498],[137.367,-34.524],[137.355,-34.538],[137.342,-34.528],[137.336,-34.515],[137.344,-34.501],[137.369,-34.472]]],[[[134.546,-33.712],[134.551,-33.734],[134.543,-33.74],[134.546,-33.712]]],[[[133.566,-32.321],[133.542,-32.313],[133.544,-32.295],[133.566,-32.321]]],[[[159.044,-31.519],[159.069,-31.521],[159.083,-31.535],[159.044,-31.519]]],[[[153.549,-27.415],[153.391,-27.702],[153.434,-27.393],[153.549,-27.415]]],[[[153.361,-27.066],[153.469,-27.037],[153.423,-27.358],[153.361,-27.066]]],[[[113.225,-26.108],[112.965,-25.794],[112.919,-25.524],[113.008,-25.496],[113.225,-26.108]]],[[[152.962,-25.27],[152.994,-25.304],[153.006,-25.328],[152.994,-25.338],[152.964,-25.299],[152.954,-25.278],[152.962,-25.27]]],[[[113.056,-25.263],[113.051,-25.24],[113.076,-25.17],[113.056,-25.263]]],[[[113.152,-24.927],[113.13,-24.956],[113.121,-24.974],[113.152,-24.927]]],[[[153.374,-25.012],[153.083,-25.787],[152.946,-25.583],[153.014,-25.212],[153.243,-24.993],[153.137,-24.817],[153.281,-24.694],[153.374,-25.012]]],[[[151.372,-23.82],[151.383,-23.84],[151.388,-23.864],[151.372,-23.82]]],[[[151.299,-23.735],[151.214,-23.778],[150.98,-23.487],[151.239,-23.489],[151.299,-23.735]]],[[[149.728,-22.341],[149.736,-22.339],[149.747,-22.347],[149.728,-22.341]]],[[[150.561,-22.296],[150.458,-22.31],[150.492,-22.214],[150.561,-22.296]]],[[[149.93,-22.134],[149.868,-22.162],[149.917,-22.042],[149.93,-22.134]]],[[[150.293,-21.741],[150.318,-21.734],[150.33,-21.734],[150.293,-21.741]]],[[[150.3,-21.679],[150.298,-21.677],[150.298,-21.675],[150.3,-21.679]]],[[[115.47,-20.746],[115.296,-20.857],[115.429,-20.669],[115.47,-20.746]]],[[[149.094,-20.418],[149.095,-20.439],[149.098,-20.453],[149.094,-20.418]]],[[[148.927,-20.287],[148.985,-20.151],[149.073,-20.3],[148.927,-20.287]]],[[[148.958,-20.144],[148.953,-20.15],[148.923,-20.179],[148.958,-20.144]]],[[[148.45,-19.966],[148.474,-19.983],[148.481,-20.005],[148.45,-19.966]]],[[[146.86,-19.116],[146.864,-19.105],[146.869,-19.102],[146.86,-19.116]]],[[[146.353,-18.422],[146.223,-18.466],[146.093,-18.266],[146.302,-18.237],[146.353,-18.422]]],[[[139.576,-17.081],[139.404,-17.101],[139.494,-16.985],[139.576,-17.081]]],[[[139.089,-16.828],[139.107,-16.82],[139.133,-16.813],[139.089,-16.828]]],[[[139.74,-16.473],[139.137,-16.707],[139.308,-16.461],[139.74,-16.473]]],[[[136.67,-15.663],[136.676,-15.679],[136.69,-15.687],[136.67,-15.663]]],[[[136.835,-15.682],[136.732,-15.744],[136.732,-15.649],[136.835,-15.682]]],[[[137.106,-15.774],[136.935,-15.721],[137.016,-15.593],[137.106,-15.774]]],[[[136.616,-15.539],[136.602,-15.564],[136.6,-15.612],[136.616,-15.539]]],[[[136.896,-15.587],[136.837,-15.599],[136.883,-15.498],[136.896,-15.587]]],[[[124.418,-15.254],[124.423,-15.246],[124.434,-15.247],[124.418,-15.254]]],[[[124.65,-15.395],[124.459,-15.361],[124.569,-15.244],[124.65,-15.395]]],[[[124.928,-14.974],[124.922,-14.984],[124.926,-14.991],[124.928,-14.974]]],[[[135.767,-14.868],[135.765,-14.89],[135.763,-14.901],[135.767,-14.868]]],[[[125.195,-14.47],[125.206,-14.474],[125.209,-14.482],[125.195,-14.47]]],[[[136.807,-13.819],[136.808,-13.813],[136.81,-13.808],[136.814,-13.804],[136.818,-13.801],[136.812,-13.809],[136.809,-13.813],[136.807,-13.819]]],[[[136.29,-13.725],[136.209,-13.856],[136.115,-13.724],[136.29,-13.725]]],[[[136.324,-14.23],[136.437,-14.12],[136.41,-13.819],[136.595,-13.812],[136.572,-13.686],[136.718,-13.648],[136.732,-13.84],[136.924,-13.805],[136.718,-14.178],[136.979,-14.147],[136.903,-14.299],[136.324,-14.23]]],[[[136.095,-13.36],[136.203,-13.461],[136.143,-13.56],[136.095,-13.36]]],[[[136.817,-12.076],[136.822,-12.084],[136.824,-12.104],[136.817,-12.076]]],[[[132.388,-12.072],[132.412,-12.084],[132.416,-12.11],[132.388,-12.072]]],[[[136.29,-11.976],[136.316,-11.987],[136.303,-12.013],[136.29,-11.976]]],[[[136.464,-11.894],[136.471,-11.868],[136.472,-11.84],[136.464,-11.894]]],[[[136.605,-11.746],[136.619,-11.735],[136.624,-11.737],[136.605,-11.746]]],[[[135.956,-11.707],[135.952,-11.683],[135.981,-11.661],[135.956,-11.707]]],[[[132.62,-11.647],[132.641,-11.645],[132.646,-11.65],[132.62,-11.647]]],[[[136.423,-11.51],[136.453,-11.489],[136.469,-11.476],[136.423,-11.51]]],[[[130.635,-11.768],[130.017,-11.777],[130.345,-11.317],[130.448,-11.701],[130.635,-11.768]]],[[[131.539,-11.446],[130.961,-11.934],[130.497,-11.65],[130.366,-11.232],[130.4,-11.153],[130.696,-11.434],[130.921,-11.309],[131.023,-11.413],[131.153,-11.249],[131.219,-11.4],[131.274,-11.19],[131.539,-11.446]]],[[[136.764,-11.04],[136.747,-11.093],[136.734,-11.138],[136.764,-11.04]]],[[[132.468,-11.03],[132.599,-10.968],[132.634,-11.174],[132.599,-11.345],[132.468,-11.03]]],[[[142.283,-10.715],[142.112,-10.684],[142.193,-10.591],[142.283,-10.715]]],[[[142.262,-10.578],[142.294,-10.573],[142.319,-10.589],[142.262,-10.578]]],[[[142.293,-10.139],[142.314,-10.149],[142.332,-10.17],[142.293,-10.139]]],[[[142.19,-10.081],[142.198,-10.092],[142.198,-10.102],[142.19,-10.081]]],[[[115.66,-32.15],[115.664,-32.173],[115.678,-32.216],[115.66,-32.15]]],[[[115.492,-31.996],[115.525,-31.994],[115.543,-32.0],[115.492,-31.996]]],[[[113.68,-28.452],[113.703,-28.448],[113.711,-28.439],[113.68,-28.452]]],[[[146.651,-18.746],[146.683,-18.744],[146.684,-18.752],[146.651,-18.746]]],[[[142.755,-9.37],[142.771,-9.374],[142.783,-9.386],[142.755,-9.37]]],[[[142.207,-9.24],[142.28,-9.262],[142.284,-9.278],[142.207,-9.24]]]]}},{"type":"Feature","properties":{"iso3":"FJI","name":"Fiji"},"geometry":{"type":"MultiPolygon","coordinates":[[[[-180.0,-16.17],[-180.0,-16.149],[-179.988,-16.138],[-180.0,-16.17]]],[[[-180.0,-16.541],[-180.0,-16.49],[-179.991,-16.476],[-180.0,-16.541]]],[[[-180.0,-16.964],[-179.99,-16.771],[-179.877,-16.678],[-179.816,-16.772],[-180.0,-16.964]]],[[[180.0,-16.49],[180.0,-16.517],[180.0,-16.541],[180.0,-16.49]]],[[[180.0,-16.785],[179.992,-16.975],[179.89,-16.954],[180.0,-16.785]]],[[[180.0,-16.149],[179.479,-16.697],[179.548,-16.766],[179.939,-16.463],[179.911,-16.766],[179.297,-16.807],[179.266,-16.69],[178.734,-17.007],[178.479,-16.766],[178.534,-16.629],[178.801,-16.636],[178.917,-16.471],[180.0,-16.149]]],[[[-178.589,-19.123],[-178.582,-19.137],[-178.566,-19.151],[-178.589,-19.123]]],[[[-178.972,-18.965],[-178.969,-18.943],[-178.958,-18.928],[-178.972,-18.965]]],[[[-179.863,-18.966],[-179.863,-18.965],[-179.85,-18.923],[-179.863,-18.966]]],[[[-178.767,-18.191],[-178.749,-18.203],[-178.746,-18.222],[-178.767,-18.191]]],[[[-179.05,-17.956],[-179.032,-17.966],[-179.028,-17.99],[-179.05,-17.956]]],[[[-178.293,-17.883],[-178.281,-17.889],[-178.263,-17.901],[-178.293,-17.883]]],[[[-178.911,-17.215],[-178.986,-17.314],[-179.02,-17.149],[-178.911,-17.215]]],[[[179.778,-19.123],[179.789,-19.13],[179.794,-19.148],[179.778,-19.123]]],[[[178.498,-18.997],[178.195,-19.047],[178.179,-19.157],[177.951,-19.13],[178.345,-18.925],[178.498,-18.997]]],[[[178.527,-18.877],[178.535,-18.885],[178.538,-18.892],[178.527,-18.877]]],[[[179.952,-18.569],[179.883,-18.663],[179.831,-18.589],[179.952,-18.569]]],[[[177.649,-18.493],[177.654,-18.504],[177.656,-18.517],[177.649,-18.493]]],[[[178.122,-18.369],[178.128,-18.352],[178.139,-18.349],[178.122,-18.369]]],[[[179.345,-17.999],[179.361,-18.026],[179.363,-18.08],[179.345,-17.999]]],[[[179.431,-17.794],[179.431,-17.799],[179.429,-17.801],[179.431,-17.794]]],[[[178.726,-17.725],[178.742,-17.75],[178.763,-17.762],[178.726,-17.725]]],[[[178.776,-17.629],[178.783,-17.623],[178.798,-17.619],[178.776,-17.629]]],[[[179.005,-17.621],[178.997,-17.608],[178.999,-17.597],[179.005,-17.621]]],[[[178.711,-17.992],[178.589,-18.136],[177.894,-18.273],[177.336,-18.106],[177.252,-17.952],[177.515,-17.505],[178.19,-17.301],[178.245,-17.471],[178.591,-17.631],[178.595,-17.926],[178.711,-17.992]]],[[[177.094,-17.245],[177.12,-17.255],[177.133,-17.254],[177.094,-17.245]]],[[[179.452,-17.29],[179.391,-17.396],[179.369,-17.287],[179.452,-17.29]]],[[[177.272,-17.081],[177.276,-17.074],[177.286,-17.047],[177.272,-17.081]]],[[[177.444,-16.868],[177.413,-16.891],[177.404,-16.903],[177.444,-16.868]]],[[[178.334,-16.793],[178.33,-16.814],[178.336,-16.825],[178.334,-16.793]]],[[[177.561,-16.677],[177.58,-16.678],[177.591,-16.686],[177.561,-16.677]]],[[[179.917,-16.656],[179.883,-16.656],[179.9,-16.65],[179.917,-16.656]]],[[[178.588,-16.573],[178.597,-16.578],[178.605,-16.58],[178.588,-16.573]]],[[[179.362,-16.327],[179.377,-16.329],[179.39,-16.334],[179.362,-16.327]]],[[[177.125,-12.486],[177.129,-12.502],[177.114,-12.511],[177.125,-12.486]]],[[[174.616,-21.711],[174.597,-21.698],[174.589,-21.682],[174.616,-21.711]]],[[[-178.719,-20.671],[-178.727,-20.665],[-178.731,-20.658],[-178.719,-20.671]]],[[[-178.227,-19.84],[-178.231,-19.835],[-178.229,-19.829],[-178.224,-19.822],[-178.216,-19.815],[-178.218,-19.822],[-178.22,-19.828],[-178.227,-19.84]]],[[[-178.42,-19.167],[-178.401,-19.133],[-178.393,-19.128],[-178.42,-19.167]]],[[[-178.9,-18.877],[-178.907,-18.882],[-178.915,-18.884],[-178.9,-18.877]]],[[[-178.507,-18.665],[-178.516,-18.65],[-178.511,-18.638],[-178.507,-18.665]]],[[[-179.323,-17.77],[-179.336,-17.758],[-179.334,-17.74],[-179.323,-17.77]]],[[[-179.157,-17.471],[-179.173,-17.458],[-179.175,-17.44],[-179.157,-17.471]]],[[[-179.157,-17.273],[-179.157,-17.254],[-179.146,-17.248],[-179.157,-17.273]]]]}},{"type":"Feature","properties":{"iso3":"NZL","name":"New Zealand"},"geometry":{"type":"MultiPolygon","coordinates":[[[[166.137,-50.864],[166.205,-50.876],[166.226,-50.885],[166.137,-50.864]]],[[[169.25,-52.52],[169.26,-52.544],[169.262,-52.555],[169.25,-52.52]]],[[[165.886,-50.795],[166.096,-50.536],[166.302,-50.577],[166.123,-50.7],[166.224,-50.86],[165.886,-50.795]]],[[[178.839,-49.629],[178.844,-49.646],[178.839,-49.663],[178.839,-49.629]]],[[[-176.114,-44.265],[-176.219,-44.341],[-176.236,-44.242],[-176.114,-44.265]]],[[[-176.855,-43.82],[-176.581,-43.703],[-176.169,-43.731],[-176.392,-43.91],[-176.372,-43.766],[-176.535,-43.756],[-176.3,-44.043],[-176.519,-44.123],[-176.664,-44.019],[-176.516,-43.922],[-176.566,-43.838],[-176.855,-43.82]]],[[[-177.91,-29.279],[-177.925,-29.284],[-177.927,-29.277],[-177.91,-29.279]]],[[[-171.191,-9.356],[-171.196,-9.351],[-171.2,-9.344],[-171.191,-9.356]]],[[[-172.486,-8.565],[-172.495,-8.555],[-172.503,-8.543],[-172.486,-8.565]]],[[[166.637,-47.994],[166.632,-48.0],[166.624,-48.021],[166.637,-47.994]]],[[[167.419,-47.233],[167.431,-47.219],[167.454,-47.207],[167.419,-47.233]]],[[[167.709,-46.784],[167.698,-46.792],[167.683,-46.795],[167.709,-46.784]]],[[[168.59,-46.732],[168.606,-46.755],[168.594,-46.775],[168.59,-46.732]]],[[[167.515,-47.254],[167.814,-46.911],[167.787,-46.697],[168.191,-46.877],[167.967,-46.973],[168.261,-46.999],[168.252,-47.088],[167.515,-47.254]]],[[[166.755,-45.69],[166.506,-45.725],[166.684,-45.616],[166.755,-45.69]]],[[[167.034,-45.3],[166.891,-45.236],[166.966,-45.15],[167.034,-45.3]]],[[[174.381,-41.106],[174.397,-41.108],[174.4,-41.116],[174.381,-41.106]]],[[[173.777,-40.863],[173.969,-40.723],[173.922,-40.867],[173.777,-40.863]]],[[[166.466,-45.93],[166.49,-45.808],[167.008,-45.719],[166.774,-45.719],[166.891,-45.65],[166.782,-45.594],[167.055,-45.492],[166.715,-45.576],[166.768,-45.41],[166.952,-45.437],[166.812,-45.334],[167.206,-45.479],[167.048,-45.327],[167.309,-45.313],[167.048,-45.27],[167.012,-45.133],[167.171,-45.185],[167.055,-45.102],[167.275,-45.094],[167.152,-45.008],[167.336,-45.037],[167.199,-44.964],[167.386,-44.842],[167.514,-44.993],[167.458,-44.789],[167.568,-44.882],[167.549,-44.734],[167.679,-44.765],[167.595,-44.698],[167.752,-44.603],[167.933,-44.697],[167.836,-44.505],[168.371,-44.039],[168.804,-43.997],[169.718,-43.574],[170.289,-43.107],[170.858,-42.843],[171.225,-42.451],[171.468,-41.766],[171.855,-41.665],[172.071,-41.414],[172.107,-40.887],[172.596,-40.528],[172.997,-40.524],[172.742,-40.521],[172.66,-40.648],[172.856,-40.844],[173.017,-40.797],[173.104,-41.308],[173.689,-41.1],[173.854,-40.926],[174.035,-40.934],[173.781,-41.011],[173.779,-41.108],[173.956,-41.059],[173.791,-41.291],[174.134,-41.175],[173.896,-41.192],[174.046,-41.093],[173.999,-40.969],[174.326,-41.009],[174.167,-41.116],[174.216,-41.189],[173.935,-41.28],[174.326,-41.216],[174.051,-41.437],[174.292,-41.73],[174.215,-41.857],[173.559,-42.491],[173.287,-42.954],[172.745,-43.265],[172.832,-43.602],[172.681,-43.639],[173.065,-43.648],[173.093,-43.854],[172.997,-43.889],[172.949,-43.751],[172.966,-43.905],[172.763,-43.793],[172.423,-43.855],[172.648,-43.783],[172.417,-43.737],[172.376,-43.864],[171.346,-44.279],[171.174,-44.547],[171.203,-44.906],[170.627,-45.706],[170.759,-45.777],[170.557,-45.896],[170.777,-45.78],[170.779,-45.876],[170.334,-45.982],[169.849,-46.468],[169.036,-46.682],[168.845,-46.56],[168.366,-46.54],[168.378,-46.62],[168.268,-46.526],[168.387,-46.441],[168.199,-46.342],[167.839,-46.393],[167.575,-46.157],[167.295,-46.274],[166.762,-46.22],[166.671,-46.154],[166.952,-45.944],[166.616,-46.088],[166.754,-45.869],[166.49,-46.013],[166.466,-45.93]]],[[[175.169,-36.741],[175.191,-36.731],[175.196,-36.734],[175.169,-36.741]]],[[[175.848,-36.625],[175.841,-36.627],[175.835,-36.629],[175.848,-36.625]]],[[[174.853,-36.392],[174.867,-36.385],[174.882,-36.39],[174.853,-36.392]]],[[[175.135,-36.176],[175.139,-36.182],[175.148,-36.191],[175.135,-36.176]]],[[[175.566,-36.31],[175.327,-36.2],[175.411,-36.066],[175.566,-36.31]]],[[[172.146,-34.145],[172.151,-34.144],[172.157,-34.144],[172.146,-34.145]]],[[[172.674,-34.48],[173.064,-34.398],[172.907,-34.541],[173.007,-34.651],[173.036,-34.552],[173.267,-35.008],[173.444,-34.796],[173.459,-34.981],[173.586,-35.015],[173.588,-34.928],[173.784,-35.008],[173.76,-35.097],[173.891,-35.001],[174.128,-35.136],[174.015,-35.217],[174.151,-35.37],[174.353,-35.199],[174.607,-35.844],[174.36,-35.713],[174.353,-35.842],[174.504,-35.83],[174.497,-35.988],[174.881,-36.351],[174.751,-36.354],[174.779,-36.487],[174.717,-36.412],[174.723,-36.594],[174.857,-36.611],[174.723,-36.631],[174.819,-36.824],[174.621,-36.796],[174.68,-36.907],[174.876,-36.851],[174.891,-36.958],[174.935,-36.837],[174.963,-36.934],[175.241,-36.942],[175.367,-37.207],[175.61,-37.252],[175.436,-36.865],[175.498,-36.631],[175.354,-36.491],[175.532,-36.508],[175.628,-36.764],[175.852,-36.718],[175.714,-36.875],[175.851,-36.841],[175.975,-37.47],[176.169,-37.625],[175.943,-37.522],[176.002,-37.636],[176.214,-37.719],[176.217,-37.618],[177.146,-38.024],[177.557,-37.914],[177.992,-37.543],[178.566,-37.701],[178.352,-38.002],[178.3,-38.532],[177.932,-38.702],[177.883,-39.086],[177.999,-39.13],[177.912,-39.256],[177.852,-39.089],[177.413,-39.059],[177.053,-39.212],[176.903,-39.431],[176.961,-39.624],[177.115,-39.681],[175.967,-41.247],[175.237,-41.62],[175.182,-41.418],[174.866,-41.42],[174.89,-41.225],[174.646,-41.32],[175.141,-40.674],[175.184,-40.134],[174.967,-39.916],[173.851,-39.464],[173.759,-39.301],[173.853,-39.134],[174.594,-38.819],[174.71,-38.105],[174.943,-38.097],[174.792,-38.085],[174.888,-37.967],[174.788,-37.985],[174.792,-37.872],[174.977,-37.75],[174.85,-37.765],[174.718,-37.412],[174.838,-37.299],[174.706,-37.348],[174.558,-37.063],[174.74,-37.244],[174.805,-37.166],[174.717,-37.153],[174.948,-37.102],[174.833,-36.943],[174.5,-37.032],[174.182,-36.453],[174.431,-36.666],[174.466,-36.373],[174.271,-36.338],[174.525,-36.241],[174.305,-36.282],[174.394,-36.124],[174.333,-36.228],[174.182,-36.145],[174.261,-36.268],[174.075,-36.168],[173.908,-35.87],[174.203,-36.348],[174.08,-36.4],[173.407,-35.571],[173.661,-35.313],[173.565,-35.275],[173.37,-35.517],[173.318,-35.302],[173.249,-35.371],[173.093,-35.207],[173.157,-34.945],[172.674,-34.48]]]]}},{"type":"Feature","properties":{"iso3":"MDG","name":"Madagascar"},"geometry":{"type":"MultiPolygon","coordinates":[[[[50.504,-15.316],[50.23,-15.971],[50.039,-15.859],[49.901,-15.422],[49.638,-15.545],[49.69,-16.087],[49.85,-16.241],[49.725,-16.754],[49.84,-16.828],[49.608,-16.897],[49.431,-17.284],[49.441,-18.154],[47.126,-24.934],[45.492,-25.574],[45.146,-25.595],[44.767,-25.314],[44.351,-25.247],[44.296,-25.153],[44.405,-25.188],[44.029,-24.999],[43.918,-24.619],[43.673,-24.335],[43.625,-23.762],[43.761,-23.464],[43.361,-22.843],[43.223,-22.255],[43.507,-21.31],[43.813,-21.224],[43.902,-20.883],[44.474,-19.986],[44.371,-19.774],[44.48,-19.484],[44.234,-19.089],[43.924,-17.578],[44.431,-16.7],[44.445,-16.196],[44.868,-16.221],[45.266,-15.924],[45.298,-16.112],[45.379,-15.974],[45.57,-15.943],[45.605,-16.052],[45.661,-15.804],[46.066,-15.862],[46.144,-15.704],[46.331,-15.977],[46.469,-15.957],[46.299,-15.816],[46.333,-15.63],[46.949,-15.198],[47.075,-15.324],[46.958,-15.55],[47.232,-15.433],[47.056,-15.194],[47.445,-14.672],[47.428,-15.108],[47.797,-14.566],[48.0,-14.762],[48.013,-14.63],[47.753,-14.601],[47.702,-14.446],[47.791,-14.223],[47.944,-14.233],[47.92,-14.086],[47.983,-14.325],[48.034,-14.262],[47.904,-13.603],[48.068,-13.517],[48.299,-13.798],[48.333,-13.546],[48.534,-13.521],[48.482,-13.36],[48.78,-13.384],[48.955,-12.812],[48.73,-12.435],[48.946,-12.48],[49.26,-11.944],[49.373,-12.198],[49.23,-12.222],[49.539,-12.378],[49.655,-12.805],[49.744,-12.743],[49.942,-13.034],[50.143,-13.783],[50.21,-14.751],[50.504,-15.316]]],[[[49.956,-16.78],[49.959,-16.765],[49.961,-16.75],[49.956,-16.78]]],[[[48.366,-13.401],[48.216,-13.395],[48.189,-13.264],[48.318,-13.2],[48.366,-13.401]]]]}},{"type":"Feature","properties":{"iso3":"PHL","name":"Philippines"},"geometry":{"type":"MultiPolygon","coordinates":[[[[120.861,5.574],[120.873,5.572],[120.89,5.558],[120.861,5.574]]],[[[121.902,6.034],[121.929,6.045],[121.94,6.046],[121.902,6.034]]],[[[125.794,6.94],[125.672,7.082],[125.724,7.193],[125.794,6.94]]],[[[122.972,7.384],[122.827,7.291],[122.794,7.384],[122.972,7.384]]],[[[121.252,9.631],[121.257,9.627],[121.257,9.624],[121.252,9.631]]],[[[126.001,9.677],[125.916,9.619],[125.935,9.76],[126.001,9.677]]],[[[126.618,7.277],[126.452,6.984],[126.324,6.978],[126.34,6.787],[126.172,6.904],[126.2,6.283],[125.853,7.336],[125.668,7.257],[125.378,6.674],[125.59,6.499],[125.699,6.04],[125.371,5.573],[125.181,5.798],[125.251,6.093],[124.964,5.859],[124.202,6.222],[123.965,6.832],[124.247,7.404],[123.704,7.809],[123.445,7.801],[123.486,7.664],[123.354,7.572],[123.431,7.369],[123.141,7.513],[123.118,7.741],[123.007,7.472],[122.807,7.466],[122.815,7.743],[122.651,7.786],[122.36,7.473],[122.124,6.9],[121.937,6.979],[121.898,7.14],[122.252,7.98],[122.945,8.162],[123.042,8.49],[123.318,8.534],[123.397,8.723],[123.759,8.607],[123.845,8.452],[123.883,8.164],[123.676,7.963],[124.232,8.213],[124.406,8.608],[124.636,8.432],[124.753,8.5],[124.809,9.009],[125.106,8.83],[125.209,9.086],[125.517,9.016],[125.459,9.823],[125.973,9.48],[125.911,9.405],[126.058,9.246],[126.22,9.306],[126.179,9.093],[126.345,8.853],[126.111,8.607],[126.405,8.493],[126.383,7.886],[126.583,7.719],[126.618,7.277]]],[[[125.295,9.971],[125.306,9.937],[125.305,9.933],[125.295,9.971]]],[[[124.39,10.641],[124.284,10.604],[124.341,10.712],[124.39,10.641]]],[[[124.466,10.714],[124.504,10.693],[124.521,10.666],[124.466,10.714]]],[[[125.822,10.735],[125.832,10.72],[125.827,10.709],[125.822,10.735]]],[[[119.632,11.07],[119.64,11.058],[119.646,11.044],[119.632,11.07]]],[[[119.613,11.2],[119.628,11.19],[119.632,11.182],[119.613,11.2]]],[[[124.625,11.533],[124.473,11.474],[124.349,11.68],[124.523,11.686],[124.625,11.533]]],[[[124.815,11.632],[124.822,11.621],[124.829,11.613],[124.815,11.632]]],[[[124.188,13.04],[124.095,12.557],[123.983,12.547],[123.794,12.831],[124.025,12.955],[123.725,12.845],[123.31,13.012],[123.169,13.449],[122.537,13.961],[122.413,13.948],[122.673,13.379],[122.588,13.174],[122.369,13.55],[121.725,13.969],[121.279,13.595],[121.039,13.633],[121.004,13.781],[120.887,13.694],[120.877,13.912],[120.705,13.927],[120.65,13.784],[120.573,14.175],[120.98,14.557],[120.586,14.903],[120.598,14.506],[120.467,14.421],[120.253,14.699],[120.292,14.826],[120.08,14.804],[119.756,16.203],[119.892,16.387],[120.119,16.056],[120.367,16.066],[120.276,16.612],[120.444,17.388],[120.334,17.556],[120.591,18.522],[121.107,18.643],[121.917,18.279],[122.235,18.515],[122.325,18.337],[122.17,18.1],[122.157,17.619],[122.529,17.091],[122.204,16.237],[121.998,16.031],[122.135,16.261],[121.578,15.932],[121.629,15.661],[121.382,15.353],[121.725,14.731],[121.608,14.63],[121.732,14.188],[122.232,13.906],[122.183,13.989],[122.314,14.016],[122.163,14.168],[122.252,14.25],[122.3,14.092],[122.416,14.325],[122.753,14.332],[123.042,14.098],[123.108,13.722],[123.302,13.789],[123.335,13.982],[123.218,13.993],[123.332,14.1],[123.417,13.906],[123.712,13.934],[123.973,13.729],[123.588,13.729],[123.528,13.627],[123.856,13.229],[123.746,13.064],[123.883,13.146],[124.188,13.04]]],[[[120.253,5.252],[120.217,5.115],[120.121,5.218],[119.954,5.076],[119.813,5.123],[120.199,5.35],[120.253,5.252]]],[[[120.588,6.381],[120.595,6.376],[120.6,6.368],[120.588,6.381]]],[[[122.335,6.603],[121.962,6.405],[121.807,6.619],[122.067,6.741],[122.335,6.603]]],[[[118.538,7.006],[118.521,7.013],[118.52,7.003],[118.538,7.006]]],[[[117.092,8.012],[117.026,7.798],[116.955,7.926],[116.962,8.062],[117.092,8.012]]],[[[117.031,8.068],[117.021,8.078],[117.015,8.088],[117.031,8.068]]],[[[117.168,8.178],[117.19,8.177],[117.205,8.167],[117.168,8.178]]],[[[117.325,8.323],[117.355,8.303],[117.355,8.275],[117.325,8.323]]],[[[117.243,8.315],[117.253,8.322],[117.261,8.321],[117.243,8.315]]],[[[124.808,9.157],[124.77,9.077],[124.636,9.182],[124.808,9.157]]],[[[123.722,9.149],[123.471,9.185],[123.642,9.294],[123.722,9.149]]],[[[126.18,9.802],[125.966,9.85],[126.071,10.059],[126.18,9.802]]],[[[124.624,9.802],[124.26,9.604],[123.892,9.632],[123.801,9.758],[124.159,10.131],[124.331,10.162],[124.589,10.024],[124.624,9.802]]],[[[125.722,9.894],[125.494,10.144],[125.65,10.462],[125.722,9.894]]],[[[120.011,10.565],[119.806,10.446],[119.753,10.54],[119.85,10.645],[120.011,10.565]]],[[[122.738,10.694],[122.634,10.444],[122.482,10.503],[122.67,10.762],[122.738,10.694]]],[[[123.576,10.826],[123.157,9.868],[123.136,9.553],[123.328,9.303],[123.23,9.108],[122.99,9.049],[122.869,9.323],[122.423,9.658],[122.395,9.837],[122.475,9.974],[122.873,10.1],[122.815,10.515],[122.994,10.907],[123.26,10.995],[123.576,10.826]]],[[[123.314,9.486],[123.387,9.974],[124.075,11.269],[124.019,10.381],[123.719,10.157],[123.48,9.549],[123.342,9.407],[123.314,9.486]]],[[[123.801,11.179],[123.812,11.165],[123.818,11.155],[123.801,11.179]]],[[[119.725,10.519],[119.356,10.329],[119.196,10.056],[118.774,9.934],[118.756,9.668],[118.498,9.314],[117.188,8.367],[117.656,9.058],[118.134,9.343],[119.002,10.398],[119.278,10.508],[119.345,10.724],[119.223,10.942],[119.468,10.733],[119.32,11.001],[119.491,11.421],[119.505,10.885],[119.725,10.519]]],[[[119.876,11.48],[119.833,11.378],[119.716,11.46],[119.876,11.48]]],[[[125.276,10.3],[125.151,10.185],[124.991,10.381],[125.032,10.02],[124.78,10.152],[124.779,10.821],[124.622,11.002],[124.514,10.874],[124.396,10.934],[124.298,11.527],[124.63,11.304],[124.976,11.392],[125.014,10.755],[125.194,10.603],[125.276,10.3]]],[[[123.175,11.467],[123.131,11.183],[122.789,10.976],[122.745,10.796],[121.95,10.433],[122.107,11.658],[121.854,11.769],[121.964,11.934],[122.622,11.509],[122.83,11.605],[122.901,11.438],[123.164,11.598],[123.175,11.467]]],[[[120.083,11.86],[119.967,11.664],[119.854,11.954],[120.083,11.86]]],[[[120.353,12.016],[120.108,11.967],[119.848,12.167],[119.909,12.324],[120.196,12.112],[120.23,12.219],[120.353,12.016]]],[[[122.688,12.403],[122.612,12.277],[122.423,12.463],[122.688,12.403]]],[[[125.78,11.052],[125.564,11.157],[125.247,11.092],[125.172,11.265],[125.001,11.29],[125.007,11.426],[124.828,11.509],[125.044,11.758],[124.493,12.098],[124.274,12.547],[125.272,12.499],[125.315,12.296],[125.538,12.183],[125.444,11.928],[125.466,11.612],[125.638,11.368],[125.555,11.212],[125.78,11.052]]],[[[124.073,11.744],[123.485,12.218],[123.15,11.93],[123.295,12.217],[123.242,12.595],[123.326,12.438],[123.434,12.519],[123.89,12.208],[124.073,11.744]]],[[[122.28,12.605],[122.297,12.574],[122.311,12.537],[122.28,12.605]]],[[[122.156,12.632],[122.019,12.105],[121.921,12.303],[121.996,12.593],[122.156,12.632]]],[[[123.795,12.343],[123.58,12.633],[123.726,12.601],[123.795,12.343]]],[[[123.376,12.694],[122.944,13.1],[123.04,13.128],[123.376,12.694]]],[[[120.307,13.444],[120.977,13.53],[121.553,13.111],[121.546,12.611],[121.396,12.29],[121.23,12.214],[120.916,12.512],[120.665,13.156],[120.307,13.444]]],[[[122.129,13.386],[121.993,13.202],[121.814,13.352],[121.873,13.569],[122.129,13.386]]],[[[120.261,13.712],[120.269,13.707],[120.277,13.706],[120.261,13.712]]],[[[124.418,13.873],[124.335,13.558],[124.188,13.523],[124.026,13.67],[124.137,14.078],[124.418,13.873]]],[[[122.105,14.103],[122.15,14.073],[122.173,14.054],[122.105,14.103]]],[[[122.235,14.798],[122.248,14.788],[122.257,14.767],[122.235,14.798]]],[[[122.058,14.983],[121.94,14.64],[121.818,14.946],[121.844,15.045],[122.058,14.983]]],[[[121.388,18.903],[121.417,18.908],[121.43,18.906],[121.388,18.903]]],[[[121.991,18.961],[121.834,18.834],[121.902,19.005],[121.991,18.961]]],[[[121.259,19.046],[121.19,19.087],[121.211,19.177],[121.259,19.046]]],[[[121.547,19.283],[121.35,19.37],[121.517,19.394],[121.547,19.283]]],[[[121.977,19.577],[121.983,19.575],[121.991,19.571],[121.977,19.577]]],[[[121.842,20.346],[121.859,20.347],[121.879,20.333],[121.842,20.346]]],[[[122.01,20.488],[122.019,20.486],[122.028,20.481],[122.01,20.488]]],[[[121.877,20.77],[121.868,20.744],[121.852,20.719],[121.877,20.77]]],[[[119.504,4.783],[119.457,4.656],[119.435,4.903],[119.504,4.783]]],[[[121.217,5.821],[121.23,5.816],[121.235,5.811],[121.217,5.821]]],[[[121.429,5.97],[121.292,5.859],[120.872,5.961],[121.042,6.097],[121.429,5.97]]],[[[121.629,6.657],[121.629,6.589],[121.623,6.568],[121.629,6.657]]],[[[121.094,10.896],[121.094,10.873],[121.081,10.842],[121.094,10.896]]],[[[120.285,11.93],[120.268,11.816],[120.203,11.948],[120.285,11.93]]],[[[121.406,12.062],[121.413,12.047],[121.417,12.03],[121.406,12.062]]],[[[119.96,8.881],[119.961,8.877],[119.958,8.877],[119.96,8.881]]],[[[119.969,8.881],[119.968,8.884],[119.972,8.882],[119.971,8.881],[119.969,8.881]]],[[[119.965,8.887],[119.966,8.887],[119.966,8.886],[119.965,8.887]]],[[[119.968,8.892],[119.968,8.892],[119.969,8.89],[119.968,8.892]]],[[[121.724,12.914],[121.72,12.913],[121.717,12.911],[121.724,12.914]]],[[[121.089,13.53],[121.072,13.536],[121.043,13.561],[121.089,13.53]]],[[[121.937,21.066],[121.93,21.065],[121.935,21.073],[121.937,21.066]]],[[[121.947,21.116],[121.951,21.122],[121.954,21.118],[121.949,21.107],[121.947,21.116]]],[[[119.831,4.821],[119.854,4.808],[119.858,4.799],[119.85,4.797],[119.834,4.797],[119.819,4.804],[119.812,4.817],[119.831,4.821]]],[[[119.837,4.863],[119.821,4.863],[119.799,4.88],[119.837,4.863]]],[[[119.797,5.058],[119.792,5.056],[119.79,5.053],[119.797,5.058]]],[[[125.419,5.425],[125.422,5.42],[125.425,5.407],[125.419,5.425]]],[[[120.86,5.704],[120.879,5.694],[120.883,5.685],[120.86,5.704]]],[[[120.904,5.759],[120.916,5.753],[120.929,5.733],[120.924,5.712],[120.91,5.7],[120.891,5.71],[120.892,5.741],[120.904,5.759]]],[[[123.841,9.642],[123.861,9.63],[123.868,9.621],[123.841,9.642]]],[[[124.607,10.14],[124.596,10.124],[124.595,10.109],[124.607,10.14]]],[[[121.474,11.867],[121.511,11.856],[121.526,11.847],[121.474,11.867]]],[[[124.206,12.081],[124.228,12.074],[124.229,12.064],[124.206,12.081]]],[[[121.116,12.197],[121.128,12.175],[121.131,12.164],[121.116,12.197]]],[[[124.169,12.398],[124.149,12.415],[124.137,12.438],[124.169,12.398]]],[[[124.149,13.186],[124.136,13.189],[124.114,13.189],[124.149,13.186]]],[[[124.086,13.26],[124.073,13.254],[124.068,13.251],[124.086,13.26]]],[[[123.837,13.345],[123.922,13.33],[123.874,13.23],[123.837,13.345]]],[[[123.802,13.366],[123.775,13.392],[123.772,13.404],[123.802,13.366]]],[[[122.412,14.726],[122.418,14.72],[122.42,14.705],[122.412,14.726]]],[[[120.005,16.269],[120.011,16.255],[120.012,16.242],[120.005,16.269]]],[[[123.992,10.324],[124.009,10.312],[124.021,10.317],[123.992,10.324]]]]}},{"type":"Feature","properties":{"iso3":"LKA","name":"Sri Lanka"},"geometry":{"type":"MultiPolygon","coordinates":[[[[81.89,7.02],[81.681,6.462],[81.362,6.225],[80.591,5.924],[80.204,6.026],[79.863,6.807],[79.697,8.098],[79.779,8.35],[79.732,8.013],[79.834,8.003],[79.916,8.939],[80.106,9.193],[80.053,9.392],[80.197,9.473],[80.053,9.596],[80.615,9.446],[79.91,9.768],[80.122,9.819],[80.444,9.576],[80.139,9.799],[80.247,9.826],[80.824,9.27],[80.915,8.944],[81.232,8.651],[81.134,8.501],[81.366,8.482],[81.396,8.137],[81.856,7.412],[81.89,7.02]]],[[[81.739,7.66],[81.737,7.671],[81.733,7.679],[81.739,7.66]]],[[[79.714,9.076],[79.703,9.08],[79.698,9.09],[79.714,9.076]]],[[[79.731,9.5],[79.723,9.493],[79.715,9.485],[79.731,9.5]]],[[[79.896,9.617],[79.88,9.629],[79.865,9.652],[79.896,9.617]]]]}},{"type":"Feature","properties":{"iso3":"BHS","name":"The Bahamas"},"geometry":{"type":"MultiPolygon","coordinates":[[[[-73.076,21.507],[-72.91,21.505],[-73.053,21.425],[-73.076,21.507]]],[[[-73.166,22.374],[-73.132,22.46],[-72.746,22.331],[-73.166,22.374]]],[[[-73.469,22.588],[-73.475,22.586],[-73.517,22.598],[-73.469,22.588]]],[[[-73.005,21.314],[-73.151,20.982],[-73.645,20.912],[-73.703,21.02],[-73.515,21.187],[-73.255,21.135],[-73.005,21.314]]],[[[-74.284,22.672],[-74.289,22.644],[-74.318,22.602],[-74.284,22.672]]],[[[-73.831,22.541],[-74.278,22.181],[-73.88,22.503],[-74.016,22.685],[-73.852,22.733],[-73.831,22.541]]],[[[-74.352,22.823],[-74.016,22.72],[-74.278,22.693],[-74.352,22.823]]],[[[-73.666,23.09],[-73.755,23.073],[-73.797,23.074],[-73.817,23.104],[-73.742,23.097],[-73.686,23.102],[-73.666,23.097],[-73.666,23.09]]],[[[-75.654,23.459],[-75.62,23.457],[-75.577,23.446],[-75.654,23.459]]],[[[-75.661,23.453],[-76.037,23.597],[-75.99,23.686],[-75.661,23.453]]],[[[-74.832,22.875],[-75.23,23.171],[-75.068,23.117],[-75.353,23.624],[-74.832,22.875]]],[[[-74.9,23.706],[-74.85,23.72],[-74.812,23.72],[-74.9,23.706]]],[[[-76.325,23.974],[-76.34,23.988],[-76.359,24.024],[-76.325,23.974]]],[[[-74.558,23.954],[-74.519,24.115],[-74.427,24.083],[-74.558,23.954]]],[[[-77.881,24.186],[-77.894,24.178],[-77.945,24.154],[-77.881,24.186]]],[[[-77.922,24.262],[-77.936,24.262],[-77.943,24.253],[-77.922,24.262]]],[[[-76.463,24.214],[-76.482,24.214],[-76.493,24.219],[-76.463,24.214]]],[[[-77.517,23.919],[-77.566,23.741],[-77.778,23.747],[-77.576,23.847],[-77.72,23.785],[-77.661,23.885],[-77.799,23.857],[-77.942,24.097],[-77.675,24.303],[-77.744,24.035],[-77.608,24.218],[-77.601,23.905],[-77.517,23.919]]],[[[-77.768,24.327],[-77.787,24.315],[-77.8,24.317],[-77.768,24.327]]],[[[-75.29,24.145],[-75.51,24.142],[-75.41,24.273],[-75.758,24.668],[-75.626,24.645],[-75.29,24.145]]],[[[-77.48,24.991],[-77.495,24.999],[-77.514,25.001],[-77.48,24.991]]],[[[-77.719,24.5],[-78.027,24.273],[-78.134,24.502],[-78.443,24.624],[-78.311,24.71],[-78.326,24.585],[-78.197,24.604],[-78.304,24.728],[-78.158,25.0],[-78.214,25.185],[-78.045,25.183],[-77.719,24.5]]],[[[-76.113,25.115],[-76.161,24.645],[-76.336,24.815],[-76.182,24.849],[-76.165,25.13],[-76.372,25.322],[-76.784,25.426],[-76.675,25.557],[-76.113,25.115]]],[[[-77.819,25.708],[-77.831,25.709],[-77.844,25.722],[-77.819,25.708]]],[[[-77.538,26.307],[-77.542,26.299],[-77.573,26.269],[-77.538,26.307]]],[[[-78.998,26.701],[-78.714,26.571],[-78.594,26.811],[-78.32,26.687],[-77.915,26.776],[-77.902,26.662],[-78.686,26.492],[-78.998,26.701]]],[[[-77.963,26.893],[-77.554,26.898],[-77.059,26.529],[-77.015,26.316],[-77.165,26.245],[-77.253,25.898],[-77.408,26.03],[-77.223,26.146],[-77.161,26.564],[-77.534,26.863],[-77.963,26.893]]],[[[-79.514,23.496],[-79.518,23.494],[-79.537,23.506],[-79.538,23.51],[-79.514,23.496]]],[[[-79.563,23.547],[-79.553,23.534],[-79.555,23.533],[-79.594,23.575],[-79.589,23.571],[-79.563,23.547]]],[[[-79.269,25.539],[-79.267,25.538],[-79.262,25.528],[-79.264,25.529],[-79.269,25.539]]],[[[-79.289,25.559],[-79.288,25.563],[-79.279,25.552],[-79.28,25.548],[-79.289,25.559]]],[[[-75.722,22.203],[-75.718,22.196],[-75.715,22.183],[-75.722,22.203]]],[[[-75.746,22.236],[-75.75,22.235],[-75.753,22.237],[-75.752,22.263],[-75.748,22.261],[-75.745,22.245],[-75.746,22.236]]],[[[-75.812,22.372],[-75.808,22.366],[-75.803,22.353],[-75.812,22.372]]],[[[-73.618,22.601],[-73.606,22.609],[-73.594,22.602],[-73.608,22.577],[-73.625,22.574],[-73.618,22.601]]],[[[-75.109,23.847],[-75.106,23.842],[-75.106,23.831],[-75.111,23.819],[-75.117,23.815],[-75.124,23.831],[-75.117,23.845],[-75.109,23.847]]],[[[-77.869,24.347],[-77.84,24.35],[-77.833,24.35],[-77.869,24.347]]],[[[-76.774,24.539],[-76.773,24.532],[-76.773,24.519],[-76.774,24.539]]],[[[-77.864,25.408],[-77.88,25.408],[-77.888,25.409],[-77.864,25.408]]],[[[-79.25,25.775],[-79.246,25.764],[-79.243,25.743],[-79.25,25.775]]],[[[-77.244,26.478],[-77.238,26.474],[-77.236,26.47],[-77.244,26.478]]],[[[-77.854,26.601],[-77.848,26.606],[-77.838,26.614],[-77.854,26.601]]],[[[-76.77,25.551],[-76.758,25.549],[-76.746,25.545],[-76.75,25.54],[-76.761,25.54],[-76.787,25.542],[-76.781,25.548],[-76.77,25.551]]],[[[-76.829,25.532],[-76.818,25.532],[-76.809,25.529],[-76.829,25.532]]]]}},{"type":"Feature","properties":{"iso3":"JPN","name":"Japan"},"geometry":{"type":"MultiPolygon","coordinates":[[[[129.783,31.8],[129.791,31.784],[129.799,31.764],[129.783,31.8]]],[[[129.552,33.226],[129.673,33.399],[129.852,33.28],[129.853,33.553],[130.017,33.446],[130.208,33.665],[130.391,33.605],[130.289,33.682],[130.489,33.855],[131.007,33.966],[130.962,33.816],[131.103,33.624],[131.667,33.667],[131.737,33.485],[131.51,33.273],[131.903,33.266],[131.81,33.128],[132.084,32.933],[131.682,32.535],[131.338,31.373],[131.072,31.45],[131.014,31.363],[131.132,31.28],[130.658,31.003],[130.795,31.344],[130.591,31.586],[130.759,31.564],[130.776,31.71],[130.645,31.715],[130.529,31.513],[130.66,31.271],[130.586,31.155],[130.222,31.246],[130.119,31.409],[130.228,31.381],[130.334,31.562],[130.171,31.79],[130.18,32.093],[130.512,32.338],[130.668,32.649],[130.448,32.621],[130.611,32.785],[130.241,33.188],[130.105,32.876],[130.339,32.857],[130.361,32.688],[130.166,32.593],[130.208,32.752],[130.094,32.795],[129.74,32.568],[129.859,32.725],[129.638,32.927],[129.682,33.094],[129.794,32.875],[130.003,32.845],[129.946,33.016],[129.552,33.226]]],[[[134.751,33.835],[134.312,33.573],[134.177,33.236],[133.739,33.538],[133.292,33.365],[133.002,32.987],[133.002,32.712],[132.628,32.752],[132.709,32.909],[132.504,32.892],[132.382,33.02],[132.49,33.133],[132.395,33.204],[132.548,33.227],[132.379,33.319],[132.421,33.444],[132.011,33.349],[132.677,33.716],[132.898,34.123],[133.127,33.933],[133.511,33.965],[133.641,34.079],[133.558,34.259],[133.937,34.375],[134.647,34.239],[134.6,34.009],[134.751,33.835]]],[[[133.121,36.11],[133.135,36.09],[133.123,36.063],[133.121,36.11]]],[[[133.091,36.118],[133.093,36.123],[133.114,36.114],[133.093,36.11],[133.091,36.118]]],[[[133.074,36.128],[133.088,36.127],[133.088,36.118],[133.074,36.128]]],[[[130.862,34.113],[130.9,34.355],[131.034,34.382],[130.959,34.427],[131.414,34.424],[131.597,34.66],[131.858,34.715],[132.639,35.295],[132.635,35.441],[133.091,35.601],[133.4,35.454],[135.227,35.772],[135.306,35.672],[135.188,35.545],[135.319,35.447],[135.463,35.603],[135.53,35.493],[135.834,35.534],[135.812,35.643],[135.981,35.63],[136.02,35.765],[136.069,35.662],[135.963,36.0],[136.69,36.731],[136.768,36.981],[136.674,37.175],[136.842,37.4],[137.351,37.506],[137.23,37.292],[136.951,37.234],[136.861,37.077],[137.047,37.099],[136.988,36.871],[137.197,36.758],[138.551,37.378],[138.858,37.828],[139.425,38.151],[139.493,38.454],[139.774,38.817],[140.059,39.727],[139.966,39.88],[139.76,39.858],[139.701,40.006],[139.822,39.961],[139.978,40.125],[140.024,40.355],[139.86,40.609],[140.271,40.812],[140.408,41.026],[140.248,41.123],[140.342,41.266],[140.633,41.194],[140.703,40.853],[140.889,41.011],[141.185,40.911],[141.206,41.265],[140.766,41.145],[140.914,41.547],[141.276,41.353],[141.464,41.426],[141.437,40.67],[141.83,40.251],[141.96,39.612],[142.07,39.55],[141.905,39.33],[141.913,39.098],[141.638,38.985],[141.674,38.852],[141.463,38.661],[141.525,38.268],[141.333,38.409],[141.098,38.372],[140.926,38.049],[141.008,37.134],[140.564,36.283],[140.869,35.697],[140.483,35.566],[140.378,35.176],[139.926,34.907],[139.753,34.976],[139.87,34.999],[139.781,35.318],[140.102,35.567],[139.95,35.673],[139.765,35.654],[139.788,35.513],[139.642,35.454],[139.685,35.14],[139.544,35.308],[139.146,35.235],[139.141,34.871],[138.835,34.596],[138.762,34.98],[138.908,35.031],[138.803,35.122],[138.554,35.096],[138.233,34.595],[137.547,34.677],[137.016,34.579],[137.341,34.727],[137.018,34.783],[136.979,34.924],[136.971,34.696],[136.856,34.74],[136.83,35.079],[136.52,34.681],[136.916,34.434],[136.896,34.267],[136.707,34.334],[136.337,34.184],[135.76,33.433],[135.059,33.88],[135.19,34.15],[135.061,34.267],[135.373,34.485],[135.341,34.709],[135.046,34.625],[134.491,34.787],[133.937,34.587],[134.046,34.582],[133.936,34.451],[133.501,34.492],[133.295,34.325],[133.247,34.426],[133.186,34.281],[133.076,34.26],[133.093,34.39],[132.656,34.199],[132.383,34.366],[132.056,33.777],[132.099,33.872],[131.741,34.056],[131.258,33.925],[131.036,34.048],[130.916,33.914],[130.862,34.113]]],[[[143.896,44.158],[143.912,44.152],[143.957,44.152],[143.896,44.158]]],[[[145.825,43.374],[145.014,42.989],[144.323,43.003],[143.886,42.844],[143.349,42.319],[143.242,41.928],[141.817,42.6],[141.428,42.564],[140.977,42.3],[140.734,42.564],[140.501,42.579],[140.292,42.26],[141.2,41.799],[141.006,41.712],[140.66,41.827],[140.209,41.401],[139.98,41.582],[140.145,41.983],[139.768,42.311],[139.877,42.663],[140.282,42.757],[140.521,42.996],[140.36,43.325],[141.169,43.141],[141.423,43.318],[141.337,43.713],[141.641,43.938],[141.796,44.642],[141.584,45.251],[141.666,45.45],[141.945,45.52],[142.981,44.586],[143.777,44.189],[143.728,44.113],[144.119,44.129],[144.153,44.02],[144.243,44.119],[144.379,43.956],[144.74,43.915],[145.341,44.346],[145.071,43.775],[145.394,43.305],[145.258,43.327],[145.517,43.229],[145.825,43.374]]],[[[123.936,24.341],[123.668,24.297],[123.777,24.42],[123.936,24.341]]],[[[123.003,24.474],[123.016,24.47],[123.018,24.459],[123.003,24.474]]],[[[124.332,24.571],[124.212,24.337],[124.078,24.428],[124.332,24.571]]],[[[141.358,24.79],[141.365,24.778],[141.357,24.773],[141.358,24.79]]],[[[125.453,24.745],[125.257,24.752],[125.26,24.885],[125.453,24.745]]],[[[131.255,25.875],[131.277,25.858],[131.271,25.854],[131.255,25.875]]],[[[126.81,26.352],[126.81,26.343],[126.807,26.333],[126.81,26.352]]],[[[142.193,26.646],[142.181,26.644],[142.176,26.639],[142.193,26.646]]],[[[128.338,26.797],[127.852,26.441],[127.92,26.31],[127.797,26.14],[127.652,26.084],[127.636,26.191],[127.723,26.43],[127.96,26.564],[127.878,26.695],[128.057,26.645],[128.255,26.886],[128.338,26.797]]],[[[142.193,27.092],[142.207,27.097],[142.221,27.098],[142.193,27.092]]],[[[128.701,27.455],[128.702,27.452],[128.703,27.451],[128.701,27.455]]],[[[129.03,27.773],[128.929,27.687],[128.879,27.825],[128.947,27.914],[129.03,27.773]]],[[[129.297,28.12],[129.326,28.123],[129.347,28.107],[129.297,28.12]]],[[[130.03,28.373],[130.031,28.357],[130.021,28.331],[130.03,28.373]]],[[[129.722,28.444],[129.376,28.12],[129.146,28.25],[129.722,28.444]]],[[[129.715,29.655],[129.746,29.661],[129.754,29.645],[129.744,29.622],[129.721,29.606],[129.713,29.629],[129.711,29.643],[129.715,29.655]]],[[[129.894,29.875],[129.897,29.847],[129.927,29.826],[129.894,29.875]]],[[[130.675,30.375],[130.486,30.226],[130.376,30.394],[130.499,30.468],[130.675,30.375]]],[[[131.088,30.783],[130.962,30.373],[130.849,30.461],[131.088,30.783]]],[[[130.153,32.204],[130.176,32.203],[130.187,32.196],[130.153,32.204]]],[[[130.469,32.512],[130.362,32.375],[130.213,32.437],[130.469,32.512]]],[[[130.208,32.373],[129.958,32.242],[130.064,32.307],[130.003,32.533],[130.16,32.546],[130.208,32.373]]],[[[128.901,32.647],[128.6,32.614],[128.651,32.775],[128.808,32.8],[128.901,32.647]]],[[[139.791,33.135],[139.813,33.124],[139.839,33.117],[139.791,33.135]]],[[[129.183,32.985],[129.065,32.818],[128.979,32.948],[129.108,33.167],[129.183,32.985]]],[[[129.556,33.411],[129.562,33.366],[129.556,33.353],[129.556,33.411]]],[[[132.244,33.793],[132.252,33.785],[132.274,33.772],[132.244,33.793]]],[[[129.8,33.751],[129.647,33.773],[129.689,33.871],[129.8,33.751]]],[[[132.186,33.921],[132.469,33.938],[132.374,33.842],[132.186,33.921]]],[[[139.487,34.061],[139.494,34.093],[139.523,34.112],[139.487,34.061]]],[[[132.455,34.088],[132.532,34.177],[132.581,34.1],[132.455,34.088]]],[[[132.999,34.208],[132.964,34.192],[132.955,34.198],[132.999,34.208]]],[[[129.347,34.287],[129.248,34.1],[129.17,34.147],[129.207,34.329],[129.347,34.287]]],[[[139.27,34.396],[139.28,34.403],[139.292,34.415],[139.27,34.396]]],[[[135.03,34.579],[134.903,34.419],[134.958,34.27],[134.729,34.191],[134.657,34.288],[135.03,34.579]]],[[[129.229,34.356],[129.323,34.648],[129.488,34.636],[129.401,34.338],[129.229,34.356]]],[[[139.418,34.781],[139.438,34.772],[139.45,34.757],[139.418,34.781]]],[[[133.012,36.015],[133.024,36.026],[133.045,36.02],[133.012,36.015]]],[[[133.382,36.258],[133.326,36.158],[133.188,36.216],[133.292,36.342],[133.382,36.258]]],[[[138.575,38.074],[138.487,37.892],[138.212,37.819],[138.343,37.967],[138.242,38.071],[138.478,38.32],[138.438,38.064],[138.575,38.074]]],[[[139.564,42.232],[139.455,42.052],[139.411,42.154],[139.564,42.232]]],[[[145.312,43.593],[145.344,43.576],[145.36,43.565],[145.312,43.593]]],[[[144.448,43.942],[144.455,43.942],[144.449,43.942],[144.448,43.942]]],[[[141.336,45.158],[141.131,45.17],[141.203,45.249],[141.336,45.158]]],[[[141.074,45.425],[141.036,45.265],[140.967,45.463],[141.074,45.425]]],[[[140.87,27.218],[140.868,27.234],[140.874,27.238],[140.878,27.233],[140.87,27.218]]],[[[127.81,26.735],[127.811,26.707],[127.786,26.703],[127.759,26.713],[127.755,26.729],[127.769,26.734],[127.796,26.732],[127.81,26.735]]],[[[127.995,27.092],[128.001,27.092],[127.993,27.067],[127.995,27.092]]],[[[130.22,30.472],[130.243,30.464],[130.262,30.447],[130.22,30.472]]],[[[134.367,34.554],[134.363,34.545],[134.366,34.536],[134.367,34.554]]],[[[141.453,24.222],[141.46,24.227],[141.47,24.226],[141.471,24.219],[141.468,24.214],[141.463,24.212],[141.456,24.216],[141.453,24.222]]],[[[153.973,24.29],[153.981,24.295],[153.986,24.291],[153.984,24.283],[153.978,24.282],[153.972,24.285],[153.973,24.29]]],[[[141.287,25.418],[141.275,25.427],[141.271,25.44],[141.287,25.418]]],[[[131.29,25.951],[131.302,25.953],[131.321,25.948],[131.29,25.951]]],[[[127.222,26.599],[127.233,26.601],[127.242,26.597],[127.222,26.599]]],[[[128.454,27.048],[128.455,27.029],[128.449,27.021],[128.454,27.048]]],[[[142.189,27.145],[142.184,27.158],[142.185,27.174],[142.189,27.145]]],[[[142.195,27.599],[142.179,27.612],[142.183,27.619],[142.193,27.616],[142.195,27.599]]],[[[142.081,27.717],[142.079,27.727],[142.082,27.73],[142.085,27.726],[142.081,27.717]]],[[[128.237,27.867],[128.239,27.861],[128.243,27.857],[128.242,27.845],[128.232,27.853],[128.23,27.869],[128.237,27.867]]],[[[129.592,29.45],[129.587,29.458],[129.591,29.468],[129.592,29.45]]],[[[129.528,29.902],[129.529,29.909],[129.535,29.91],[129.528,29.902]]],[[[129.944,29.965],[129.945,29.962],[129.948,29.959],[129.944,29.965]]],[[[140.308,30.491],[140.317,30.491],[140.326,30.485],[140.319,30.476],[140.306,30.474],[140.302,30.481],[140.301,30.486],[140.308,30.491]]],[[[129.428,30.846],[129.431,30.848],[129.434,30.845],[129.429,30.841],[129.428,30.846]]],[[[129.946,30.845],[129.958,30.837],[129.96,30.829],[129.946,30.845]]],[[[140.043,31.443],[140.044,31.445],[140.046,31.443],[140.043,31.443]]],[[[140.041,31.444],[140.041,31.446],[140.043,31.445],[140.042,31.443],[140.041,31.444]]],[[[139.756,32.452],[139.757,32.47],[139.774,32.441],[139.756,32.452]]],[[[139.299,33.65],[139.296,33.651],[139.299,33.651],[139.299,33.65]]],[[[139.623,33.886],[139.63,33.872],[139.629,33.866],[139.623,33.886]]],[[[139.373,41.522],[139.378,41.519],[139.382,41.514],[139.373,41.522]]],[[[153.966,24.309],[153.953,24.293],[153.941,24.311],[153.954,24.316],[153.966,24.309]]],[[[125.203,24.846],[125.211,24.837],[125.217,24.817],[125.203,24.846]]],[[[127.37,26.215],[127.371,26.21],[127.371,26.203],[127.37,26.215]]],[[[142.105,27.727],[142.109,27.73],[142.112,27.726],[142.107,27.717],[142.105,27.727]]],[[[129.933,31.868],[129.928,31.864],[129.928,31.86],[129.933,31.868]]],[[[130.244,32.302],[130.26,32.295],[130.266,32.287],[130.244,32.302]]],[[[130.447,32.597],[130.453,32.591],[130.454,32.58],[130.447,32.597]]],[[[132.562,32.742],[132.569,32.734],[132.572,32.725],[132.562,32.742]]],[[[128.9,32.818],[128.903,32.814],[128.909,32.801],[128.9,32.818]]],[[[128.953,32.874],[128.955,32.863],[128.958,32.841],[128.953,32.874]]],[[[129.028,32.9],[129.029,32.892],[129.03,32.889],[129.028,32.9]]],[[[129.136,33.3],[129.143,33.285],[129.15,33.277],[129.136,33.3]]],[[[129.556,33.494],[129.573,33.496],[129.576,33.488],[129.556,33.494]]],[[[132.641,34.014],[132.644,34.011],[132.644,34.001],[132.641,34.014]]],[[[133.094,34.174],[133.099,34.175],[133.102,34.171],[133.094,34.174]]],[[[132.739,34.197],[132.755,34.189],[132.761,34.177],[132.739,34.197]]],[[[132.921,34.277],[132.928,34.284],[132.932,34.275],[132.921,34.277]]],[[[132.338,34.304],[132.344,34.296],[132.345,34.287],[132.338,34.304]]],[[[133.716,34.396],[133.724,34.384],[133.726,34.371],[133.716,34.396]]],[[[135.205,34.43],[135.241,34.455],[135.257,34.436],[135.224,34.416],[135.211,34.422],[135.205,34.43]]],[[[134.049,34.474],[134.039,34.478],[134.037,34.481],[134.049,34.474]]],[[[136.892,34.497],[136.899,34.504],[136.909,34.502],[136.892,34.497]]],[[[136.89,34.531],[136.896,34.538],[136.91,34.54],[136.89,34.531]]],[[[136.798,34.876],[136.811,34.876],[136.824,34.862],[136.826,34.849],[136.815,34.846],[136.815,34.84],[136.808,34.839],[136.798,34.876]]],[[[137.048,37.152],[137.045,37.145],[137.044,37.137],[137.048,37.152]]],[[[123.606,25.739],[123.605,25.739],[123.6,25.739],[123.603,25.745],[123.606,25.739]]],[[[123.545,25.762],[123.529,25.762],[123.511,25.758],[123.514,25.769],[123.531,25.773],[123.537,25.773],[123.545,25.762]]],[[[123.673,25.929],[123.672,25.927],[123.672,25.93],[123.673,25.929]]]]}},{"type":"Feature","properties":{"iso3":"ISL","name":"Iceland"},"geometry":{"type":"MultiPolygon","coordinates":[[[[-13.503,65.081],[-13.647,64.987],[-14.233,65.035],[-13.698,64.925],[-14.055,64.933],[-13.767,64.854],[-14.048,64.72],[-14.514,64.802],[-14.274,64.651],[-14.493,64.658],[-14.409,64.61],[-14.584,64.59],[-14.346,64.606],[-14.929,64.265],[-15.473,64.398],[-15.398,64.274],[-16.796,63.802],[-16.967,63.788],[-16.969,63.92],[-17.006,63.798],[-17.715,63.781],[-17.967,63.676],[-17.797,63.671],[-17.965,63.523],[-18.783,63.398],[-20.186,63.544],[-20.551,63.712],[-20.311,63.733],[-20.411,63.836],[-20.578,63.714],[-20.77,63.774],[-20.606,63.768],[-20.686,63.863],[-20.818,63.781],[-21.189,63.891],[-21.045,63.946],[-22.691,63.812],[-22.702,64.086],[-22.518,63.979],[-22.041,64.051],[-21.915,64.124],[-22.045,64.158],[-21.703,64.192],[-21.929,64.234],[-21.755,64.345],[-21.442,64.364],[-22.1,64.315],[-21.86,64.391],[-22.045,64.405],[-21.975,64.504],[-21.497,64.57],[-21.682,64.617],[-21.511,64.651],[-22.165,64.46],[-22.443,64.666],[-22.189,64.74],[-22.402,64.676],[-22.32,64.754],[-22.408,64.823],[-23.834,64.726],[-24.06,64.891],[-23.169,65.02],[-23.107,64.918],[-22.718,65.076],[-22.58,64.98],[-21.826,65.035],[-21.734,65.194],[-22.558,65.169],[-21.695,65.453],[-22.114,65.529],[-22.254,65.434],[-22.387,65.492],[-22.107,65.597],[-22.479,65.508],[-22.546,65.634],[-22.656,65.528],[-22.759,65.63],[-22.732,65.502],[-22.953,65.61],[-23.898,65.405],[-24.54,65.508],[-24.303,65.638],[-23.807,65.535],[-24.087,65.651],[-23.807,65.61],[-24.093,65.805],[-23.562,65.614],[-23.285,65.679],[-23.539,65.723],[-23.19,65.782],[-23.729,65.774],[-23.867,65.876],[-23.21,65.843],[-23.813,66.011],[-23.375,65.988],[-23.67,66.117],[-23.395,66.098],[-23.601,66.145],[-23.461,66.204],[-23.028,66.109],[-23.059,65.967],[-22.929,66.049],[-22.819,65.912],[-22.683,66.056],[-22.577,65.973],[-22.648,65.834],[-22.539,65.974],[-22.422,65.926],[-22.47,65.837],[-22.361,65.912],[-22.484,66.029],[-22.381,66.098],[-22.978,66.234],[-22.368,66.275],[-23.19,66.355],[-22.864,66.431],[-22.95,66.467],[-22.431,66.465],[-22.217,66.268],[-21.75,66.186],[-21.668,66.022],[-21.549,66.098],[-21.331,66.009],[-21.607,65.961],[-21.302,65.936],[-21.477,65.769],[-21.332,65.741],[-21.778,65.769],[-21.401,65.624],[-21.483,65.563],[-21.321,65.602],[-21.477,65.447],[-21.212,65.438],[-21.09,65.166],[-21.099,65.445],[-20.915,65.343],[-20.918,65.601],[-20.675,65.694],[-20.476,65.495],[-20.531,65.577],[-20.388,65.529],[-20.27,65.665],[-20.408,66.091],[-20.092,66.131],[-19.456,65.729],[-19.438,66.067],[-18.827,66.203],[-18.218,65.868],[-18.064,65.645],[-18.297,66.18],[-17.913,66.152],[-17.55,65.912],[-17.495,65.988],[-17.611,65.994],[-17.413,65.961],[-17.146,66.221],[-16.923,66.111],[-16.426,66.145],[-16.564,66.495],[-16.023,66.537],[-15.707,66.396],[-15.699,66.234],[-15.38,66.15],[-14.925,66.385],[-14.564,66.385],[-14.991,66.286],[-14.952,66.193],[-15.179,66.111],[-14.617,65.998],[-14.844,65.735],[-14.329,65.782],[-14.395,65.722],[-14.274,65.673],[-14.562,65.501],[-14.248,65.665],[-13.616,65.519],[-13.671,65.378],[-13.836,65.364],[-13.73,65.327],[-14.007,65.282],[-13.568,65.261],[-14.034,65.2],[-13.627,65.2],[-13.747,65.137],[-13.52,65.172],[-13.503,65.081]]],[[[-17.751,63.718],[-17.744,63.712],[-17.743,63.703],[-17.751,63.718]]],[[[-18.009,66.564],[-17.984,66.551],[-17.976,66.548],[-17.98,66.539],[-18.0,66.533],[-18.017,66.545],[-18.02,66.561],[-18.009,66.564]]],[[[-20.262,63.445],[-20.258,63.441],[-20.253,63.43],[-20.262,63.445]]],[[[-18.38,66.012],[-18.371,66.007],[-18.357,65.993],[-18.38,66.012]]]]}},{"type":"Feature","properties":{"iso3":"SYC","name":"Seychelles"},"geometry":{"type":"MultiPolygon","coordinates":[[[[46.51,-9.72],[46.508,-9.732],[46.501,-9.747],[46.51,-9.72]]],[[[47.507,-9.713],[47.507,-9.698],[47.513,-9.694],[47.516,-9.7],[47.507,-9.713]]],[[[53.334,-5.42],[53.342,-5.43],[53.344,-5.435],[53.345,-5.441],[53.341,-5.436],[53.338,-5.431],[53.334,-5.42]]],[[[55.66,-3.791],[55.666,-3.812],[55.659,-3.812],[55.652,-3.801],[55.66,-3.791]]],[[[46.495,-9.358],[46.516,-9.372],[46.525,-9.381],[46.495,-9.358]]],[[[46.284,-9.351],[46.282,-9.348],[46.283,-9.346],[46.284,-9.351]]],[[[56.247,-7.193],[56.259,-7.14],[56.269,-7.12],[56.287,-7.11],[56.283,-7.132],[56.272,-7.154],[56.247,-7.193]]],[[[55.366,-4.643],[55.455,-4.562],[55.538,-4.804],[55.366,-4.643]]],[[[55.26,-4.5],[55.242,-4.504],[55.228,-4.487],[55.26,-4.5]]],[[[55.718,-4.33],[55.704,-4.328],[55.692,-4.326],[55.718,-4.33]]],[[[52.742,-6.994],[52.747,-7.005],[52.743,-7.004],[52.742,-7.002],[52.742,-6.998],[52.742,-6.994]]],[[[55.383,-5.854],[55.382,-5.865],[55.38,-5.869],[55.38,-5.865],[55.383,-5.854]]],[[[55.363,-4.659],[55.366,-4.661],[55.371,-4.664],[55.363,-4.659]]],[[[55.399,-4.669],[55.401,-4.67],[55.405,-4.672],[55.399,-4.669]]],[[[55.502,-4.629],[55.504,-4.63],[55.507,-4.637],[55.502,-4.629]]],[[[55.504,-4.621],[55.506,-4.622],[55.508,-4.624],[55.504,-4.621]]],[[[55.498,-4.601],[55.499,-4.6],[55.504,-4.598],[55.498,-4.601]]],[[[55.712,-4.28],[55.715,-4.277],[55.722,-4.277],[55.712,-4.28]]],[[[55.663,-4.328],[55.666,-4.329],[55.666,-4.334],[55.66,-4.335],[55.66,-4.33],[55.663,-4.328]]],[[[55.647,-4.347],[55.649,-4.349],[55.651,-4.353],[55.648,-4.353],[55.644,-4.349],[55.647,-4.347]]],[[[55.667,-4.21],[55.67,-4.211],[55.675,-4.212],[55.672,-4.215],[55.664,-4.214],[55.659,-4.213],[55.66,-4.21],[55.667,-4.21]]],[[[55.832,-4.337],[55.844,-4.343],[55.851,-4.355],[55.832,-4.337]]],[[[55.869,-4.317],[55.873,-4.318],[55.883,-4.329],[55.885,-4.337],[55.879,-4.338],[55.873,-4.333],[55.867,-4.323],[55.869,-4.317]]],[[[55.866,-4.283],[55.87,-4.284],[55.871,-4.29],[55.874,-4.296],[55.87,-4.297],[55.866,-4.289],[55.866,-4.283]]],[[[55.92,-4.334],[55.925,-4.337],[55.924,-4.343],[55.923,-4.35],[55.919,-4.348],[55.918,-4.34],[55.92,-4.334]]],[[[55.94,-4.579],[55.944,-4.58],[55.949,-4.586],[55.94,-4.579]]]]}},{"type":"Feature","properties":{"iso3":"KIR","name":"Kiribati"},"geometry":{"type":"MultiPolygon","coordinates":[[[[173.038,1.341],[173.024,1.337],[173.018,1.336],[173.038,1.341]]],[[[-151.808,-11.386],[-151.798,-11.401],[-151.784,-11.429],[-151.808,-11.386]]],[[[-155.899,-5.617],[-155.88,-5.609],[-155.865,-5.615],[-155.899,-5.617]]],[[[-155.012,-4.047],[-154.962,-4.032],[-154.94,-4.032],[-155.012,-4.047]]],[[[-171.678,-2.833],[-171.708,-2.825],[-171.712,-2.823],[-171.678,-2.833]]],[[[176.786,-2.608],[176.813,-2.614],[176.838,-2.634],[176.786,-2.608]]],[[[175.982,-2.506],[175.977,-2.498],[175.973,-2.49],[175.982,-2.506]]],[[[175.591,-1.874],[175.6,-1.895],[175.586,-1.922],[175.591,-1.874]]],[[[175.059,-1.436],[175.067,-1.461],[175.069,-1.497],[175.059,-1.436]]],[[[176.409,-1.333],[176.426,-1.347],[176.445,-1.374],[176.409,-1.333]]],[[[176.009,-1.334],[176.023,-1.363],[176.018,-1.388],[176.009,-1.334]]],[[[174.765,-1.203],[174.773,-1.248],[174.779,-1.264],[174.765,-1.203]]],[[[174.477,-0.71],[174.479,-0.72],[174.491,-0.747],[174.477,-0.71]]],[[[174.439,-0.628],[174.447,-0.631],[174.459,-0.638],[174.439,-0.628]]],[[[173.621,0.133],[173.61,0.143],[173.615,0.155],[173.621,0.133]]],[[[173.832,0.449],[173.891,0.418],[173.917,0.399],[173.832,0.449]]],[[[172.987,0.832],[172.989,0.833],[172.99,0.834],[172.987,0.832]]],[[[172.978,0.836],[172.98,0.834],[172.982,0.831],[172.978,0.836]]],[[[173.08,0.96],[172.991,0.834],[173.072,0.963],[172.99,1.024],[173.08,0.96]]],[[[172.983,1.531],[172.978,1.531],[172.975,1.533],[172.983,1.531]]],[[[173.036,1.777],[173.038,1.742],[173.029,1.716],[173.036,1.777]]],[[[172.98,1.882],[173.02,1.828],[173.023,1.821],[172.98,1.882]]],[[[-157.175,1.734],[-157.581,1.88],[-157.429,1.839],[-157.355,1.948],[-157.509,2.025],[-157.424,2.02],[-157.175,1.734]]],[[[172.75,3.032],[172.771,3.024],[172.788,3.029],[172.75,3.032]]],[[[172.962,3.142],[172.967,3.135],[172.968,3.132],[172.962,3.142]]],[[[-159.285,3.875],[-159.278,3.866],[-159.266,3.845],[-159.285,3.875]]],[[[-172.223,-4.506],[-172.215,-4.517],[-172.202,-4.521],[-172.223,-4.506]]],[[[-174.506,-4.689],[-174.501,-4.694],[-174.502,-4.697],[-174.512,-4.692],[-174.522,-4.684],[-174.517,-4.684],[-174.506,-4.689]]],[[[-174.529,-4.683],[-174.528,-4.684],[-174.528,-4.684],[-174.534,-4.681],[-174.542,-4.673],[-174.54,-4.672],[-174.536,-4.678],[-174.529,-4.683]]],[[[-174.501,-4.691],[-174.514,-4.676],[-174.528,-4.667],[-174.501,-4.691]]],[[[-171.26,-4.444],[-171.245,-4.441],[-171.234,-4.449],[-171.26,-4.444]]],[[[-171.094,-3.131],[-171.09,-3.121],[-171.085,-3.111],[-171.083,-3.13],[-171.087,-3.143],[-171.092,-3.145],[-171.094,-3.131]]],[[[169.539,-0.875],[169.535,-0.872],[169.534,-0.872],[169.539,-0.875]]],[[[173.29,2.034],[173.287,2.039],[173.285,2.04],[173.29,2.034]]],[[[-160.41,4.709],[-160.417,4.717],[-160.412,4.722],[-160.41,4.709]]]]}},{"type":"Feature","properties":{"iso3":"MHL","name":"Marshall Islands"},"geometry":{"type":"MultiPolygon","coordinates":[[[[168.101,5.599],[168.101,5.6],[168.107,5.597],[168.101,5.599]]],[[[171.725,6.102],[171.729,6.098],[171.732,6.092],[171.725,6.102]]],[[[171.91,7.099],[171.918,7.105],[171.922,7.112],[171.91,7.099]]],[[[168.685,4.574],[168.735,4.591],[168.744,4.599],[168.768,4.629],[168.758,4.605],[168.741,4.586],[168.717,4.575],[168.685,4.574]]],[[[169.59,5.801],[169.61,5.812],[169.618,5.818],[169.59,5.801]]],[[[172.03,6.054],[172.008,6.056],[171.984,6.052],[172.03,6.054]]],[[[171.757,6.972],[171.73,6.976],[171.689,7.007],[171.757,6.972]]],[[[171.394,7.11],[171.367,7.094],[171.293,7.084],[171.394,7.11]]],[[[168.758,7.308],[168.83,7.308],[168.815,7.292],[168.758,7.308]]],[[[168.577,7.404],[168.564,7.413],[168.555,7.43],[168.554,7.45],[168.563,7.464],[168.566,7.451],[168.573,7.418],[168.577,7.404]]],[[[166.904,11.173],[166.894,11.155],[166.875,11.145],[166.853,11.145],[166.836,11.159],[166.872,11.162],[166.904,11.173]]],[[[169.115,5.638],[169.116,5.649],[169.121,5.647],[169.115,5.638]]],[[[171.792,7.055],[171.794,7.058],[171.796,7.06],[171.792,7.055]]],[[[168.966,7.575],[168.968,7.581],[168.968,7.584],[168.966,7.575]]],[[[167.402,8.318],[167.408,8.307],[167.4,8.311],[167.402,8.318]]],[[[167.732,8.725],[167.731,8.73],[167.73,8.735],[167.733,8.74],[167.74,8.744],[167.742,8.738],[167.74,8.733],[167.732,8.725]]],[[[170.852,8.898],[170.845,8.887],[170.839,8.888],[170.852,8.898]]],[[[170.24,9.45],[170.239,9.467],[170.244,9.466],[170.247,9.458],[170.24,9.45]]],[[[170.875,10.275],[170.875,10.287],[170.879,10.287],[170.879,10.275],[170.875,10.275]]],[[[165.54,11.634],[165.543,11.633],[165.547,11.631],[165.551,11.627],[165.554,11.62],[165.54,11.634]]],[[[165.282,11.696],[165.282,11.708],[165.287,11.711],[165.289,11.706],[165.282,11.696]]],[[[169.011,14.61],[169.014,14.611],[169.007,14.603],[168.997,14.593],[168.987,14.587],[168.998,14.599],[169.011,14.61]]]]}},{"type":"Feature","properties":{"iso3":"TTO","name":"Trinidad and Tobago"},"geometry":{"type":"MultiPolygon","coordinates":[[[[-61.929,10.056],[-61.462,10.282],[-61.489,10.631],[-61.668,10.707],[-60.907,10.837],[-61.038,10.654],[-60.996,10.138],[-61.929,10.056]]],[[[-60.531,11.351],[-60.523,11.344],[-60.522,11.319],[-60.531,11.351]]]]}},{"type":"Feature","properties":{"iso3":"GRD","name":"Grenada"},"geometry":{"type":"MultiPolygon","coordinates":[[[[-61.603,12.183],[-61.632,12.044],[-61.791,12.008],[-61.671,12.236],[-61.603,12.183]]],[[[-61.428,12.455],[-61.446,12.46],[-61.463,12.455],[-61.428,12.455]]]]}},{"type":"Feature","properties":{"iso3":"VCT","name":"Saint Vincent and the Grenadines"},"geometry":{"type":"MultiPolygon","coordinates":[[[[-61.194,13.037],[-61.208,13.023],[-61.226,12.993],[-61.194,13.037]]],[[[-61.279,13.216],[-61.199,13.377],[-61.124,13.308],[-61.185,13.133],[-61.279,13.216]]],[[[-61.441,12.608],[-61.429,12.6],[-61.427,12.592],[-61.441,12.608]]],[[[-61.319,12.734],[-61.316,12.73],[-61.314,12.721],[-61.319,12.734]]],[[[-61.192,12.868],[-61.183,12.883],[-61.175,12.882],[-61.184,12.862],[-61.188,12.856],[-61.191,12.856],[-61.192,12.868]]]]}},{"type":"Feature","properties":{"iso3":"BRB","name":"Barbados"},"geometry":{"type":"Polygon","coordinates":[[[-59.427,13.16],[-59.608,13.085],[-59.654,13.295],[-59.427,13.16]]]}},{"type":"Feature","properties":{"iso3":"LCA","name":"Saint Lucia"},"geometry":{"type":"Polygon","coordinates":[[[-60.883,13.981],[-60.95,13.715],[-61.079,13.88],[-60.933,14.112],[-60.883,13.981]]]}},{"type":"Feature","properties":{"iso3":"DMA","name":"Dominica"},"geometry":{"type":"Polygon","coordinates":[[[-61.489,15.536],[-61.469,15.634],[-61.308,15.579],[-61.249,15.401],[-61.374,15.205],[-61.489,15.536]]]}},{"type":"Feature","properties":{"iso3":"ATG","name":"Antigua and Barbuda"},"geometry":{"type":"MultiPolygon","coordinates":[[[[-61.894,17.101],[-61.668,17.079],[-61.737,16.989],[-61.894,17.101]]],[[[-61.839,17.593],[-61.852,17.587],[-61.857,17.601],[-61.839,17.593]]],[[[-62.346,16.939],[-62.345,16.94],[-62.343,16.941],[-62.346,16.939]]]]}},{"type":"Feature","properties":{"iso3":"KNA","name":"Saint Kitts and Nevis"},"geometry":{"type":"MultiPolygon","coordinates":[[[[-62.599,17.203],[-62.578,17.203],[-62.56,17.197],[-62.599,17.203]]],[[[-62.65,17.266],[-62.637,17.258],[-62.625,17.242],[-62.65,17.266]]]]}},{"type":"Feature","properties":{"iso3":"JAM","name":"Jamaica"},"geometry":{"type":"Polygon","coordinates":[[[-76.188,17.915],[-76.595,17.867],[-76.85,17.992],[-76.942,17.834],[-77.142,17.881],[-77.179,17.704],[-77.418,17.862],[-77.731,17.855],[-78.05,18.185],[-78.375,18.266],[-78.231,18.444],[-77.862,18.525],[-76.907,18.411],[-76.351,18.156],[-76.188,17.915]]]}},{"type":"Feature","properties":{"iso3":"MUS","name":"Mauritius"},"geometry":{"type":"MultiPolygon","coordinates":[[[[57.796,-20.223],[57.672,-20.48],[57.303,-20.431],[57.597,-19.983],[57.796,-20.223]]],[[[56.524,-10.33],[56.526,-10.327],[56.528,-10.325],[56.524,-10.33]]],[[[63.476,-19.678],[63.494,-19.682],[63.49,-19.701],[63.476,-19.678]]]]}},{"type":"Feature","properties":{"iso3":"COM","name":"Comoros"},"geometry":{"type":"MultiPolygon","coordinates":[[[[43.789,-12.308],[43.797,-12.312],[43.85,-12.346],[43.789,-12.308]]],[[[44.529,-12.233],[44.511,-12.38],[44.206,-12.161],[44.467,-12.064],[44.529,-12.233]]],[[[43.499,-11.874],[43.213,-11.726],[43.247,-11.441],[43.374,-11.369],[43.499,-11.874]]]]}},{"type":"Feature","properties":{"iso3":"STP","name":"São Tomé and Principe"},"geometry":{"type":"MultiPolygon","coordinates":[[[[6.761,0.284],[6.557,0.028],[6.462,0.222],[6.642,0.411],[6.761,0.284]]],[[[7.463,1.675],[7.401,1.531],[7.329,1.596],[7.463,1.675]]]]}},{"type":"Feature","properties":{"iso3":"CPV","name":"Cabo Verde"},"geometry":{"type":"MultiPolygon","coordinates":[[[[-24.704,14.901],[-24.693,14.891],[-24.687,14.876],[-24.704,14.901]]],[[[-24.293,14.873],[-24.526,14.925],[-24.343,15.041],[-24.293,14.873]]],[[[-23.443,15.011],[-23.624,14.918],[-23.793,15.086],[-23.744,15.333],[-23.443,15.011]]],[[[-23.11,15.199],[-23.258,15.175],[-23.19,15.333],[-23.11,15.199]]],[[[-22.667,16.091],[-22.806,15.986],[-22.964,16.052],[-22.916,16.244],[-22.667,16.091]]],[[[-24.033,16.597],[-24.325,16.483],[-24.431,16.639],[-24.033,16.597]]],[[[-22.992,16.784],[-22.922,16.86],[-22.881,16.693],[-22.929,16.593],[-22.992,16.784]]],[[[-24.874,16.836],[-25.094,16.826],[-24.978,16.923],[-24.874,16.836]]],[[[-25.36,17.055],[-25.103,17.197],[-24.971,17.107],[-25.188,16.928],[-25.36,17.055]]],[[[-24.593,16.624],[-24.57,16.62],[-24.575,16.606],[-24.59,16.607],[-24.601,16.61],[-24.604,16.621],[-24.593,16.624]]],[[[-24.773,16.802],[-24.749,16.794],[-24.736,16.779],[-24.773,16.802]]]]}},{"type":"Feature","properties":{"iso3":"MLT","name":"Malta"},"geometry":{"type":"MultiPolygon","coordinates":[[[[14.567,35.846],[14.382,35.843],[14.322,35.973],[14.567,35.846]]],[[[14.257,36.076],[14.283,36.068],[14.315,36.051],[14.257,36.076]]]]}},{"type":"Feature","properties":{"iso3":"SGP","name":"Singapore"},"geometry":{"type":"Polygon","coordinates":[[[104.003,1.374],[103.826,1.264],[103.64,1.322],[103.805,1.449],[104.003,1.374]]]}},{"type":"Feature","properties":{"iso3":"TON","name":"Tonga"},"geometry":{"type":"MultiPolygon","coordinates":[[[[-173.914,-18.606],[-173.991,-18.705],[-174.072,-18.634],[-173.914,-18.606]]],[[[-174.909,-21.329],[-174.92,-21.454],[-174.984,-21.398],[-174.909,-21.329]]],[[[-175.051,-21.139],[-175.149,-21.268],[-175.365,-21.114],[-175.051,-21.139]]],[[[-174.361,-19.801],[-174.348,-19.797],[-174.337,-19.788],[-174.361,-19.801]]],[[[-175.069,-19.712],[-175.053,-19.724],[-175.046,-19.751],[-175.069,-19.712]]],[[[-174.306,-19.733],[-174.288,-19.724],[-174.278,-19.711],[-174.306,-19.733]]],[[[-174.261,-19.631],[-174.248,-19.636],[-174.244,-19.646],[-174.261,-19.631]]],[[[-175.631,-15.56],[-175.613,-15.573],[-175.618,-15.601],[-175.631,-15.56]]],[[[-176.213,-22.324],[-176.204,-22.327],[-176.198,-22.332],[-176.213,-22.324]]],[[[-174.654,-18.817],[-174.664,-18.801],[-174.661,-18.787],[-174.654,-18.817]]]]}},{"type":"Feature","properties":{"iso3":"WSM","name":"Samoa"},"geometry":{"type":"MultiPolygon","coordinates":[[[[-172.176,-13.68],[-172.219,-13.805],[-172.523,-13.805],[-172.783,-13.52],[-172.322,-13.467],[-172.176,-13.68]]],[[[-171.438,-14.006],[-171.753,-14.052],[-172.064,-13.885],[-171.835,-13.807],[-171.438,-14.006]]]]}},{"type":"Feature","properties":{"iso3":"SLB","name":"Solomon Islands"},"geometry":{"type":"MultiPolygon","coordinates":[[[[160.582,-11.795],[160.483,-11.845],[159.963,-11.521],[160.582,-11.795]]],[[[159.805,-11.29],[159.822,-11.293],[159.839,-11.298],[159.805,-11.29]]],[[[161.741,-10.273],[161.746,-10.263],[161.742,-10.259],[161.741,-10.273]]],[[[162.393,-10.827],[161.792,-10.735],[161.525,-10.564],[161.511,-10.365],[161.281,-10.309],[161.396,-10.204],[161.836,-10.447],[162.114,-10.456],[162.272,-10.814],[162.393,-10.827]]],[[[167.173,-9.886],[167.166,-9.868],[167.17,-9.859],[167.173,-9.886]]],[[[167.092,-9.803],[167.105,-9.802],[167.108,-9.805],[167.104,-9.807],[167.092,-9.803]]],[[[161.978,-9.851],[161.964,-9.839],[161.95,-9.817],[161.978,-9.851]]],[[[161.347,-9.344],[161.573,-9.749],[161.401,-9.67],[161.347,-9.344]]],[[[160.826,-9.837],[160.645,-9.937],[159.836,-9.794],[159.592,-9.362],[159.709,-9.248],[159.94,-9.433],[160.366,-9.413],[160.826,-9.837]]],[[[159.829,-9.173],[159.815,-9.166],[159.806,-9.15],[159.829,-9.173]]],[[[160.414,-9.132],[160.216,-9.173],[160.315,-9.062],[160.414,-9.132]]],[[[159.195,-9.057],[159.205,-9.055],[159.226,-9.031],[159.195,-9.057]]],[[[160.097,-9.057],[160.089,-9.055],[160.084,-9.052],[160.097,-9.057]]],[[[159.167,-9.018],[159.175,-9.017],[159.195,-9.023],[159.167,-9.018]]],[[[160.079,-9.023],[160.067,-9.014],[160.068,-9.003],[160.079,-9.023]]],[[[157.615,-8.734],[157.636,-8.744],[157.65,-8.765],[157.615,-8.734]]],[[[158.257,-8.786],[158.154,-8.797],[158.208,-8.679],[158.257,-8.786]]],[[[158.135,-8.567],[158.039,-8.757],[157.879,-8.683],[157.961,-8.522],[158.135,-8.567]]],[[[157.414,-8.721],[157.201,-8.566],[157.384,-8.425],[157.414,-8.721]]],[[[159.7,-8.518],[159.538,-8.433],[159.636,-8.384],[159.7,-8.518]]],[[[162.739,-8.388],[162.73,-8.378],[162.735,-8.374],[162.739,-8.388]]],[[[160.581,-8.341],[160.759,-8.317],[160.997,-8.604],[160.947,-8.814],[161.169,-8.975],[161.393,-9.588],[160.868,-9.152],[160.581,-8.341]]],[[[157.125,-8.275],[157.131,-8.308],[157.138,-8.322],[157.125,-8.275]]],[[[157.208,-8.289],[157.201,-8.289],[157.199,-8.275],[157.208,-8.289]]],[[[156.811,-8.055],[156.814,-8.072],[156.825,-8.07],[156.841,-8.113],[156.815,-8.112],[156.786,-8.086],[156.79,-8.055],[156.811,-8.055]]],[[[157.222,-8.224],[157.503,-7.96],[157.907,-8.481],[157.811,-8.618],[157.578,-8.436],[157.55,-8.261],[157.297,-8.337],[157.222,-8.224]]],[[[156.611,-8.073],[156.616,-8.099],[156.616,-8.112],[156.611,-8.073]]],[[[156.947,-7.98],[157.091,-7.851],[157.202,-8.048],[157.054,-8.129],[156.947,-7.98]]],[[[156.815,-7.735],[156.66,-7.939],[156.497,-7.675],[156.611,-7.569],[156.815,-7.735]]],[[[155.57,-7.323],[155.586,-7.331],[155.597,-7.342],[155.57,-7.323]]],[[[155.868,-7.049],[155.673,-7.09],[155.735,-6.966],[155.868,-7.049]]],[[[156.153,-6.931],[156.043,-6.98],[156.077,-6.815],[156.153,-6.931]]],[[[166.924,-11.641],[166.925,-11.655],[166.924,-11.674],[166.924,-11.641]]],[[[166.557,-11.284],[166.534,-11.308],[166.527,-11.309],[166.557,-11.284]]],[[[166.148,-10.694],[165.862,-10.869],[165.753,-10.752],[166.148,-10.694]]],[[[158.486,-7.61],[158.501,-7.616],[158.517,-7.631],[158.486,-7.61]]],[[[159.9,-8.551],[158.948,-8.049],[158.445,-7.544],[158.752,-7.593],[159.086,-7.904],[159.403,-7.982],[159.842,-8.326],[159.758,-8.398],[159.9,-8.551]]],[[[158.365,-7.548],[158.357,-7.54],[158.349,-7.528],[158.365,-7.548]]],[[[157.612,-7.404],[157.619,-7.412],[157.613,-7.419],[157.612,-7.404]]],[[[158.283,-7.412],[158.279,-7.421],[158.277,-7.431],[158.283,-7.412]]],[[[157.776,-7.408],[157.778,-7.423],[157.79,-7.46],[157.776,-7.408]]],[[[157.53,-7.333],[157.448,-7.432],[157.015,-7.283],[156.447,-6.665],[156.548,-6.611],[157.043,-6.897],[157.187,-7.179],[157.53,-7.333]]],[[[168.812,-12.266],[168.823,-12.267],[168.826,-12.282],[168.819,-12.285],[168.802,-12.291],[168.798,-12.282],[168.806,-12.274],[168.812,-12.266]]],[[[165.745,-10.422],[165.736,-10.425],[165.728,-10.422],[165.745,-10.422]]],[[[160.636,-7.891],[160.648,-7.927],[160.641,-7.928],[160.636,-7.891]]],[[[166.985,-11.614],[166.986,-11.623],[166.98,-11.639],[166.985,-11.614]]],[[[166.252,-10.265],[166.267,-10.264],[166.28,-10.273],[166.252,-10.265]]],[[[156.545,-7.792],[156.549,-7.795],[156.559,-7.802],[156.545,-7.792]]]]}},{"type":"Feature","properties":{"iso3":"TUV","name":"Tuvalu"},"geometry":{"type":"MultiPolygon","coordinates":[[[[179.191,-8.542],[179.2,-8.53],[179.204,-8.519],[179.191,-8.542]]],[[[178.381,-8.07],[178.373,-8.069],[178.375,-8.056],[178.383,-8.039],[178.391,-8.027],[178.381,-8.07]]],[[[177.153,-7.197],[177.152,-7.195],[177.15,-7.19],[177.15,-7.188],[177.153,-7.195],[177.153,-7.199],[177.153,-7.2],[177.153,-7.197]]],[[[176.314,-6.302],[176.319,-6.289],[176.323,-6.289],[176.322,-6.295],[176.314,-6.302]]],[[[177.344,-6.121],[177.34,-6.115],[177.338,-6.111],[177.337,-6.108],[177.349,-6.111],[177.357,-6.115],[177.356,-6.119],[177.344,-6.121]]],[[[176.135,-5.693],[176.125,-5.679],[176.13,-5.678],[176.14,-5.687],[176.148,-5.707],[176.135,-5.693]]],[[[179.907,-9.399],[179.906,-9.419],[179.905,-9.421],[179.904,-9.4],[179.899,-9.387],[179.901,-9.388],[179.907,-9.399]]],[[[179.868,-9.343],[179.873,-9.347],[179.878,-9.361],[179.877,-9.363],[179.872,-9.35],[179.867,-9.344],[179.868,-9.343]]],[[[178.683,-7.491],[178.668,-7.464],[178.665,-7.454],[178.683,-7.491]]]]}},{"type":"Feature","properties":{"iso3":"MDV","name":"Maldives"},"geometry":{"type":"MultiPolygon","coordinates":[[[[73.163,-0.682],[73.173,-0.689],[73.166,-0.688],[73.164,-0.687],[73.163,-0.682]]],[[[73.204,-0.671],[73.201,-0.675],[73.199,-0.679],[73.196,-0.681],[73.191,-0.683],[73.192,-0.677],[73.195,-0.674],[73.204,-0.671]]],[[[73.124,-0.656],[73.127,-0.666],[73.124,-0.665],[73.123,-0.663],[73.124,-0.66],[73.124,-0.656]]],[[[73.24,-0.626],[73.227,-0.643],[73.227,-0.633],[73.23,-0.623],[73.235,-0.619],[73.24,-0.626]]],[[[73.247,-0.589],[73.245,-0.607],[73.238,-0.6],[73.247,-0.589]]],[[[73.435,-0.284],[73.443,-0.293],[73.445,-0.298],[73.445,-0.304],[73.438,-0.299],[73.435,-0.294],[73.435,-0.289],[73.435,-0.284]]],[[[73.095,0.228],[73.099,0.225],[73.103,0.223],[73.095,0.228]]],[[[73.209,0.24],[73.217,0.238],[73.217,0.238],[73.213,0.232],[73.211,0.232],[73.21,0.236],[73.209,0.24]]],[[[73.037,0.27],[73.037,0.27],[73.04,0.259],[73.037,0.27]]],[[[73.379,0.285],[73.379,0.285],[73.37,0.28],[73.371,0.286],[73.374,0.287],[73.376,0.286],[73.379,0.285]]],[[[72.984,0.305],[72.985,0.303],[72.987,0.303],[72.984,0.305]]],[[[73.513,0.388],[73.513,0.388],[73.509,0.381],[73.513,0.388]]],[[[72.958,0.403],[72.958,0.403],[72.961,0.394],[72.961,0.394],[72.958,0.397],[72.957,0.399],[72.958,0.401],[72.958,0.403]]],[[[72.941,0.496],[72.941,0.487],[72.937,0.491],[72.937,0.494],[72.941,0.496]]],[[[73.492,0.508],[73.492,0.508],[73.495,0.499],[73.49,0.501],[73.49,0.503],[73.491,0.505],[73.492,0.508]]],[[[73.388,0.642],[73.387,0.639],[73.387,0.637],[73.388,0.642]]],[[[73.373,0.763],[73.372,0.76],[73.372,0.758],[73.373,0.763]]],[[[73.354,0.848],[73.354,0.848],[73.353,0.846],[73.354,0.848]]],[[[72.831,3.511],[72.832,3.51],[72.833,3.508],[72.831,3.511]]],[[[72.794,3.517],[72.794,3.517],[72.795,3.515],[72.794,3.517]]],[[[72.928,3.552],[72.912,3.542],[72.912,3.542],[72.916,3.549],[72.92,3.552],[72.924,3.552],[72.928,3.552]]],[[[72.942,3.619],[72.943,3.617],[72.944,3.616],[72.942,3.619]]],[[[72.693,3.727],[72.693,3.727],[72.694,3.723],[72.693,3.727]]],[[[73.477,3.942],[73.477,3.942],[73.47,3.935],[73.468,3.934],[73.469,3.937],[73.472,3.939],[73.477,3.942]]],[[[72.703,4.003],[72.704,4.001],[72.705,4.0],[72.703,4.003]]],[[[73.508,4.104],[73.508,4.093],[73.508,4.093],[73.505,4.097],[73.502,4.099],[73.502,4.101],[73.505,4.102],[73.508,4.104]]],[[[72.97,4.266],[72.971,4.266],[72.973,4.264],[72.97,4.266]]],[[[73.703,4.435],[73.701,4.432],[73.698,4.431],[73.697,4.431],[73.703,4.435]]],[[[73.703,4.453],[73.703,4.453],[73.7,4.449],[73.7,4.452],[73.703,4.453]]],[[[73.377,4.474],[73.377,4.465],[73.374,4.467],[73.374,4.469],[73.374,4.469],[73.375,4.471],[73.377,4.474]]],[[[73.405,4.635],[73.405,4.635],[73.405,4.632],[73.405,4.635]]],[[[73.49,4.723],[73.49,4.721],[73.491,4.718],[73.49,4.723]]],[[[72.979,4.895],[72.979,4.895],[72.97,4.881],[72.969,4.881],[72.97,4.89],[72.973,4.894],[72.976,4.895],[72.979,4.895]]],[[[72.917,4.899],[72.923,4.899],[72.923,4.899],[72.921,4.898],[72.918,4.899],[72.917,4.899]]],[[[73.447,4.971],[73.437,4.97],[73.439,4.975],[73.441,4.975],[73.444,4.973],[73.447,4.971]]],[[[72.913,5.034],[72.909,5.031],[72.909,5.031],[72.91,5.033],[72.913,5.034]]],[[[72.928,5.037],[72.928,5.036],[72.927,5.034],[72.927,5.034],[72.926,5.033],[72.924,5.033],[72.924,5.033],[72.928,5.037]]],[[[73.045,5.122],[73.045,5.122],[73.043,5.119],[73.041,5.118],[73.045,5.122]]],[[[73.049,5.133],[73.049,5.133],[73.05,5.13],[73.049,5.133]]],[[[73.091,5.161],[73.091,5.159],[73.088,5.158],[73.088,5.158],[73.091,5.161]]],[[[73.104,5.173],[73.104,5.173],[73.107,5.172],[73.111,5.17],[73.11,5.17],[73.107,5.171],[73.104,5.173]]],[[[72.86,5.238],[72.86,5.238],[72.859,5.236],[72.857,5.235],[72.857,5.234],[72.86,5.238]]],[[[73.132,5.245],[73.132,5.242],[73.128,5.241],[73.132,5.245]]],[[[73.5,5.247],[73.5,5.247],[73.497,5.245],[73.497,5.245],[73.494,5.246],[73.5,5.247]]],[[[73.594,5.283],[73.583,5.276],[73.578,5.275],[73.594,5.283]]],[[[73.113,5.299],[73.113,5.298],[73.109,5.295],[73.109,5.297],[73.113,5.299]]],[[[73.47,5.308],[73.47,5.308],[73.464,5.307],[73.464,5.307],[73.467,5.308],[73.467,5.308],[73.468,5.308],[73.47,5.308]]],[[[73.63,5.333],[73.629,5.333],[73.627,5.331],[73.623,5.332],[73.63,5.333]]],[[[73.647,5.343],[73.646,5.343],[73.64,5.342],[73.64,5.342],[73.643,5.344],[73.647,5.343]]],[[[72.953,5.353],[72.952,5.35],[72.95,5.349],[72.953,5.353]]],[[[73.397,5.362],[73.398,5.362],[73.399,5.36],[73.397,5.362]]],[[[73.323,5.368],[73.325,5.367],[73.325,5.367],[73.323,5.368]]],[[[73.351,5.428],[73.345,5.427],[73.345,5.427],[73.348,5.429],[73.351,5.428]]],[[[73.537,5.451],[73.535,5.45],[73.531,5.45],[73.537,5.451]]],[[[73.363,5.463],[73.363,5.463],[73.363,5.459],[73.361,5.458],[73.361,5.458],[73.363,5.463]]],[[[72.943,5.468],[72.943,5.467],[72.942,5.466],[72.943,5.468]]],[[[73.016,5.493],[73.014,5.491],[73.014,5.489],[73.016,5.493]]],[[[73.462,5.544],[73.459,5.542],[73.456,5.543],[73.456,5.543],[73.462,5.544]]],[[[73.006,5.713],[73.004,5.711],[73.003,5.709],[73.006,5.713]]],[[[72.949,6.35],[72.949,6.35],[72.951,6.348],[72.949,6.35]]],[[[72.893,6.452],[72.894,6.45],[72.896,6.449],[72.893,6.452]]],[[[73.098,-0.6],[73.105,-0.607],[73.112,-0.617],[73.098,-0.6]]],[[[73.365,1.791],[73.365,1.791],[73.376,1.789],[73.37,1.783],[73.368,1.783],[73.368,1.783],[73.367,1.787],[73.365,1.791]]],[[[73.4,1.806],[73.4,1.806],[73.401,1.802],[73.4,1.806]]],[[[73.453,1.827],[73.464,1.826],[73.457,1.82],[73.454,1.821],[73.453,1.824],[73.453,1.827]]],[[[73.518,1.843],[73.511,1.837],[73.499,1.828],[73.518,1.843]]],[[[73.536,1.87],[73.536,1.87],[73.533,1.862],[73.536,1.87]]],[[[73.252,1.892],[73.244,1.889],[73.244,1.894],[73.246,1.895],[73.247,1.894],[73.248,1.894],[73.252,1.892]]],[[[73.553,1.932],[73.549,1.911],[73.546,1.902],[73.541,1.893],[73.541,1.892],[73.55,1.925],[73.553,1.932]]],[[[73.55,1.976],[73.55,1.966],[73.55,1.966],[73.548,1.968],[73.548,1.971],[73.55,1.976]]],[[[73.317,1.991],[73.32,1.989],[73.323,1.988],[73.317,1.991]]],[[[73.544,2.027],[73.543,2.022],[73.54,2.023],[73.54,2.023],[73.542,2.025],[73.544,2.027]]],[[[73.387,2.033],[73.387,2.029],[73.386,2.03],[73.387,2.033]]],[[[73.556,2.083],[73.551,2.073],[73.551,2.072],[73.55,2.076],[73.551,2.078],[73.553,2.08],[73.556,2.083]]],[[[73.568,2.11],[73.585,2.11],[73.585,2.11],[73.568,2.11]]],[[[73.044,2.166],[73.041,2.165],[73.04,2.165],[73.038,2.165],[73.038,2.165],[73.044,2.166]]],[[[73.104,2.187],[73.104,2.187],[73.103,2.184],[73.104,2.187]]],[[[73.115,2.2],[73.117,2.198],[73.121,2.192],[73.115,2.192],[73.114,2.194],[73.115,2.196],[73.115,2.2]]],[[[72.948,2.275],[72.946,2.272],[72.946,2.272],[72.943,2.273],[72.948,2.275]]],[[[72.926,2.327],[72.927,2.316],[72.923,2.32],[72.922,2.322],[72.924,2.324],[72.926,2.327]]],[[[73.344,2.348],[73.344,2.347],[73.344,2.344],[73.342,2.342],[73.342,2.342],[73.344,2.348]]],[[[73.354,2.437],[73.361,2.425],[73.365,2.414],[73.354,2.437]]],[[[73.315,2.506],[73.315,2.494],[73.315,2.494],[73.315,2.506]]],[[[73.146,2.553],[73.144,2.55],[73.141,2.55],[73.141,2.55],[73.146,2.553]]],[[[72.9,2.682],[72.903,2.681],[72.905,2.681],[72.9,2.682]]],[[[72.873,2.694],[72.874,2.684],[72.874,2.684],[72.867,2.687],[72.867,2.689],[72.87,2.691],[72.873,2.694]]],[[[73.022,2.742],[73.032,2.745],[73.032,2.745],[73.028,2.738],[73.025,2.738],[73.022,2.742],[73.022,2.742]]],[[[73.354,2.778],[73.353,2.776],[73.354,2.774],[73.354,2.778]]],[[[73.399,2.786],[73.391,2.775],[73.392,2.781],[73.394,2.784],[73.397,2.785],[73.399,2.786]]],[[[73.549,2.893],[73.549,2.893],[73.55,2.891],[73.551,2.891],[73.549,2.888],[73.549,2.889],[73.549,2.893]]],[[[73.36,2.904],[73.361,2.902],[73.362,2.9],[73.36,2.904]]],[[[73.008,2.953],[73.015,2.947],[73.01,2.945],[73.01,2.946],[73.009,2.946],[73.009,2.949],[73.009,2.95],[73.008,2.953]]],[[[73.564,2.955],[73.564,2.955],[73.562,2.946],[73.561,2.948],[73.562,2.95],[73.564,2.955]]],[[[73.586,2.962],[73.586,2.962],[73.577,2.951],[73.578,2.957],[73.581,2.96],[73.584,2.961],[73.586,2.962]]],[[[72.87,2.969],[72.87,2.969],[72.868,2.961],[72.865,2.958],[72.865,2.961],[72.87,2.969]]],[[[72.902,3.084],[72.903,3.082],[72.904,3.081],[72.902,3.084]]],[[[73.613,3.107],[73.613,3.103],[73.608,3.1],[73.613,3.107]]],[[[72.978,3.11],[72.978,3.11],[72.979,3.108],[72.978,3.11]]],[[[73.042,3.205],[73.043,3.204],[73.044,3.203],[73.042,3.205]]],[[[73.032,3.253],[73.032,3.253],[73.033,3.251],[73.032,3.253]]],[[[72.833,3.312],[72.834,3.311],[72.837,3.31],[72.833,3.312]]],[[[73.516,3.361],[73.517,3.361],[73.517,3.36],[73.519,3.359],[73.519,3.359],[73.519,3.357],[73.519,3.356],[73.516,3.361]]],[[[73.748,3.451],[73.748,3.451],[73.753,3.446],[73.753,3.446],[73.751,3.447],[73.749,3.448],[73.748,3.449],[73.748,3.451]]],[[[73.506,3.501],[73.508,3.497],[73.509,3.496],[73.506,3.498],[73.506,3.498],[73.506,3.501]]],[[[72.952,3.734],[72.954,3.732],[72.956,3.73],[72.952,3.734]]],[[[72.946,3.772],[72.947,3.77],[72.949,3.769],[72.946,3.772]]],[[[72.945,3.837],[72.946,3.835],[72.947,3.834],[72.945,3.837]]],[[[73.437,3.847],[73.435,3.845],[73.433,3.843],[73.437,3.847]]],[[[73.444,3.921],[73.443,3.92],[73.443,3.919],[73.438,3.917],[73.438,3.916],[73.444,3.921]]],[[[73.345,3.945],[73.345,3.945],[73.341,3.942],[73.341,3.943],[73.345,3.945]]],[[[73.423,4.118],[73.423,4.118],[73.421,4.116],[73.419,4.116],[73.419,4.116],[73.423,4.118]]],[[[73.546,4.243],[73.553,4.237],[73.552,4.228],[73.546,4.243]]],[[[72.945,4.266],[72.959,4.263],[72.959,4.263],[72.954,4.262],[72.954,4.261],[72.951,4.262],[72.945,4.266]]],[[[73.596,4.342],[73.596,4.342],[73.592,4.34],[73.589,4.341],[73.589,4.341],[73.596,4.342]]],[[[73.612,4.363],[73.612,4.363],[73.611,4.36],[73.612,4.363]]],[[[73.638,4.371],[73.638,4.37],[73.637,4.368],[73.638,4.371]]],[[[73.668,4.394],[73.668,4.391],[73.668,4.388],[73.668,4.394]]],[[[72.957,4.438],[72.956,4.422],[72.949,4.423],[72.947,4.423],[72.943,4.432],[72.957,4.438]]],[[[73.554,4.621],[73.554,4.62],[73.553,4.618],[73.554,4.621]]],[[[73.63,5.419],[73.635,5.411],[73.637,5.403],[73.636,5.394],[73.632,5.386],[73.632,5.386],[73.628,5.413],[73.63,5.419]]],[[[73.006,5.463],[73.006,5.463],[73.004,5.461],[73.006,5.463]]],[[[72.884,5.494],[72.882,5.492],[72.882,5.49],[72.884,5.494]]],[[[73.019,5.618],[73.019,5.618],[73.017,5.616],[73.019,5.618]]],[[[73.015,5.677],[73.013,5.675],[73.012,5.673],[73.015,5.677]]],[[[73.393,5.738],[73.392,5.737],[73.381,5.715],[73.393,5.738]]],[[[72.987,5.771],[72.986,5.766],[72.983,5.763],[72.983,5.763],[72.987,5.771]]],[[[73.382,5.795],[73.382,5.795],[73.383,5.792],[73.382,5.795]]],[[[72.977,5.814],[72.977,5.814],[72.975,5.805],[72.977,5.814]]],[[[73.45,5.841],[73.45,5.841],[73.434,5.831],[73.433,5.831],[73.439,5.838],[73.443,5.841],[73.447,5.841],[73.45,5.841]]],[[[72.964,5.864],[72.964,5.864],[72.966,5.85],[72.963,5.853],[72.962,5.857],[72.964,5.864]]],[[[73.429,5.911],[73.429,5.911],[73.428,5.909],[73.429,5.911]]],[[[72.932,5.969],[72.93,5.957],[72.926,5.963],[72.926,5.966],[72.932,5.969]]],[[[73.39,5.97],[73.395,5.958],[73.387,5.962],[73.385,5.965],[73.39,5.97]]],[[[72.916,5.981],[72.916,5.981],[72.914,5.98],[72.916,5.981]]],[[[73.251,6.083],[73.251,6.083],[73.249,6.08],[73.245,6.08],[73.251,6.083]]],[[[73.252,6.111],[73.252,6.111],[73.247,6.108],[73.247,6.108],[73.249,6.11],[73.252,6.111]]],[[[73.22,6.132],[73.22,6.132],[73.219,6.129],[73.215,6.129],[73.22,6.132]]],[[[73.27,6.157],[73.27,6.157],[73.269,6.154],[73.27,6.157]]],[[[73.219,6.172],[73.219,6.172],[73.214,6.169],[73.216,6.171],[73.219,6.172]]],[[[73.271,6.189],[73.271,6.189],[73.268,6.179],[73.265,6.183],[73.266,6.185],[73.268,6.187],[73.271,6.189]]],[[[73.034,6.222],[73.034,6.222],[73.029,6.219],[73.029,6.219],[73.03,6.221],[73.034,6.222]]],[[[73.242,6.24],[73.242,6.236],[73.244,6.234],[73.242,6.24]]],[[[73.128,6.287],[73.126,6.284],[73.123,6.283],[73.123,6.283],[73.128,6.287]]],[[[73.215,6.295],[73.215,6.295],[73.213,6.289],[73.209,6.287],[73.209,6.286],[73.209,6.287],[73.215,6.295]]],[[[73.083,6.309],[73.083,6.308],[73.081,6.306],[73.078,6.305],[73.078,6.305],[73.083,6.309]]],[[[73.197,6.327],[73.197,6.327],[73.198,6.325],[73.197,6.327]]],[[[73.125,6.333],[73.124,6.332],[73.12,6.329],[73.119,6.329],[73.121,6.331],[73.125,6.333]]],[[[73.187,6.351],[73.185,6.349],[73.184,6.347],[73.187,6.351]]],[[[73.021,6.369],[73.022,6.367],[73.024,6.366],[73.021,6.369]]],[[[72.691,6.412],[72.691,6.412],[72.689,6.41],[72.691,6.412]]],[[[72.903,6.44],[72.904,6.438],[72.906,6.437],[72.903,6.44]]],[[[73.049,6.441],[73.046,6.436],[73.043,6.434],[73.043,6.434],[73.049,6.441]]],[[[72.962,6.559],[72.96,6.558],[72.959,6.555],[72.962,6.559]]],[[[72.924,6.565],[72.926,6.563],[72.928,6.562],[72.924,6.565]]],[[[73.03,6.582],[73.03,6.582],[73.029,6.58],[73.03,6.582]]],[[[73.045,6.622],[73.043,6.62],[73.042,6.618],[73.045,6.622]]],[[[73.07,6.668],[73.062,6.661],[73.062,6.667],[73.064,6.668],[73.067,6.668],[73.07,6.668]]],[[[73.106,6.71],[73.104,6.706],[73.102,6.702],[73.106,6.71]]],[[[73.037,6.76],[73.037,6.76],[73.036,6.757],[73.037,6.76]]],[[[72.918,6.764],[72.917,6.762],[72.915,6.76],[72.918,6.764]]],[[[73.16,6.787],[73.164,6.787],[73.166,6.786],[73.16,6.787]]],[[[73.182,6.831],[73.197,6.828],[73.189,6.823],[73.184,6.821],[73.181,6.823],[73.182,6.831]]],[[[72.996,6.841],[72.996,6.841],[72.994,6.84],[72.996,6.841]]],[[[73.144,6.843],[73.142,6.842],[73.141,6.84],[73.144,6.843]]],[[[72.976,6.853],[72.976,6.85],[72.976,6.848],[72.976,6.853]]],[[[73.098,6.852],[73.098,6.852],[73.096,6.851],[73.098,6.852]]],[[[72.965,6.861],[72.963,6.859],[72.961,6.857],[72.965,6.861]]],[[[73.106,6.897],[73.106,6.894],[73.106,6.892],[73.106,6.897]]],[[[73.214,6.919],[73.214,6.919],[73.213,6.905],[73.214,6.919]]],[[[72.926,6.957],[72.926,6.957],[72.926,6.954],[72.925,6.952],[72.926,6.957]]],[[[73.198,6.971],[73.195,6.951],[73.194,6.951],[73.198,6.971]]],[[[72.892,6.991],[72.892,6.988],[72.891,6.985],[72.89,6.985],[72.892,6.991]]],[[[72.98,7.028],[72.98,7.028],[72.981,7.014],[72.977,7.019],[72.977,7.023],[72.977,7.023],[72.98,7.028]]],[[[72.95,7.057],[72.95,7.056],[72.948,7.051],[72.948,7.054],[72.95,7.057]]],[[[72.913,7.093],[72.913,7.093],[72.912,7.083],[72.906,7.089],[72.907,7.091],[72.91,7.092],[72.913,7.093]]],[[[72.884,7.107],[72.885,7.106],[72.885,7.104],[72.882,7.102],[72.884,7.107]]]]}},{"type":"Feature","properties":{"iso3":"NRU","name":"Nauru"},"geometry":{"type":"Polygon","coordinates":[[[166.939,-0.49],[166.956,-0.498],[166.958,-0.518],[166.939,-0.49]]]}},{"type":"Feature","properties":{"iso3":"FSM","name":"Federated States of Micronesia"},"geometry":{"type":"MultiPolygon","coordinates":[[[[163.026,5.341],[163.03,5.336],[163.037,5.334],[163.026,5.341]]],[[[158.339,6.869],[158.194,6.793],[158.126,6.907],[158.277,6.965],[158.339,6.869]]],[[[151.589,7.384],[151.622,7.392],[151.636,7.387],[151.589,7.384]]],[[[151.877,7.459],[151.884,7.464],[151.892,7.462],[151.877,7.459]]],[[[138.192,9.576],[138.182,9.559],[138.184,9.544],[138.192,9.576]]],[[[154.808,0.928],[154.814,0.926],[154.818,0.922],[154.813,0.918],[154.802,0.918],[154.799,0.924],[154.803,0.927],[154.808,0.928]]],[[[154.715,0.966],[154.722,0.969],[154.733,0.967],[154.727,0.961],[154.715,0.961],[154.715,0.966]]],[[[154.793,0.972],[154.797,0.966],[154.792,0.963],[154.784,0.964],[154.778,0.969],[154.778,0.974],[154.784,0.975],[154.793,0.972]]],[[[154.879,3.752],[154.877,3.768],[154.892,3.779],[154.894,3.763],[154.879,3.752]]],[[[154.789,3.792],[154.792,3.777],[154.774,3.766],[154.771,3.781],[154.789,3.792]]],[[[153.668,5.286],[153.672,5.298],[153.685,5.31],[153.668,5.286]]],[[[157.162,5.774],[157.161,5.776],[157.159,5.778],[157.162,5.774]]],[[[149.316,6.697],[149.316,6.704],[149.317,6.71],[149.316,6.697]]],[[[157.936,6.717],[157.939,6.727],[157.942,6.731],[157.949,6.732],[157.948,6.726],[157.946,6.723],[157.936,6.717]]],[[[151.857,7.317],[151.853,7.354],[151.855,7.37],[151.863,7.362],[151.866,7.351],[151.865,7.339],[151.862,7.327],[151.857,7.317]]],[[[149.186,7.372],[149.181,7.381],[149.187,7.382],[149.188,7.38],[149.187,7.376],[149.186,7.372]]],[[[150.407,8.576],[150.405,8.586],[150.409,8.585],[150.41,8.582],[150.408,8.579],[150.407,8.576]]],[[[149.669,8.575],[149.665,8.588],[149.668,8.604],[149.669,8.575]]],[[[150.118,8.976],[150.124,8.986],[150.127,8.987],[150.133,8.986],[150.131,8.981],[150.127,8.979],[150.123,8.978],[150.118,8.976]]],[[[140.514,9.768],[140.522,9.775],[140.531,9.776],[140.533,9.772],[140.525,9.764],[140.515,9.761],[140.514,9.768]]]]}},{"type":"Feature","properties":{"iso3":"VUT","name":"Vanuatu"},"geometry":{"type":"MultiPolygon","coordinates":[[[[169.84,-20.141],[169.861,-20.156],[169.876,-20.164],[169.84,-20.141]]],[[[169.502,-19.528],[169.417,-19.655],[169.213,-19.465],[169.337,-19.315],[169.502,-19.528]]],[[[169.337,-18.935],[168.987,-18.877],[168.982,-18.763],[169.118,-18.619],[169.337,-18.935]]],[[[168.585,-17.701],[168.484,-17.821],[168.151,-17.718],[168.323,-17.533],[168.585,-17.701]]],[[[168.205,-17.581],[168.208,-17.55],[168.239,-17.522],[168.205,-17.581]]],[[[168.323,-17.447],[168.327,-17.419],[168.339,-17.414],[168.323,-17.447]]],[[[168.391,-17.067],[168.386,-17.073],[168.382,-17.08],[168.391,-17.067]]],[[[168.559,-16.944],[168.543,-16.942],[168.533,-16.938],[168.559,-16.944]]],[[[168.12,-16.709],[168.185,-16.575],[168.481,-16.8],[168.192,-16.814],[168.12,-16.709]]],[[[168.33,-16.54],[168.316,-16.536],[168.308,-16.525],[168.33,-16.54]]],[[[168.213,-16.478],[168.223,-16.441],[168.234,-16.432],[168.213,-16.478]]],[[[167.913,-16.233],[168.172,-16.08],[168.33,-16.306],[168.14,-16.362],[167.913,-16.233]]],[[[167.844,-16.458],[167.459,-16.568],[167.375,-16.193],[167.144,-16.07],[167.185,-15.891],[167.336,-15.909],[167.844,-16.458]]],[[[167.072,-15.676],[167.237,-15.659],[167.206,-15.751],[167.072,-15.676]]],[[[167.157,-15.539],[167.176,-15.532],[167.19,-15.532],[167.157,-15.539]]],[[[168.27,-15.914],[168.192,-15.986],[168.12,-15.663],[168.177,-15.462],[168.27,-15.914]]],[[[167.673,-15.45],[168.003,-15.292],[167.862,-15.477],[167.673,-15.45]]],[[[167.123,-14.964],[167.101,-14.94],[167.096,-14.929],[167.123,-14.964]]],[[[168.091,-14.944],[168.194,-15.289],[168.131,-15.395],[168.091,-14.944]]],[[[166.523,-14.832],[166.598,-14.625],[166.813,-15.16],[167.083,-14.929],[167.247,-15.498],[166.771,-15.645],[166.523,-14.832]]],[[[167.603,-14.189],[167.537,-14.319],[167.397,-14.3],[167.448,-14.161],[167.603,-14.189]]],[[[167.389,-13.804],[167.489,-13.708],[167.59,-13.857],[167.464,-13.944],[167.389,-13.804]]],[[[167.703,-13.62],[167.712,-13.626],[167.716,-13.64],[167.703,-13.62]]],[[[167.329,-13.511],[167.337,-13.524],[167.347,-13.528],[167.329,-13.511]]],[[[166.575,-13.236],[166.591,-13.223],[166.612,-13.215],[166.575,-13.236]]],[[[166.575,-13.154],[166.569,-13.157],[166.568,-13.161],[166.575,-13.154]]],[[[166.673,-13.455],[166.658,-13.415],[166.674,-13.408],[166.689,-13.423],[166.673,-13.455]]]]}},{"type":"Feature","properties":{"iso3":"PLW","name":"Palau"},"geometry":{"type":"MultiPolygon","coordinates":[[[[134.271,7.075],[134.279,7.073],[134.283,7.069],[134.271,7.075]]],[[[134.464,7.294],[134.449,7.29],[134.451,7.282],[134.464,7.294]]],[[[134.471,7.362],[134.489,7.358],[134.512,7.347],[134.471,7.362]]],[[[134.663,7.639],[134.596,7.37],[134.483,7.446],[134.625,7.734],[134.663,7.639]]],[[[131.142,3.047],[131.161,3.059],[131.184,3.06],[131.142,3.047]]],[[[132.22,5.292],[132.214,5.307],[132.22,5.31],[132.227,5.304],[132.22,5.292]]],[[[134.16,6.884],[134.145,6.899],[134.137,6.919],[134.16,6.884]]],[[[131.792,2.978],[131.806,2.974],[131.813,2.96],[131.795,2.949],[131.779,2.953],[131.775,2.964],[131.785,2.974],[131.792,2.978]]],[[[134.71,8.097],[134.722,8.096],[134.727,8.083],[134.718,8.059],[134.701,8.05],[134.693,8.061],[134.693,8.076],[134.71,8.097]]]]}},{"type":"Feature","properties":{"iso3":"BHR","name":"Bahrain"},"geometry":{"type":"MultiPolygon","coordinates":[[[[50.646,26.146],[50.565,25.79],[50.449,26.162],[50.587,26.242],[50.646,26.146]]],[[[50.398,26.175],[50.408,26.172],[50.419,26.166],[50.398,26.175]]],[[[50.602,26.279],[50.633,26.287],[50.655,26.277],[50.602,26.279]]],[[[50.774,25.722],[50.783,25.72],[50.791,25.726],[50.774,25.722]]],[[[50.776,25.753],[50.783,25.756],[50.79,25.755],[50.791,25.749],[50.781,25.745],[50.776,25.753]]],[[[50.805,25.679],[50.82,25.679],[50.817,25.669],[50.808,25.664],[50.804,25.67],[50.802,25.675],[50.805,25.679]]],[[[50.793,25.652],[50.8,25.651],[50.812,25.65],[50.793,25.652]]]]}}]}
